date,spot_ret_0,spot_ret_1,spot_ret_2,spot_ret_3,spot_ret_4,spot_ret_5,rate_diff_0,rate_diff_1,rate_diff_2,rate_diff_3,rate_diff_4,rate_diff_5
2015-01-02,0.0000000000,0.0000000000,0.0000000000,0.0000000000,0.0000000000,0.0000000000,0.0600000000,0.0400000000,0.0250000000,0.0100000000,-0.0050000000,-0.0200000000
2015-01-05,-0.0014795432,0.0001913881,0.0012566949,-0.0034640924,0.0056830254,-0.0010585683,0.0598709188,0.0397962131,0.0249938074,0.0095884955,-0.0047023008,-0.0196116080
2015-01-06,-0.0041958051,0.0017979792,-0.0046994530,-0.0049081498,0.0049771048,-0.0009239300,0.0602634067,0.0400841973,0.0248974811,0.0098979186,-0.0050512731,-0.0190366531
2015-01-07,0.0045837700,-0.0014673639,0.0003350313,0.0040000375,-0.0001970606,-0.0032334294,0.0601462500,0.0398280170,0.0252312728,0.0101302762,-0.0048163794,-0.0184929476
2015-01-08,-0.0016239506,0.0033304707,-0.0015927710,0.0022155873,-0.0012401090,0.0004349759,0.0599947919,0.0398570069,0.0261045815,0.0103790812,-0.0047333401,-0.0178269672
2015-01-09,0.0036636410,-0.0049342736,-0.0005532062,-0.0017652661,-0.0036895924,0.0005032575,0.0597887182,0.0402007002,0.0260805327,0.0109731458,-0.0047652630,-0.0180684499
2015-01-12,0.0001922693,-0.0051035847,0.0019698087,-0.0060796561,0.0045316822,0.0022537806,0.0593344723,0.0402277707,0.0257342464,0.0111718725,-0.0040055909,-0.0180989435
2015-01-13,0.0039161282,-0.0001406096,0.0033366323,-0.0040824621,-0.0064900675,-0.0024309122,0.0603563236,0.0403860414,0.0260704666,0.0116008850,-0.0045808833,-0.0185840888
2015-01-14,0.0011455529,0.0001430027,0.0060745480,-0.0037062442,-0.0015403362,-0.0046225857,0.0604418199,0.0404555525,0.0264845737,0.0118037431,-0.0046493388,-0.0188371709
2015-01-15,0.0069771261,0.0024441285,-0.0032148444,0.0008839465,-0.0031873597,-0.0055126975,0.0598630373,0.0409015447,0.0265699776,0.0123312030,-0.0045187422,-0.0181218151
2015-01-16,0.0038811786,0.0041644290,0.0074992704,-0.0001409667,-0.0018875946,0.0028716260,0.0590448335,0.0412949820,0.0265197681,0.0133226588,-0.0045627232,-0.0185526909
2015-01-19,0.0075228779,-0.0009014981,0.0022722483,-0.0088661842,0.0002038025,0.0000734575,0.0585930613,0.0410315050,0.0265511364,0.0141168790,-0.0038826084,-0.0183325204
2015-01-20,-0.0013533754,-0.0027691219,-0.0045635714,0.0016672121,0.0006432137,0.0022429650,0.0586361466,0.0408462543,0.0260732511,0.0145913316,-0.0043833780,-0.0176510035
2015-01-21,0.0036493595,0.0067864577,-0.0001473002,0.0019746686,0.0004601236,-0.0097784164,0.0584059428,0.0409651987,0.0255022242,0.0145612713,-0.0040449235,-0.0180123170
2015-01-22,-0.0077996181,-0.0007797202,0.0017450810,0.0045541917,-0.0081988356,-0.0027261124,0.0589137217,0.0410114413,0.0248330774,0.0149294207,-0.0036685575,-0.0180799724
2015-01-23,-0.0031290481,-0.0009888170,0.0021506431,0.0031144506,-0.0028448074,-0.0005540056,0.0593407712,0.0412372327,0.0256566985,0.0156589996,-0.0040773891,-0.0174465551
2015-01-26,0.0096047150,-0.0032782178,0.0042507806,-0.0081233046,0.0034644232,-0.0036461313,0.0596920919,0.0420675322,0.0262435450,0.0155063963,-0.0038825731,-0.0173920894
2015-01-27,0.0000866201,0.0002594636,-0.0080688245,0.0042605708,0.0010752862,-0.0050484096,0.0602638819,0.0423537059,0.0264344508,0.0157709824,-0.0040898213,-0.0169286063
2015-01-28,-0.0002637454,-0.0002637303,0.0004925981,-0.0101189023,-0.0024532014,-0.0021832288,0.0608108258,0.0421444190,0.0272130760,0.0153511580,-0.0040657870,-0.0173010104
2015-01-29,-0.0032359951,0.0029502315,0.0020519425,0.0041120481,-0.0054812837,0.0033337864,0.0604800235,0.0422863114,0.0275682356,0.0151941478,-0.0036519467,-0.0168317283
2015-01-30,0.0001748914,-0.0036240563,0.0067647791,-0.0057288338,-0.0012555278,-0.0014246243,0.0608480617,0.0419125414,0.0275186279,0.0149900269,-0.0027476556,-0.0170734068
2015-02-02,0.0028544769,-0.0065010275,0.0030846087,-0.0004675938,0.0026001013,-0.0010093972,0.0605078358,0.0419875034,0.0271559018,0.0156341745,-0.0034739648,-0.0171427221
2015-02-03,0.0022900449,-0.0031623057,-0.0039432628,-0.0016532656,0.0057045433,0.0027178919,0.0607201080,0.0415868503,0.0268787132,0.0152945679,-0.0035985668,-0.0170201394
2015-02-04,-0.0043541626,0.0044981248,0.0040684761,-0.0038543048,0.0030811468,0.0011141275,0.0610026619,0.0413099242,0.0269057350,0.0155291428,-0.0030887332,-0.0171077753
2015-02-05,0.0036301398,-0.0037582852,0.0051659108,-0.0018882202,-0.0016009771,0.0089544924,0.0604642620,0.0414371172,0.0269660915,0.0151206552,-0.0027714534,-0.0165584590
2015-02-06,0.0058865265,0.0060615450,0.0018409917,0.0034308297,-0.0008062795,-0.0023181980,0.0605951712,0.0414685027,0.0262065627,0.0143856504,-0.0032884458,-0.0158978476
2015-02-09,0.0029952376,0.0002482694,0.0043896753,0.0046029254,-0.0046093611,0.0006263582,0.0612868945,0.0415571972,0.0259745651,0.0139769009,-0.0036450349,-0.0161780606
2015-02-10,-0.0019542804,-0.0049370416,-0.0064325872,0.0027397419,-0.0014202791,-0.0030321675,0.0610953649,0.0421725191,0.0260657746,0.0132728790,-0.0037577889,-0.0161902279
2015-02-11,-0.0020471706,0.0024024369,0.0002586464,-0.0033779134,-0.0094270091,-0.0056419331,0.0609589286,0.0417626490,0.0265225308,0.0129772523,-0.0041981881,-0.0160634857
2015-02-12,0.0034891052,0.0059606607,0.0060016933,-0.0016395805,0.0005317135,-0.0029319712,0.0610640826,0.0413205311,0.0276331443,0.0135892455,-0.0045512462,-0.0155856617
2015-02-13,-0.0005479891,-0.0015937263,0.0032092670,-0.0044130756,-0.0006024097,0.0006645245,0.0612148969,0.0407267973,0.0268095438,0.0129795798,-0.0041471394,-0.0152553771
2015-02-16,0.0042866319,0.0057866719,-0.0008584003,0.0031646910,0.0036186994,0.0039326675,0.0621990234,0.0408538017,0.0262850550,0.0133198576,-0.0043265347,-0.0155052404
2015-02-17,0.0009648576,0.0059860453,-0.0011249256,0.0027503860,-0.0071496323,-0.0044648525,0.0627825697,0.0411306308,0.0266842413,0.0134257068,-0.0039418901,-0.0156232689
2015-02-18,-0.0015707746,-0.0031301304,-0.0072686603,-0.0044643096,0.0006337812,-0.0001005909,0.0629595971,0.0416214197,0.0266171363,0.0129725421,-0.0032883099,-0.0156951296
2015-02-19,-0.0057165939,-0.0021023844,0.0020029916,-0.0049062591,-0.0036237017,-0.0094809297,0.0628452302,0.0413755113,0.0259850474,0.0134163595,-0.0041311895,-0.0158962074
2015-02-20,-0.0037064396,-0.0063182081,-0.0067661166,-0.0032140188,0.0038531359,0.0064836345,0.0623791133,0.0410189521,0.0266530825,0.0131038242,-0.0039850977,-0.0159689821
2015-02-23,0.0064643891,0.0055717882,0.0001091235,-0.0019560861,0.0029327032,0.0009186530,0.0621477289,0.0414558834,0.0261028767,0.0134214577,-0.0036776172,-0.0155009094
2015-02-24,-0.0007697769,-0.0031534183,-0.0054372652,-0.0045450754,0.0025068533,0.0017896452,0.0622874870,0.0417489793,0.0262019367,0.0134193108,-0.0036704864,-0.0153320287
2015-02-25,0.0022267551,-0.0052953566,0.0006322036,-0.0033360759,-0.0000985466,0.0031115212,0.0622381626,0.0419190758,0.0266657182,0.0133441742,-0.0033188717,-0.0154115560
2015-02-26,0.0058523861,-0.0076976786,0.0035298363,0.0063289699,0.0014016985,0.0018275897,0.0631446723,0.0417477722,0.0270126800,0.0131265475,-0.0037245971,-0.0152613995
2015-02-27,0.0073131935,-0.0038158517,-0.0007564290,-0.0030365063,0.0035675684,-0.0020573701,0.0635440116,0.0420748136,0.0275965587,0.0135311572,-0.0036755880,-0.0155276300
2015-03-02,0.0025543387,-0.0021498176,-0.0007940780,0.0012485068,-0.0033931252,0.0025744226,0.0626932322,0.0424005828,0.0284891754,0.0137413232,-0.0035926563,-0.0153615202
2015-03-03,-0.0010486609,-0.0007848217,-0.0020686227,-0.0037434444,-0.0044135114,-0.0008642284,0.0631574261,0.0423612397,0.0294078328,0.0134209137,-0.0028512011,-0.0156910948
2015-03-04,-0.0003869672,0.0023145585,0.0026736496,-0.0001254877,-0.0048679014,-0.0004490326,0.0632008387,0.0424700735,0.0288400446,0.0134050024,-0.0027419476,-0.0155214983
2015-03-05,-0.0050460547,-0.0030631416,0.0050048743,-0.0005199301,-0.0007771467,0.0011146858,0.0635210278,0.0426902233,0.0283573295,0.0137701407,-0.0032139714,-0.0153768964
2015-03-06,-0.0030562069,0.0025793001,-0.0026378204,-0.0055567349,-0.0067699175,0.0025457662,0.0632913815,0.0423520193,0.0278504133,0.0139648072,-0.0030847313,-0.0158232682
2015-03-09,0.0088627723,0.0025009183,-0.0019178278,0.0021901474,0.0075897984,-0.0060254732,0.0630997430,0.0432750261,0.0279828713,0.0143948540,-0.0028420072,-0.0162595428
2015-03-10,0.0006500099,0.0058502139,0.0042939523,-0.0031573029,-0.0007348488,0.0002921856,0.0626446730,0.0434279625,0.0280394443,0.0149805560,-0.0034747361,-0.0171759295
2015-03-11,0.0004987629,-0.0023705739,0.0063953364,0.0038239097,-0.0016707163,0.0029725379,0.0628806635,0.0439532345,0.0281061689,0.0156109176,-0.0036235461,-0.0171800284
2015-03-12,0.0001917212,-0.0004528886,0.0048390921,0.0013502803,0.0008500343,-0.0002157232,0.0632341651,0.0438213290,0.0283378000,0.0150139283,-0.0042359363,-0.0173729760
2015-03-13,0.0057249930,0.0024639940,0.0006896599,0.0001299411,0.0051398009,-0.0004021357,0.0629283111,0.0441614572,0.0283519957,0.0152672760,-0.0042864080,-0.0174096694
2015-03-16,0.0003578153,-0.0035664771,-0.0029480402,-0.0049756848,0.0055818757,0.0074945710,0.0633948859,0.0440908722,0.0278063804,0.0151454204,-0.0038192373,-0.0179260907
2015-03-17,-0.0006972020,0.0062916357,0.0110049415,0.0059358548,0.0032173903,-0.0018510435,0.0632926028,0.0440578342,0.0280103262,0.0144406033,-0.0033940879,-0.0180916996
2015-03-18,-0.0016189938,-0.0053127475,-0.0051027807,0.0038603130,-0.0014905245,0.0055854406,0.0630183834,0.0438763695,0.0281134931,0.0153178501,-0.0029293904,-0.0176627414
2015-03-19,0.0017627867,0.0075910790,-0.0067465400,-0.0012650985,0.0041390984,-0.0058693284,0.0632460412,0.0435238753,0.0277587354,0.0152976622,-0.0030492833,-0.0179663055
2015-03-20,-0.0007457505,0.0001948340,-0.0077039929,-0.0005066690,-0.0034134635,0.0029273661,0.0628056622,0.0436413947,0.0271687114,0.0158923615,-0.0030669965,-0.0179178553
2015-03-23,0.0060571796,-0.0033324872,-0.0001540028,0.0007083963,0.0075019795,0.0026323343,0.0631937307,0.0445760989,0.0275978529,0.0163776581,-0.0027497026,-0.0179710637
2015-03-24,-0.0052461593,0.0024546400,0.0045984687,-0.0013972862,-0.0040003330,0.0016848209,0.0636145867,0.0448222560,0.0280481619,0.0162724238,-0.0026546654,-0.0177853642
2015-03-25,0.0082170484,-0.0015592254,-0.0015898991,0.0006082359,0.0027401590,0.0038207473,0.0632009924,0.0447066912,0.0281954968,0.0166155877,-0.0030517193,-0.0178505568
2015-03-26,-0.0023736674,-0.0019444671,0.0011368319,0.0003081280,0.0025966531,0.0011629519,0.0633670377,0.0448331591,0.0282053334,0.0166956541,-0.0026106028,-0.0180315259
2015-03-27,-0.0060546560,-0.0031777273,0.0051927012,0.0023648513,-0.0023212029,0.0052511642,0.0632162532,0.0447931432,0.0282316470,0.0168778357,-0.0025063716,-0.0178474800
2015-03-30,-0.0021448719,0.0043011965,0.0026434112,-0.0001466988,-0.0041422614,-0.0063722812,0.0631491070,0.0447159248,0.0277861501,0.0170331772,-0.0032770994,-0.0177704131
2015-03-31,-0.0039400043,-0.0058873249,0.0049689984,-0.0051783933,-0.0014209647,-0.0014495740,0.0630352166,0.0446194582,0.0273593582,0.0167940262,-0.0029716020,-0.0173309183
2015-04-01,-0.0034153565,0.0073429023,0.0032241421,-0.0056889124,0.0063648095,0.0038649576,0.0631079437,0.0443965535,0.0276913797,0.0175897963,-0.0030625021,-0.0177918229
2015-04-02,-0.0031044685,0.0014821774,-0.0035001050,0.0006242354,-0.0038665154,0.0049942527,0.0631961544,0.0441145391,0.0276139184,0.0173681267,-0.0028494286,-0.0178218965
2015-04-03,0.0007176063,-0.0060866436,0.0031746445,-0.0061053852,0.0043588991,0.0002562889,0.0639051144,0.0435627365,0.0281567297,0.0176294062,-0.0032787148,-0.0177647862
2015-04-06,-0.0018199041,0.0025947682,-0.0014008043,-0.0020404642,-0.0017830801,-0.0016719043,0.0641896195,0.0440367630,0.0287318778,0.0173534911,-0.0029579797,-0.0172021424
2015-04-07,0.0045818692,0.0026763876,0.0051501797,-0.0009343669,0.0064959038,-0.0028861725,0.0644989217,0.0441934990,0.0292736320,0.0173740217,-0.0026071492,-0.0175840538
2015-04-08,0.0006363480,-0.0047460047,-0.0067064408,-0.0006046327,0.0003599879,-0.0083724601,0.0643789799,0.0444716543,0.0292046085,0.0171890326,-0.0021315010,-0.0170792851
2015-04-09,0.0000173614,0.0049980735,0.0053774183,-0.0010083682,0.0028433868,0.0042257872,0.0639092773,0.0442266490,0.0292106946,0.0169523876,-0.0021579909,-0.0172417314
2015-04-10,-0.0014397774,-0.0038502116,-0.0010832303,0.0060481402,0.0006326563,0.0072312950,0.0640881015,0.0443248097,0.0284203472,0.0171741428,-0.0016588607,-0.0173076646
2015-04-13,-0.0003997214,-0.0101460754,0.0030716593,0.0087601914,-0.0018752415,-0.0042925999,0.0638135424,0.0442771053,0.0283897203,0.0165849732,-0.0028443168,-0.0176015641
2015-04-14,-0.0008135962,-0.0015454002,0.0075505433,0.0050494101,-0.0019129800,0.0038930110,0.0630668457,0.0443571686,0.0284651645,0.0173211467,-0.0028952335,-0.0181561062
2015-04-15,0.0038480379,0.0042324588,-0.0001852147,0.0042234937,0.0060534865,0.0002496993,0.0623569956,0.0441798271,0.0283276939,0.0174737044,-0.0029729983,-0.0176509213
2015-04-16,-0.0032883856,0.0039841929,-0.0022201747,-0.0024567158,-0.0028466240,0.0024320657,0.0628331197,0.0441945463,0.0287285248,0.0171925190,-0.0032598187,-0.0175144607
2015-04-17,-0.0011728596,-0.0005620941,-0.0012736178,0.0019712123,0.0007720554,0.0002725931,0.0631991695,0.0445694294,0.0284147512,0.0166526140,-0.0038317569,-0.0173592688
2015-04-20,0.0023180635,0.0008402917,-0.0059027902,0.0017424318,-0.0023991048,-0.0033376067,0.0627334548,0.0447290495,0.0277640140,0.0174430717,-0.0045320132,-0.0173045220
2015-04-21,0.0013745005,-0.0027297441,0.0006410705,-0.0088037585,0.0000989998,-0.0000764977,0.0628805381,0.0443883516,0.0280287977,0.0182212733,-0.0041073999,-0.0169239119
2015-04-22,0.0061026090,-0.0086807608,-0.0013963948,-0.0049399818,-0.0027762229,-0.0023065034,0.0627529184,0.0446492993,0.0285556858,0.0180937396,-0.0048079734,-0.0172131223
2015-04-23,-0.0000702664,-0.0048755746,-0.0014557530,-0.0049580201,-0.0003397259,-0.0045721316,0.0629808335,0.0442668008,0.0292531305,0.0188894286,-0.0050734690,-0.0174104917
2015-04-24,-0.0006835661,0.0055024931,0.0048293041,0.0025051704,0.0005027287,-0.0012304766,0.0629720323,0.0442386617,0.0293087577,0.0190172498,-0.0047021849,-0.0172469626
2015-04-27,0.0000481601,0.0007213753,-0.0062470185,-0.0035192095,0.0015976876,0.0009554128,0.0629570717,0.0446045558,0.0297770029,0.0195843830,-0.0048397149,-0.0172873471
2015-04-28,0.0054766525,-0.0053567716,-0.0014711501,0.0048241457,-0.0061672953,0.0027878416,0.0625482445,0.0441469088,0.0302880506,0.0195675671,-0.0048893211,-0.0177210688
2015-04-29,0.0039322252,0.0019127824,-0.0009313990,-0.0072423159,-0.0008523253,0.0005152467,0.0621934484,0.0448260601,0.0304185552,0.0191996612,-0.0050207441,-0.0172020301
2015-04-30,-0.0036535475,-0.0056802139,-0.0057871430,0.0024528104,0.0014236552,-0.0003086247,0.0617737523,0.0453635918,0.0295599600,0.0198881209,-0.0040638369,-0.0173659385
2015-05-01,-0.0004528053,0.0084342682,-0.0039795034,0.0000825905,-0.0012169487,0.0071738566,0.0611742477,0.0453751264,0.0294597255,0.0199984310,-0.0042577006,-0.0172347302
2015-05-04,-0.0019858460,0.0020733073,-0.0020834031,-0.0021576604,0.0006575985,0.0019207179,0.0608903284,0.0452703128,0.0303801005,0.0199331731,-0.0036165760,-0.0167812868
2015-05-05,0.0037874223,0.0039636929,-0.0034614028,-0.0063237194,-0.0012324820,-0.0013138454,0.0613919021,0.0451325192,0.0304064456,0.0198221635,-0.0042693024,-0.0171330020
2015-05-06,-0.0014216708,-0.0009460974,-0.0009317148,0.0036038972,-0.0014893560,-0.0030373024,0.0614814047,0.0448037953,0.0302818527,0.0200582345,-0.0047604117,-0.0173136840
2015-05-07,-0.0017789228,0.0072194645,0.0032686648,-0.0054997311,0.0049814614,-0.0005289396,0.0612522483,0.0450198308,0.0302638013,0.0201525808,-0.0046930332,-0.0171680897
2015-05-08,-0.0006511025,0.0008791975,-0.0043363905,-0.0006208752,-0.0000467816,-0.0020086995,0.0610149293,0.0446811089,0.0300427871,0.0199750063,-0.0053947346,-0.0167954274
2015-05-11,0.0058958988,0.0019532212,-0.0029749274,-0.0087578442,0.0013048232,0.0038625446,0.0611443800,0.0450832938,0.0301268450,0.0200952020,-0.0050905624,-0.0165147262
2015-05-12,0.0008510110,0.0010176340,0.0079732507,0.0014422206,-0.0075438352,-0.0026938548,0.0608139035,0.0449848549,0.0293538081,0.0197891132,-0.0054107706,-0.0155889170
2015-05-13,0.0061614068,0.0022544360,0.0013127025,0.0045540407,0.0015136552,-0.0044056449,0.0605062733,0.0446973296,0.0288123489,0.0195292615,-0.0050957714,-0.0156997096
2015-05-14,-0.0056847066,0.0037389971,-0.0030247360,-0.0037117748,0.0020107824,-0.0035456444,0.0595298025,0.0449987152,0.0288586316,0.0192936463,-0.0048992889,-0.0166449735
2015-05-15,-0.0020227465,0.0016879398,0.0026989059,0.0012146700,0.0063327950,-0.0035504209,0.0595332509,0.0447187525,0.0289885908,0.0194008578,-0.0047256330,-0.0164820939
2015-05-18,-0.0013949255,0.0003070792,0.0025669369,0.0041171522,-0.0046300268,-0.0017655893,0.0596227105,0.0448455978,0.0288455268,0.0190311731,-0.0047904764,-0.0163810760
2015-05-19,0.0005975851,0.0067738367,-0.0027703465,-0.0045729464,0.0005368535,-0.0019606230,0.0599817397,0.0454331274,0.0288952859,0.0184015837,-0.0048359013,-0.0168938184
2015-05-20,0.0001287943,0.0035452074,-0.0026270971,0.0057122857,0.0035227117,-0.0012874432,0.0588777703,0.0454198780,0.0293955319,0.0188160342,-0.0045723461,-0.0167209881
2015-05-21,-0.0012673072,0.0003431132,0.0024726113,0.0057857273,0.0033474933,0.0023604001,0.0585162517,0.0461731628,0.0289774957,0.0193686599,-0.0044953821,-0.0172425840
2015-05-22,0.0029526865,0.0009428162,0.0044141600,-0.0041300162,0.0001565978,-0.0083076784,0.0589368833,0.0457749180,0.0288297918,0.0193006028,-0.0047667753,-0.0172512495
2015-05-25,0.0011515266,-0.0002526211,0.0094652874,0.0032130915,-0.0023382795,-0.0133581485,0.0589621231,0.0448817333,0.0282986238,0.0192497212,-0.0047477731,-0.0176135177
2015-05-26,-0.0020843883,0.0055807372,0.0041511347,0.0009635550,0.0008437924,0.0060647491,0.0590197544,0.0451585668,0.0283699258,0.0195901272,-0.0049293304,-0.0177641506
2015-05-27,0.0007233937,-0.0100605679,0.0038865717,-0.0053410980,-0.0011942396,0.0014509760,0.0593055976,0.0449853786,0.0284583418,0.0197544573,-0.0050865980,-0.0187087839
2015-05-28,0.0091643551,-0.0024759850,0.0083692046,0.0062547307,0.0062165488,-0.0007963562,0.0592251007,0.0450825773,0.0286988149,0.0196510864,-0.0053544028,-0.0189376528
2015-05-29,0.0006769463,0.0010903801,0.0003086396,0.0048856524,0.0001837657,0.0036029642,0.0586583339,0.0450002315,0.0286863684,0.0189655844,-0.0058750129,-0.0195685105
2015-06-01,0.0029704969,-0.0016954156,-0.0072402571,-0.0051411177,0.0038617023,-0.0018419373,0.0583912997,0.0446529360,0.0284960647,0.0192840695,-0.0058369472,-0.0194567892
2015-06-02,0.0001567048,0.0004750433,0.0065883079,0.0053700260,0.0015179396,-0.0062169025,0.0579835758,0.0448762954,0.0277953484,0.0190674719,-0.0062842050,-0.0193344711
2015-06-03,-0.0005693644,-0.0015189499,-0.0033375246,0.0048866083,0.0024356768,-0.0042155945,0.0575531065,0.0453247370,0.0271233024,0.0190979648,-0.0055369877,-0.0193803110
2015-06-04,0.0011820713,-0.0011174109,-0.0056027668,-0.0090639331,-0.0012352766,0.0032777058,0.0574388977,0.0459005567,0.0278631937,0.0186086898,-0.0054482930,-0.0190865158
2015-06-05,0.0094801615,-0.0026424403,0.0055533336,0.0028400458,-0.0011537265,-0.0067080213,0.0576439858,0.0464254687,0.0283218193,0.0183259740,-0.0053440210,-0.0187889221
2015-06-08,-0.0058688209,0.0019855068,0.0036283845,0.0000135424,0.0063631336,-0.0099187610,0.0572317699,0.0459031304,0.0285173304,0.0184537953,-0.0049719585,-0.0194036058
2015-06-09,-0.0007451250,0.0050284902,-0.0029742847,-0.0060574374,-0.0051313663,-0.0021162121,0.0565398535,0.0462517450,0.0286186346,0.0191029803,-0.0052288783,-0.0195912627
2015-06-10,-0.0010679574,-0.0006182219,-0.0038024282,0.0101670798,0.0003851284,0.0022011981,0.0565587463,0.0463254365,0.0286799150,0.0186991013,-0.0054298194,-0.0193369285
2015-06-11,0.0028507235,-0.0055591316,-0.0026042801,0.0039243568,-0.0023997661,-0.0007745953,0.0564102457,0.0459171323,0.0284898825,0.0184841731,-0.0054698631,-0.0205961877
2015-06-12,0.0015920126,-0.0047277639,-0.0063989693,-0.0008432036,0.0064801003,0.0052931944,0.0567955742,0.0454150555,0.0289363980,0.0188881011,-0.0046788047,-0.0204663626
2015-06-15,0.0019343140,0.0070725653,0.0047017227,0.0001474944,-0.0065105968,0.0028186023,0.0570081383,0.0455376257,0.0289150935,0.0187351129,-0.0043382610,-0.0206612519
2015-06-16,0.0094044078,-0.0003942104,0.0024171773,0.0017769349,-0.0083008355,-0.0078125040,0.0568882708,0.0457637780,0.0290830242,0.0195254316,-0.0043969960,-0.0205287962
2015-06-17,0.0038978722,-0.0072214762,-0.0058979133,0.0010656056,0.0028238382,-0.0009388146,0.0568739367,0.0453656038,0.0290481011,0.0195786603,-0.0049257171,-0.0210360923
2015-06-18,0.0068776254,-0.0008623957,0.0014845440,0.0036017365,0.0006681628,-0.0078317163,0.0565051073,0.0448060017,0.0282426069,0.0199562933,-0.0048332398,-0.0204691506
2015-06-19,0.0022882130,0.0029456729,-0.0016964645,0.0046842568,-0.0021832409,0.0043997866,0.0570132378,0.0452102394,0.0288562796,0.0202984501,-0.0046072142,-0.0213047960
2015-06-22,-0.0008263312,0.0032339104,0.0023571771,-0.0003097138,-0.0050565054,0.0012400107,0.0563475448,0.0457813599,0.0291915621,0.0203706074,-0.0047974386,-0.0209603640
2015-06-23,-0.0021535325,0.0055820385,-0.0055769443,-0.0058330262,-0.0045985189,0.0033790492,0.0567071329,0.0453924134,0.0294140039,0.0200342717,-0.0047746693,-0.0212015871
2015-06-24,-0.0020679932,0.0051678456,0.0016799684,-0.0009044670,-0.0038240901,-0.0029869674,0.0571602734,0.0452292899,0.0293530841,0.0200081502,-0.0048911506,-0.0207199526
2015-06-25,0.0037707546,0.0030098792,-0.0008881282,-0.0009603365,0.0033114677,-0.0048840763,0.0571329940,0.0444978410,0.0299590365,0.0203245862,-0.0045422013,-0.0208157763
2015-06-26,0.0058749776,-0.0005270978,0.0028647249,-0.0004401334,-0.0019627624,0.0038250231,0.0570263351,0.0445904564,0.0297855808,0.0204030144,-0.0045573458,-0.0203517217
2015-06-29,0.0004947064,-0.0049019356,0.0056920637,-0.0097963824,-0.0029405509,0.0083593862,0.0573110786,0.0444586948,0.0295797674,0.0197246260,-0.0047974241,-0.0201890237
2015-06-30,-0.0001775918,0.0009494132,-0.0055542746,-0.0059863508,0.0069182218,0.0007789181,0.0574195088,0.0455045600,0.0289461436,0.0196719447,-0.0054100405,-0.0201746194
2015-07-01,-0.0099647306,-0.0035206438,0.0020163423,-0.0016007610,-0.0014588349,0.0081788170,0.0576674001,0.0455125846,0.0288591765,0.0196387277,-0.0058298825,-0.0194223260
2015-07-02,0.0048423539,0.0011168674,-0.0017340164,0.0050444078,-0.0046910258,-0.0007372376,0.0579108287,0.0457099512,0.0292934876,0.0188088031,-0.0066464710,-0.0195678484
2015-07-03,-0.0036238907,-0.0034947387,-0.0014878687,-0.0000320890,0.0106573856,-0.0022210026,0.0577275292,0.0455184215,0.0297600401,0.0188801559,-0.0059996165,-0.0192173597
2015-07-06,0.0049395135,0.0008618829,0.0000556693,0.0096901068,0.0020117881,-0.0003753263,0.0571909657,0.0457091284,0.0296696293,0.0183458805,-0.0060053338,-0.0194455720
2015-07-07,0.0007852120,0.0010111713,-0.0045776170,-0.0048679920,0.0025706984,0.0002022438,0.0568359949,0.0457940173,0.0291730311,0.0183421136,-0.0059446862,-0.0191998079
2015-07-08,-0.0056270131,-0.0010114418,-0.0009832157,-0.0060781051,-0.0038637720,0.0010920850,0.0578248774,0.0460206794,0.0291424613,0.0184636710,-0.0056216474,-0.0192318857
2015-07-09,0.0015112547,0.0003177931,-0.0052500766,0.0037468473,-0.0040881255,0.0039293640,0.0574373510,0.0460838086,0.0289855052,0.0185103376,-0.0057019877,-0.0187972152
2015-07-10,0.0088586277,-0.0053331083,0.0000871184,0.0047848982,-0.0062341761,0.0009868836,0.0573737476,0.0457131760,0.0288136752,0.0182179860,-0.0057547765,-0.0190141658
2015-07-13,-0.0017348072,-0.0016233143,-0.0038536487,-0.0053670209,-0.0004328024,0.0029258049,0.0576782075,0.0461669783,0.0291167026,0.0179714844,-0.0055221326,-0.0185246824
2015-07-14,0.0002356423,-0.0025896320,-0.0030093434,0.0036451133,0.0011210893,0.0027951520,0.0580160033,0.0457261743,0.0297252639,0.0174485590,-0.0050129072,-0.0182338394
2015-07-15,0.0013158118,-0.0024669091,-0.0001365172,-0.0006962041,-0.0043820551,-0.0019346943,0.0577113072,0.0456652603,0.0295681780,0.0175257480,-0.0047483712,-0.0183637229
2015-07-16,0.0067177018,-0.0020198237,0.0020886718,-0.0015691547,0.0010433133,0.0005864622,0.0568679928,0.0454381175,0.0298777843,0.0180748807,-0.0047527840,-0.0184418121
2015-07-17,0.0025664943,-0.0000589403,-0.0043098798,0.0035080521,0.0007892182,0.0032103842,0.0570040244,0.0456026490,0.0296099742,0.0180166050,-0.0046423645,-0.0191953222
2015-07-20,0.0001158551,-0.0028588711,-0.0075271527,0.0090137471,-0.0032531470,0.0000527966,0.0567616470,0.0451455224,0.0292899915,0.0182857075,-0.0050424510,-0.0198268202
2015-07-21,-0.0001660604,0.0024307379,-0.0018463233,0.0003168007,0.0048463161,0.0007132606,0.0568504726,0.0448248202,0.0288319392,0.0185565135,-0.0043519221,-0.0197573242
2015-07-22,0.0040485639,0.0009347886,-0.0046558622,-0.0013304864,0.0029736755,0.0010153674,0.0567463804,0.0448908337,0.0288522820,0.0181146121,-0.0049083021,-0.0195037931
2015-07-23,0.0029114768,0.0056393693,-0.0053759047,-0.0008728301,-0.0038214117,0.0011284843,0.0565983307,0.0449718885,0.0293277396,0.0172077722,-0.0050214741,-0.0201310555
2015-07-24,0.0005768660,0.0065144189,0.0022593409,0.0006694933,-0.0042483113,0.0027576357,0.0573359646,0.0452894936,0.0293657302,0.0165182772,-0.0050424510,-0.0197807872
2015-07-27,0.0013931071,-0.0029176756,-0.0016651796,0.0019290578,0.0052034482,-0.0051319218,0.0579875600,0.0454710469,0.0294393975,0.0163784050,-0.0047611243,-0.0203095432
2015-07-28,-0.0012332328,-0.0038444508,0.0014037541,0.0016226762,-0.0052826081,-0.0100315033,0.0574992460,0.0448844457,0.0290447183,0.0161805716,-0.0043379636,-0.0206055911
2015-07-29,0.0018694505,-0.0047268708,0.0015876920,0.0038388257,0.0038890640,-0.0063288045,0.0570852202,0.0440413664,0.0284941878,0.0164774954,-0.0049168947,-0.0215326881
2015-07-30,-0.0001977929,0.0003477568,-0.0024479941,-0.0025862131,0.0056662507,-0.0025615977,0.0568366880,0.0438448281,0.0278292012,0.0161020447,-0.0048022151,-0.0218567147
2015-07-31,-0.0008440845,-0.0006506958,0.0027952011,-0.0000617982,-0.0001518132,0.0026837923,0.0565185458,0.0435738402,0.0273806434,0.0162763309,-0.0048757169,-0.0218113127
2015-08-03,0.0010700099,0.0026228245,-0.0050954699,0.0009712552,0.0006812741,0.0042609540,0.0566211834,0.0438422126,0.0268698414,0.0159104423,-0.0046094661,-0.0223536280
2015-08-04,0.0049468329,-0.0012199017,-0.0003067206,-0.0001264361,-0.0052025815,-0.0030145438,0.0568444007,0.0447410839,0.0276622136,0.0160196483,-0.0047733934,-0.0226455353
2015-08-05,0.0016895691,0.0012419896,-0.0041065092,0.0010498142,0.0057127385,0.0020113537,0.0558760688,0.0445900084,0.0279980454,0.0156777238,-0.0048680636,-0.0222132705
2015-08-06,-0.0027011920,0.0006051114,-0.0011989965,0.0063992049,-0.0005020446,0.0040734887,0.0554888904,0.0439677401,0.0282431123,0.0157366471,-0.0045846029,-0.0226146234
2015-08-07,0.0027294442,0.0008268290,0.0020513597,0.0000279725,0.0034133813,-0.0029694463,0.0560216449,0.0440738011,0.0279592790,0.0154355402,-0.0050255051,-0.0232249981
2015-08-10,-0.0018297089,0.0046236873,-0.0099900884,0.0034308854,0.0022226473,-0.0085249333,0.0558652170,0.0441471415,0.0273729345,0.0156412484,-0.0053097567,-0.0240173151
2015-08-11,0.0057822364,0.0022885019,0.0016635891,0.0038206490,0.0029998012,0.0034088785,0.0554213932,0.0440663768,0.0272497686,0.0156729450,-0.0053883646,-0.0235936486
2015-08-12,0.0019750165,-0.0056708760,-0.0028594346,-0.0005351967,-0.0042501733,0.0071223659,0.0556671821,0.0434239823,0.0265800800,0.0155549628,-0.0051673430,-0.0239048051
2015-08-13,0.0030412939,0.0054413230,0.0028693105,0.0013115165,0.0018697109,-0.0023606067,0.0559402955,0.0434465249,0.0264297701,0.0156724793,-0.0054673657,-0.0245894779
2015-08-14,-0.0036051083,0.0027228974,0.0024612761,-0.0039427150,-0.0037307595,0.0032941537,0.0553621210,0.0441067615,0.0267003806,0.0153199650,-0.0056349830,-0.0244494148
2015-08-17,0.0024427456,0.0051047774,0.0029463226,0.0034478423,-0.0042647593,-0.0035587166,0.0553094585,0.0440345024,0.0261490294,0.0158727118,-0.0062106743,-0.0239635750
2015-08-18,0.0020661343,-0.0051927775,-0.0012334840,-0.0008075723,-0.0012733088,-0.0020824951,0.0555367858,0.0445656583,0.0259570478,0.0155988273,-0.0051984238,-0.0237568114
2015-08-19,0.0038815050,0.0065055250,-0.0043958965,-0.0014492190,0.0109670346,0.0053700552,0.0545374251,0.0445694509,0.0258248908,0.0153104301,-0.0055640517,-0.0240816259
2015-08-20,-0.0072787462,0.0039802894,0.0021729072,-0.0029948391,-0.0025255393,-0.0071895422,0.0542810711,0.0444174916,0.0248243944,0.0150906308,-0.0054234895,-0.0242532829
2015-08-21,0.0038771140,-0.0021185660,0.0010282536,0.0073701765,-0.0070589397,0.0055903149,0.0544205391,0.0439226996,0.0251458867,0.0153340065,-0.0052040133,-0.0240058215
2015-08-24,-0.0048973694,0.0064641414,0.0080295202,0.0053975881,-0.0019285604,0.0009301241,0.0540508274,0.0443650084,0.0248690906,0.0158720690,-0.0061238426,-0.0231488455
2015-08-25,0.0045292042,-0.0013181271,-0.0006936287,-0.0036028744,0.0029211849,-0.0037478622,0.0539709828,0.0444998741,0.0246889371,0.0151478051,-0.0062926408,-0.0234821941
2015-08-26,0.0078639236,-0.0079000140,0.0035472263,0.0032279356,-0.0030607493,0.0044448017,0.0539403132,0.0450176168,0.0249950360,0.0149572558,-0.0052767386,-0.0234982230
2015-08-27,-0.0025473827,0.0002923050,0.0036697228,0.0053533615,-0.0003726421,0.0095374389,0.0539896103,0.0446331091,0.0252903943,0.0147107350,-0.0049863592,-0.0232638359
2015-08-28,-0.0031507797,0.0058706750,-0.0036517340,0.0051110360,0.0029809273,0.0033372139,0.0532247679,0.0441888615,0.0257718034,0.0153989349,-0.0045605390,-0.0225946062
2015-08-31,0.0013187080,0.0061194242,-0.0034457915,0.0020369897,-0.0007748773,0.0022174993,0.0529054862,0.0439649777,0.0261054353,0.0154389097,-0.0049581558,-0.0222207064
2015-09-01,0.0037727515,0.0014975382,0.0052938353,0.0029346901,0.0069984411,-0.0011735323,0.0531335801,0.0436237171,0.0261766015,0.0148736765,-0.0047202363,-0.0222817270
2015-09-02,-0.0024469068,-0.0014161174,0.0052588411,-0.0045683441,0.0009753895,-0.0061098650,0.0534250871,0.0438714208,0.0268131311,0.0143999163,-0.0049065735,-0.0227402927
2015-09-03,-0.0001683854,0.0029262407,0.0051572346,-0.0008116645,0.0055098376,-0.0056585165,0.0537168377,0.0439329213,0.0268350722,0.0138924641,-0.0044907370,-0.0232448516
2015-09-04,-0.0021101418,0.0042731711,-0.0040728822,-0.0027848862,-0.0010904544,-0.0030923157,0.0533881732,0.0434362027,0.0267566886,0.0137068377,-0.0045093360,-0.0230413443
2015-09-07,-0.0010369459,0.0072050078,0.0004757457,0.0010844458,-0.0002984475,-0.0036743491,0.0537736427,0.0434475388,0.0267248572,0.0133938461,-0.0051058042,-0.0237047346
2015-09-08,0.0015378823,-0.0000433631,-0.0083293469,-0.0042117693,0.0086058192,0.0084809093,0.0532970619,0.0437700944,0.0270238122,0.0137714762,-0.0049693064,-0.0235287962
2015-09-09,-0.0082803748,0.0002432069,0.0015017383,-0.0123967116,0.0034076156,0.0021553657,0.0532365912,0.0438736506,0.0271617164,0.0132845683,-0.0044832404,-0.0233107894
2015-09-10,0.0018916785,-0.0032756354,-0.0086513691,0.0000265081,-0.0032519126,-0.0060518938,0.0535242152,0.0442596980,0.0272943750,0.0131930525,-0.0041276921,-0.0225362219
2015-09-11,0.0004077803,0.0008789908,-0.0013104716,-0.0003318784,0.0096957582,-0.0008524204,0.0532701957,0.0443128183,0.0272657461,0.0140042544,-0.0035696161,-0.0227033461
2015-09-14,-0.0054674905,-0.0014965652,-0.0058043195,0.0010765553,-0.0011271713,0.0010573694,0.0532952438,0.0437060649,0.0264576896,0.0134357547,-0.0034956724,-0.0224813818
2015-09-15,-0.0041701358,0.0029731164,-0.0003799943,0.0061292467,0.0017110660,-0.0083227585,0.0538526673,0.0445641025,0.0261913803,0.0134637135,-0.0031183974,-0.0217494232
2015-09-16,0.0006088724,-0.0042224497,-0.0056732319,0.0052103710,0.0017695055,0.0038354021,0.0536908718,0.0447606562,0.0267582716,0.0137250033,-0.0035505572,-0.0223313052
2015-09-17,0.0027395328,-0.0042797366,0.0015142699,0.0021139855,0.0069879497,-0.0024373360,0.0532875273,0.0455492358,0.0271523675,0.0144477453,-0.0034134889,-0.0222762710
2015-09-18,0.0030172256,-0.0055481323,0.0051693529,-0.0011498738,0.0013511139,-0.0070620485,0.0537074011,0.0453459639,0.0280533857,0.0147271951,-0.0035647073,-0.0223388806
2015-09-21,-0.0036709715,0.0017060282,0.0063297485,-0.0147012671,-0.0002787407,0.0003919140,0.0532723255,0.0454004770,0.0279368392,0.0151686075,-0.0033325787,-0.0217542889
2015-09-22,0.0019867348,-0.0028855534,0.0007753399,0.0026580649,0.0031118528,0.0072482807,0.0529713749,0.0453409623,0.0280528153,0.0157135768,-0.0030388874,-0.0223059177
2015-09-23,-0.0119282765,-0.0030338184,-0.0062135121,-0.0095222596,0.0060844282,0.0058567129,0.0529516442,0.0457276450,0.0284135343,0.0155851520,-0.0028563179,-0.0217873362
2015-09-24,-0.0052621864,-0.0023974232,0.0051703620,-0.0003356336,-0.0016301681,-0.0014193595,0.0531797719,0.0453262330,0.0283310217,0.0155104069,-0.0030511993,-0.0218802455
2015-09-25,0.0002525605,-0.0022627285,-0.0028202154,-0.0014061959,0.0036284489,0.0010398719,0.0530204232,0.0455982175,0.0279731273,0.0153518021,-0.0032225316,-0.0221255285
2015-09-28,0.0059206243,0.0017873859,0.0002207862,0.0032765324,-0.0044032392,-0.0023728803,0.0526687777,0.0459053082,0.0277739303,0.0152815241,-0.0039228429,-0.0219957595
2015-09-29,-0.0035321188,-0.0026116043,-0.0006441695,-0.0032930456,-0.0039663110,-0.0000519649,0.0527980603,0.0454773415,0.0276136471,0.0155198616,-0.0048439591,-0.0218465559
2015-09-30,-0.0065888554,-0.0091428348,0.0048789254,0.0040207554,0.0066049414,0.0019531478,0.0534087458,0.0451191101,0.0278973350,0.0152547016,-0.0050520568,-0.0218381703
2015-10-01,0.0062806936,-0.0029819988,-0.0009098737,0.0010277176,-0.0071734913,0.0016340639,0.0533395751,0.0455938944,0.0278207730,0.0151623524,-0.0059262345,-0.0217169837
2015-10-02,0.0095744815,0.0027124622,-0.0126861285,0.0023083093,0.0063225357,0.0077907294,0.0533321829,0.0460339356,0.0273999049,0.0158238076,-0.0062983555,-0.0219067806
2015-10-05,-0.0039603785,0.0009705517,-0.0047601185,-0.0036638551,-0.0008311687,-0.0037119720,0.0528533747,0.0460787435,0.0272979954,0.0160416838,-0.0052438175,-0.0219050022
2015-10-06,-0.0007000847,0.0027003164,-0.0020257779,0.0008288849,0.0003870767,0.0031416107,0.0531493682,0.0460112152,0.0269823771,0.0153722401,-0.0058368395,-0.0218476587
2015-10-07,0.0014031470,0.0041767754,-0.0028483242,-0.0109603110,0.0017771616,0.0055858207,0.0529004428,0.0465355613,0.0270168022,0.0160374798,-0.0052968769,-0.0218692599
2015-10-08,-0.0047970672,0.0001394197,0.0012015156,-0.0006192515,0.0003823484,-0.0024960422,0.0530510394,0.0468377628,0.0268121135,0.0165105108,-0.0055368817,-0.0220325771
2015-10-09,0.0006269467,0.0003949502,-0.0047770482,-0.0050831218,0.0025425822,0.0057397893,0.0538260799,0.0468337655,0.0273857419,0.0164599794,-0.0054988992,-0.0212883493
2015-10-12,0.0025618693,0.0035579835,0.0033176325,0.0052021889,-0.0069026068,-0.0062004497,0.0538153356,0.0465370356,0.0268487672,0.0160906389,-0.0064764602,-0.0211092087
2015-10-13,-0.0026799531,0.0087072460,0.0030007380,-0.0025586664,-0.0032897964,-0.0055448943,0.0528975797,0.0462855708,0.0274362949,0.0163895175,-0.0063592496,-0.0206688003
2015-10-14,-0.0000422101,0.0036418772,0.0054984289,-0.0028702350,-0.0013879068,-0.0032407814,0.0532070928,0.0454957109,0.0278340532,0.0167151577,-0.0064848127,-0.0201310736
2015-10-15,-0.0071050984,0.0007086760,0.0019629514,0.0045587609,0.0069136661,-0.0031669053,0.0542588572,0.0457147256,0.0272053239,0.0168801648,-0.0066642806,-0.0208469836
2015-10-16,0.0025889607,-0.0014480926,-0.0021268206,-0.0015515746,-0.0072597699,0.0016414799,0.0546282026,0.0460140574,0.0277914773,0.0163268234,-0.0067736499,-0.0206647597
2015-10-19,-0.0015292188,-0.0005542926,0.0031336551,0.0024920794,-0.0010095479,0.0031762892,0.0544269408,0.0458680776,0.0280443530,0.0161667818,-0.0062400047,-0.0208475974
2015-10-20,0.0065652154,0.0029547057,-0.0063938437,0.0067593407,-0.0019299044,-0.0069566551,0.0548012625,0.0459919186,0.0274355232,0.0162375649,-0.0061109847,-0.0213641908
2015-10-21,-0.0007213152,0.0030063624,-0.0038039319,-0.0010492833,-0.0012822065,-0.0000487829,0.0543745157,0.0456369038,0.0271245463,0.0166600891,-0.0059598238,-0.0217370450
2015-10-22,0.0014238711,0.0043472629,0.0057296699,0.0059411833,0.0035403770,-0.0051607182,0.0547114285,0.0456025646,0.0274430341,0.0164133122,-0.0069781279,-0.0214761505
2015-10-23,0.0042561417,0.0021415521,0.0016460708,-0.0005135236,-0.0031913218,-0.0010361148,0.0551592644,0.0458339262,0.0279077042,0.0165012489,-0.0065892928,-0.0214751726
2015-10-26,-0.0060748306,0.0020534897,0.0009296150,-0.0035845786,0.0008644841,-0.0004003137,0.0554357675,0.0459038997,0.0279388534,0.0161758605,-0.0065387936,-0.0212848016
2015-10-27,0.0029610307,-0.0019574470,-0.0032086094,0.0026525798,-0.0046246075,-0.0086752115,0.0553697272,0.0461360009,0.0278926656,0.0167671608,-0.0060172717,-0.0214459336
2015-10-28,0.0035404008,0.0000972811,0.0051928355,0.0045694429,0.0031952400,0.0022763625,0.0558578432,0.0468474948,0.0280765944,0.0165003238,-0.0065043054,-0.0213643618
2015-10-29,0.0024751283,-0.0006349146,-0.0000282723,0.0056983139,0.0032033826,0.0008359135,0.0551722706,0.0466554395,0.0281921387,0.0163975909,-0.0061567653,-0.0210839514
2015-10-30,0.0024043849,-0.0050487007,0.0006088405,0.0009972270,-0.0028473042,-0.0004123702,0.0552059546,0.0473452892,0.0280597328,0.0157050201,-0.0058084440,-0.0209662202
2015-11-02,0.0032853628,-0.0002416956,-0.0018497092,-0.0053152206,0.0036896323,-0.0043426717,0.0557471233,0.0469403533,0.0281589324,0.0158279168,-0.0057528655,-0.0216010037
2015-11-03,-0.0067383773,-0.0039308696,0.0098970379,-0.0024511384,0.0004293580,0.0031597789,0.0552301455,0.0469683638,0.0276100970,0.0154609427,-0.0055552214,-0.0215328199
2015-11-04,-0.0040426122,-0.0002364804,-0.0019759113,0.0017983825,-0.0001624183,0.0082478290,0.0553223256,0.0470292493,0.0272943182,0.0154835940,-0.0052410721,-0.0218184533
2015-11-05,-0.0023694744,0.0026372015,0.0036560238,0.0045150259,0.0042178011,0.0047926312,0.0553775944,0.0478185277,0.0267083043,0.0158050347,-0.0054716000,-0.0215413101
2015-11-06,0.0043601796,-0.0008365326,0.0014443477,-0.0081636206,0.0030671795,-0.0010849323,0.0564209812,0.0478623852,0.0269358922,0.0153207710,-0.0051634006,-0.0212648700
2015-11-09,-0.0023006612,-0.0096805338,-0.0021615832,-0.0030205021,-0.0094177650,-0.0017708264,0.0563175242,0.0479132671,0.0275290922,0.0153166238,-0.0050632397,-0.0207030927
2015-11-10,-0.0074768827,-0.0069242768,-0.0021857169,-0.0009865898,-0.0052003699,0.0002790531,0.0568366489,0.0486298805,0.0279196723,0.0152364893,-0.0052272466,-0.0205181217
2015-11-11,0.0011807145,-0.0030770251,0.0026648205,0.0040147855,-0.0020729779,0.0039302805,0.0579202651,0.0490073750,0.0283235376,0.0147964633,-0.0056050220,-0.0206266289
2015-11-12,-0.0044862974,-0.0038747268,0.0011491292,0.0062905245,-0.0043535639,0.0038755920,0.0577265293,0.0489200289,0.0275577231,0.0151056921,-0.0059855005,-0.0213563375
2015-11-13,0.0020471280,0.0029794393,0.0021470626,0.0017891933,-0.0024967545,-0.0084406053,0.0578415740,0.0492554503,0.0275506208,0.0148597407,-0.0056723650,-0.0214920940
2015-11-16,0.0025256445,-0.0010621341,-0.0021124535,-0.0039740712,-0.0039428419,0.0028269763,0.0576253907,0.0488468023,0.0274505159,0.0148351909,-0.0051960447,-0.0217749001
2015-11-17,-0.0002890623,-0.0052577749,0.0005805642,0.0034472084,0.0013043021,0.0009572322,0.0578739146,0.0483129141,0.0277074646,0.0138591086,-0.0051370373,-0.0217143257
2015-11-18,-0.0016161229,0.0022404131,-0.0069760931,0.0044902479,-0.0005885883,0.0031072050,0.0576782568,0.0479432390,0.0275115419,0.0131162921,-0.0051513788,-0.0216307608
2015-11-19,0.0006850653,0.0012978397,-0.0065923253,0.0028047104,0.0023440358,0.0066135982,0.0575126164,0.0480957805,0.0274109276,0.0135740125,-0.0048806411,-0.0216999437
2015-11-20,0.0045903113,0.0007379374,0.0083329368,0.0055156067,-0.0087227903,0.0007186506,0.0581945928,0.0481228958,0.0275054003,0.0132145176,-0.0048445833,-0.0220452711
2015-11-23,-0.0016662540,-0.0019827790,0.0008758869,-0.0017293352,0.0025965313,0.0054919882,0.0587404405,0.0481644241,0.0274091595,0.0130135791,-0.0040456369,-0.0224303754
2015-11-24,0.0029061866,-0.0052225446,-0.0049998909,-0.0014943828,-0.0030186370,0.0038974569,0.0586366337,0.0482793298,0.0272886399,0.0128945425,-0.0046048963,-0.0223686455
2015-11-25,-0.0022498590,0.0012798915,-0.0003753390,-0.0040573842,-0.0029599362,0.0058092842,0.0581814618,0.0481183262,0.0273598890,0.0129122401,-0.0042461698,-0.0226173167
2015-11-26,0.0000151104,0.0020191048,0.0030938395,-0.0001077499,0.0014746627,-0.0064217502,0.0576715111,0.0484110253,0.0273041034,0.0127071249,-0.0035907872,-0.0228887646
2015-11-27,-0.0015173676,0.0077375875,-0.0022787452,-0.0015157054,-0.0053966404,-0.0011786422,0.0582465993,0.0484309569,0.0276808639,0.0129812950,-0.0042947354,-0.0232131448
2015-11-30,-0.0125511691,0.0027393927,-0.0029569724,0.0026827389,-0.0070209734,-0.0038657498,0.0578302001,0.0485286128,0.0277588390,0.0132054276,-0.0042978495,-0.0233574986
2015-12-01,-0.0062540427,-0.0032889783,0.0025058179,-0.0028529983,0.0055649638,0.0043527422,0.0580008230,0.0487911512,0.0278931362,0.0129762161,-0.0038025181,-0.0231032272
2015-12-02,0.0044793730,-0.0073145947,0.0026542200,0.0008954814,-0.0024517147,0.0007120382,0.0585674191,0.0482207122,0.0275715094,0.0127634973,-0.0046298240,-0.0222330169
2015-12-03,0.0048834355,0.0055268644,0.0002807519,-0.0049621798,0.0026303005,0.0024709272,0.0582565623,0.0494205869,0.0273761774,0.0126990808,-0.0044339196,-0.0217210951
2015-12-04,0.0053309756,-0.0065689947,0.0039484537,-0.0017352811,0.0040779160,-0.0006089416,0.0589168412,0.0501064513,0.0270921293,0.0127655539,-0.0045025329,-0.0224062472
2015-12-07,-0.0075537912,0.0001239320,0.0083790410,-0.0037158747,0.0078735586,0.0039532649,0.0591229196,0.0499659289,0.0278878421,0.0125285821,-0.0036329012,-0.0223779471
2015-12-08,0.0019336405,-0.0012235135,-0.0009600359,0.0077089939,-0.0035396582,-0.0007136556,0.0590985574,0.0498160258,0.0290244630,0.0124471033,-0.0032481507,-0.0216492212
2015-12-09,-0.0058027787,-0.0007259079,0.0030097608,-0.0030774244,0.0043360948,-0.0044157263,0.0592989208,0.0496521500,0.0282910139,0.0126033588,-0.0031740485,-0.0217885622
2015-12-10,-0.0118325058,0.0065579015,-0.0021408212,0.0058155488,-0.0031703472,-0.0016210816,0.0592363273,0.0495660826,0.0280808620,0.0128384250,-0.0030968718,-0.0213133136
2015-12-11,-0.0004135240,-0.0064012328,0.0050809422,-0.0068361677,-0.0026386265,-0.0035112463,0.0598885146,0.0497166417,0.0282304739,0.0130316852,-0.0031120036,-0.0209532829
2015-12-14,0.0033598640,0.0035614378,0.0033409064,0.0038755446,-0.0025635033,-0.0027815431,0.0596143544,0.0493388979,0.0287231903,0.0127728617,-0.0027734996,-0.0211273184
2015-12-15,-0.0018259957,0.0032139320,0.0004852307,0.0053432904,0.0040846747,0.0040950041,0.0591195599,0.0498179149,0.0287902204,0.0131529366,-0.0026738301,-0.0213785232
2015-12-16,-0.0015287011,0.0054588199,0.0002487898,0.0008955421,-0.0018264779,0.0013872836,0.0590398940,0.0497663137,0.0292290111,0.0131655514,-0.0029375803,-0.0211546266
2015-12-17,-0.0017077163,0.0013032200,0.0071867062,0.0053823528,-0.0010689947,0.0001885077,0.0588805894,0.0505407101,0.0290754070,0.0128679214,-0.0033357282,-0.0216977752
2015-12-18,-0.0074858380,-0.0039861849,0.0015936893,0.0014182394,0.0057435012,-0.0005161642,0.0585153945,0.0503748016,0.0287362444,0.0137551795,-0.0026359871,-0.0210072275
2015-12-21,-0.0060794648,-0.0012850255,-0.0007204479,0.0006159723,-0.0037772050,0.0045694643,0.0584096927,0.0508973621,0.0292850581,0.0141188757,-0.0023005399,-0.0209010378
2015-12-22,-0.0062893892,0.0000076113,0.0048971911,-0.0012453441,0.0028825494,0.0034911773,0.0576901498,0.0513396515,0.0290664997,0.0143452676,-0.0021274620,-0.0208137774
2015-12-23,-0.0012601182,0.0005638935,-0.0011814069,-0.0022297569,-0.0073232670,-0.0050471012,0.0576309858,0.0515208867,0.0292800121,0.0136361009,-0.0019675715,-0.0206182121
2015-12-24,-0.0077553928,-0.0051222856,0.0055205677,0.0018874916,-0.0002673901,-0.0000355092,0.0571808524,0.0515510923,0.0291699927,0.0136493604,-0.0017367333,-0.0207371598
2015-12-25,0.0055343061,0.0012320365,0.0013109957,0.0028045207,0.0023693050,0.0020677381,0.0577535392,0.0520744469,0.0287351968,0.0132729113,-0.0018053103,-0.0207967035
2015-12-28,0.0000074855,-0.0013975266,0.0080571307,0.0012860315,0.0019549543,-0.0026078744,0.0582119286,0.0520178975,0.0284102524,0.0127561733,-0.0013972408,-0.0213757534
2015-12-29,-0.0012182995,-0.0009169097,0.0053765276,-0.0049119587,0.0005694001,-0.0026523078,0.0579626226,0.0517857946,0.0282956232,0.0128622622,-0.0021730485,-0.0212309430
2015-12-30,-0.0020265067,0.0012143153,-0.0036133460,-0.0054837083,-0.0001397627,-0.0032148805,0.0587524089,0.0515484430,0.0279642899,0.0129201873,-0.0012426650,-0.0210515804
2015-12-31,0.0075948046,-0.0029333233,0.0046189565,0.0001541992,0.0002475433,0.0007168144,0.0580822534,0.0510242417,0.0281967184,0.0135763050,-0.0014036352,-0.0210069793
2016-01-01,-0.0015913352,-0.0053464134,0.0057552991,-0.0019992132,-0.0038128811,-0.0052148792,0.0578057117,0.0505520554,0.0283123076,0.0137430782,-0.0014171277,-0.0204441099
2016-01-04,-0.0057672790,-0.0000654881,-0.0092161703,-0.0033614048,-0.0001678058,0.0042602082,0.0573288069,0.0499543551,0.0279023911,0.0141598500,-0.0018631334,-0.0202627809
2016-01-05,-0.0022109758,0.0021795541,0.0034527181,-0.0007275165,0.0001810309,0.0004980244,0.0569763419,0.0500126010,0.0284754787,0.0141154149,-0.0022284031,-0.0208957869
2016-01-06,0.0041706393,-0.0021693029,0.0022753894,-0.0013820548,-0.0040099359,0.0071962571,0.0567192488,0.0500987523,0.0278524690,0.0144792005,-0.0025345252,-0.0206068301
2016-01-07,-0.0032304273,-0.0060178023,0.0007244605,-0.0064330890,0.0042647906,-0.0035320243,0.0562672532,0.0500397664,0.0275008207,0.0139935629,-0.0025238566,-0.0205862518
2016-01-08,-0.0016916976,0.0015557960,0.0000904119,-0.0052662946,-0.0008470394,0.0043862429,0.0557439849,0.0495030669,0.0271776285,0.0141914710,-0.0031811679,-0.0200667818
2016-01-11,0.0050215730,0.0012071148,0.0044812774,-0.0058531651,-0.0004334967,0.0002539113,0.0553408224,0.0494478236,0.0275626638,0.0139838631,-0.0030416434,-0.0199137766
2016-01-12,0.0048244673,0.0064842017,0.0026936083,0.0000525614,-0.0035478526,0.0029633336,0.0554292538,0.0496681294,0.0278491982,0.0143467218,-0.0028061202,-0.0201253417
2016-01-13,0.0071181168,-0.0018488225,-0.0039238341,-0.0033617069,0.0018362233,-0.0027180153,0.0561160568,0.0499780927,0.0278934687,0.0136712644,-0.0031081539,-0.0196735550
2016-01-14,0.0041811684,0.0017526411,-0.0014887630,0.0021940086,-0.0039398216,0.0034352495,0.0564819925,0.0507057709,0.0273692157,0.0136409215,-0.0033055320,-0.0195755364
2016-01-15,-0.0033661018,-0.0020722770,-0.0040832405,-0.0007093988,-0.0025774557,0.0036074375,0.0564655515,0.0503303389,0.0266299411,0.0130614118,-0.0032535704,-0.0195824661
2016-01-18,-0.0005994800,0.0018290787,-0.0028698636,0.0063738793,-0.0053163874,-0.0022118209,0.0560759038,0.0508393988,0.0268809770,0.0132898591,-0.0028630845,-0.0190706913
2016-01-19,-0.0012008211,-0.0087067733,0.0003433557,-0.0027459323,-0.0011423023,0.0067109426,0.0566055550,0.0509804142,0.0264707757,0.0133835883,-0.0016225993,-0.0190810879
2016-01-20,-0.0026913343,-0.0009072765,-0.0105082564,0.0011615862,-0.0020440309,0.0045472354,0.0563093014,0.0506798530,0.0267561767,0.0138138606,-0.0011473848,-0.0194167514
2016-01-21,0.0040066690,-0.0042508428,0.0081403427,-0.0007332282,0.0005236378,0.0009869132,0.0553689095,0.0503201386,0.0263471746,0.0143112152,-0.0006697091,-0.0198917349
2016-01-22,0.0029232104,-0.0044511067,-0.0004377073,0.0020881349,0.0007976524,-0.0069193014,0.0548211912,0.0505249052,0.0261266584,0.0146333198,-0.0011203213,-0.0198169183
2016-01-25,-0.0006249684,0.0095511959,-0.0082117777,0.0003390427,0.0007020911,0.0007843182,0.0551221198,0.0512181536,0.0262815153,0.0145299523,-0.0014676925,-0.0204280644
2016-01-26,-0.0056797008,0.0014233803,-0.0007788791,-0.0000242691,0.0041832088,0.0007410405,0.0548283466,0.0505628155,0.0262940102,0.0141433431,-0.0020759213,-0.0205625646
2016-01-27,-0.0007924640,-0.0042702717,0.0028697322,-0.0045362628,0.0048493043,0.0030220161,0.0548647184,0.0514925001,0.0253611575,0.0134292092,-0.0023938294,-0.0209755317
2016-01-28,0.0058858035,-0.0044567326,-0.0023908197,0.0044469164,0.0000502707,-0.0021078792,0.0552818620,0.0513700661,0.0250283945,0.0135637511,-0.0020577715,-0.0206633303
2016-01-29,0.0092278899,0.0036561116,0.0096309622,0.0042836195,0.0089084995,0.0028278580,0.0553204469,0.0511486271,0.0250509379,0.0135954167,-0.0014197669,-0.0210361016
2016-02-01,0.0002293954,0.0122030076,0.0012224991,0.0083193146,-0.0007200638,0.0014099662,0.0554222625,0.0509662011,0.0251133916,0.0144477144,-0.0017328329,-0.0202692688
2016-02-02,0.0017875309,0.0082225036,-0.0021428816,-0.0019680196,-0.0022787723,-0.0002962814,0.0558401984,0.0515919822,0.0255121167,0.0145309276,-0.0015842477,-0.0209194832
2016-02-03,0.0020058280,0.0065066072,-0.0048574650,0.0023007739,-0.0034306437,0.0008509817,0.0557021931,0.0512806235,0.0249663399,0.0146867327,-0.0012350692,-0.0208376171
2016-02-04,-0.0001886238,0.0097924311,0.0020639090,-0.0065845657,0.0022980697,-0.0043873750,0.0558142262,0.0507429130,0.0243783613,0.0146893105,-0.0011899620,-0.0203420436
2016-02-05,-0.0037746714,0.0088239725,-0.0037762021,-0.0037153493,0.0015622604,-0.0023708796,0.0554549995,0.0503467767,0.0246478334,0.0145917966,-0.0018011188,-0.0197015336
2016-02-08,0.0030024207,0.0033629643,0.0015376448,0.0015155580,-0.0055266039,-0.0019894502,0.0562075455,0.0497730398,0.0247777648,0.0151001390,-0.0018801277,-0.0192609837
2016-02-09,0.0002807544,-0.0065595338,0.0008652217,0.0034997625,-0.0016074056,-0.0005336698,0.0562753040,0.0498567161,0.0241608663,0.0158202182,-0.0021301802,-0.0187878913
2016-02-10,0.0064126346,0.0011148037,-0.0052267229,0.0010065776,-0.0003696285,0.0015855996,0.0565738366,0.0497798413,0.0238935675,0.0162566343,-0.0024019211,-0.0183961764
2016-02-11,0.0005101588,-0.0006449764,0.0037898396,-0.0046973068,0.0013814001,0.0029588026,0.0565441826,0.0496830733,0.0237480599,0.0160267368,-0.0014969344,-0.0184683506
2016-02-12,-0.0006495685,0.0021882585,-0.0073036985,0.0029099377,-0.0023870565,-0.0093786429,0.0557233306,0.0495100784,0.0240001906,0.0162471156,-0.0018618275,-0.0189213964
2016-02-15,-0.0012511513,-0.0014112782,0.0059945196,-0.0029635399,0.0005893165,0.0041463399,0.0558233381,0.0494029178,0.0236387769,0.0160326296,-0.0015634956,-0.0196280686
2016-02-16,0.0042041281,0.0016829161,-0.0052097904,-0.0045332332,-0.0001007465,0.0070731498,0.0557016178,0.0491670652,0.0239663280,0.0156103523,-0.0010324905,-0.0186771212
2016-02-17,-0.0057277683,0.0023450754,-0.0016624724,-0.0040105163,0.0072788578,0.0007284746,0.0552009846,0.0490637455,0.0242469066,0.0152114706,-0.0013152322,-0.0189581251
2016-02-18,0.0049329290,0.0044443894,0.0061940280,0.0038457935,0.0017240214,0.0014079070,0.0551425181,0.0484553156,0.0243210519,0.0150386050,-0.0012968643,-0.0185396968
2016-02-19,-0.0032757391,-0.0087388868,0.0004207286,0.0019481533,-0.0034934206,0.0010560922,0.0547255394,0.0481097266,0.0240976630,0.0151391652,-0.0016796446,-0.0179982020
2016-02-22,-0.0000206698,0.0028045449,0.0027467369,0.0050000590,-0.0023159954,-0.0053102034,0.0554207677,0.0484478492,0.0237890929,0.0150352150,-0.0020034047,-0.0185715573
2016-02-23,-0.0052905714,0.0060746067,-0.0019792184,0.0024259514,-0.0064232022,-0.0119955670,0.0553766309,0.0479698260,0.0239038720,0.0149303455,-0.0022331915,-0.0190194359
2016-02-24,-0.0049929719,0.0008199740,-0.0004818168,-0.0050379828,-0.0005206219,0.0087834299,0.0552747558,0.0479271748,0.0239551007,0.0151539415,-0.0022271670,-0.0191744001
2016-02-25,-0.0039073280,0.0047222403,-0.0017788773,-0.0047793661,-0.0051543716,0.0015570547,0.0548331397,0.0481880622,0.0241663453,0.0148056117,-0.0023041453,-0.0185887401
2016-02-26,0.0031492180,0.0007899981,-0.0022375799,-0.0016320845,0.0052216108,-0.0009588553,0.0549999930,0.0480860825,0.0240204531,0.0147811917,-0.0022105384,-0.0190766110
2016-02-29,0.0035055237,0.0010338700,-0.0000373027,-0.0047036339,-0.0038707872,0.0010677770,0.0544929406,0.0484298086,0.0245882191,0.0143959917,-0.0020388934,-0.0190331243
2016-03-01,-0.0000625054,0.0033340288,-0.0036295117,0.0019818804,0.0049117788,-0.0036272491,0.0550290119,0.0479585073,0.0250920215,0.0145352490,-0.0017889216,-0.0183956884
2016-03-02,0.0031320393,0.0006959755,0.0006513717,-0.0070567009,-0.0019984331,0.0052200339,0.0559131294,0.0481344065,0.0246501159,0.0138442550,-0.0018952552,-0.0186424015
2016-03-03,0.0070219285,-0.0034751293,0.0023904695,-0.0035333376,0.0009756589,0.0027253260,0.0558360416,0.0480306186,0.0244613584,0.0132980978,-0.0021042176,-0.0181164545
2016-03-04,-0.0011184477,-0.0054876196,0.0011533051,0.0005902357,0.0003904148,-0.0002791170,0.0564267911,0.0485319039,0.0243565531,0.0137430186,-0.0028675826,-0.0180888766
2016-03-07,-0.0041573521,0.0036893893,0.0048853453,0.0007103634,0.0069745807,-0.0000107248,0.0568383057,0.0487599542,0.0240252937,0.0128279299,-0.0028706842,-0.0177398117
2016-03-08,0.0018863793,0.0009264086,0.0051734102,0.0014910722,-0.0007782814,0.0005855517,0.0568275943,0.0480711552,0.0245129841,0.0131276749,-0.0033114606,-0.0173749594
2016-03-09,-0.0022277735,0.0011741668,-0.0005504238,0.0085721263,-0.0039146729,-0.0115448917,0.0572806743,0.0473447738,0.0241215647,0.0134064533,-0.0032630293,-0.0178061388
2016-03-10,-0.0014548966,-0.0068245896,0.0038335907,-0.0028700037,-0.0019719172,-0.0040329723,0.0567179113,0.0470791158,0.0237303022,0.0140550053,-0.0032754313,-0.0176580254
2016-03-11,0.0033896606,-0.0029367691,-0.0027699219,0.0015501892,0.0009622922,-0.0032698804,0.0570148620,0.0469001746,0.0235926643,0.0142592653,-0.0029919731,-0.0175320117
2016-03-14,-0.0027179138,0.0049290930,-0.0038150502,0.0002647481,-0.0035838544,0.0028798823,0.0572124387,0.0471306479,0.0239768514,0.0141210279,-0.0030935925,-0.0174737978
2016-03-15,0.0004076342,-0.0053740212,-0.0044915996,0.0023501293,-0.0031774209,-0.0006081439,0.0570281422,0.0465250073,0.0233605136,0.0137629597,-0.0031671728,-0.0178444473
2016-03-16,-0.0075361807,0.0034985649,0.0003455757,0.0057540180,-0.0076509622,-0.0003942644,0.0568034687,0.0469807073,0.0231542825,0.0133524950,-0.0027213294,-0.0174990560
2016-03-17,-0.0070512005,-0.0018881868,-0.0021246926,0.0053720910,-0.0012644449,0.0043276053,0.0565456933,0.0472666700,0.0231330945,0.0133651358,-0.0028564010,-0.0170328178
2016-03-18,-0.0039194015,-0.0059733370,-0.0046486271,0.0066720628,0.0009470384,0.0033194535,0.0566686535,0.0475279078,0.0228772791,0.0135724958,-0.0036439965,-0.0166116248
2016-03-21,0.0006231213,-0.0003378733,0.0000568867,-0.0015783806,0.0021106148,-0.0044617653,0.0566728652,0.0474724197,0.0228743113,0.0140672018,-0.0032353508,-0.0170197130
2016-03-22,0.0016965238,-0.0023261721,0.0031760223,-0.0002559441,-0.0035170313,0.0047690436,0.0564479796,0.0479512333,0.0232127875,0.0145876273,-0.0027318240,-0.0166410303
2016-03-23,0.0003524263,0.0045534980,0.0033517516,0.0021334464,-0.0020331504,0.0004361655,0.0560810717,0.0474190792,0.0233844677,0.0152480863,-0.0024603783,-0.0165351606
2016-03-24,-0.0053157980,0.0015757331,0.0019487122,-0.0033145556,0.0008690152,0.0049800120,0.0560049758,0.0475735718,0.0235972369,0.0153171324,-0.0028741049,-0.0165023157
2016-03-25,-0.0050635709,-0.0025895170,0.0086028913,0.0011177081,0.0089036708,-0.0042601854,0.0565490866,0.0482538146,0.0229412348,0.0146605424,-0.0027149175,-0.0158620245
2016-03-28,-0.0050388472,0.0019702963,0.0027357132,0.0041951389,-0.0107565511,-0.0057244148,0.0563949023,0.0480191946,0.0228117249,0.0145934572,-0.0028112535,-0.0160987521
2016-03-29,-0.0071066022,0.0047817679,-0.0033500079,0.0061619113,-0.0053551168,0.0020640723,0.0562306080,0.0477606278,0.0227929757,0.0144928771,-0.0023920648,-0.0159348856
2016-03-30,-0.0061702994,0.0037057366,0.0038795972,-0.0012550735,-0.0007627907,-0.0068932512,0.0558451629,0.0481287144,0.0230362712,0.0146245427,-0.0020767806,-0.0148976465
2016-03-31,-0.0024439168,0.0115526997,-0.0061183867,-0.0009581669,0.0080516297,0.0042917793,0.0553634463,0.0487407673,0.0233695910,0.0145054745,-0.0026832372,-0.0150799165
2016-04-01,-0.0035782074,-0.0052136037,0.0089523617,-0.0026566297,0.0045960159,0.0160057467,0.0558697063,0.0482155361,0.0239120472,0.0144325644,-0.0023989872,-0.0150291724
2016-04-04,0.0029099718,-0.0004810744,0.0005418724,-0.0031205204,-0.0035242627,0.0026558654,0.0559904636,0.0484220039,0.0233567473,0.0147460042,-0.0025672064,-0.0148625778
2016-04-05,-0.0045509444,0.0037538885,0.0095826947,-0.0025987907,0.0016287012,-0.0046428514,0.0557865391,0.0483740004,0.0228454039,0.0146321547,-0.0026709598,-0.0147401006
2016-04-06,-0.0059665358,-0.0027525838,-0.0019169379,0.0033093994,0.0049561269,-0.0001685873,0.0554036266,0.0485800793,0.0227780839,0.0142352742,-0.0023440037,-0.0148853305
2016-04-07,-0.0046318337,0.0048895189,-0.0037549224,-0.0012917497,-0.0028608102,0.0029830896,0.0553816309,0.0490814476,0.0221687715,0.0148990047,-0.0018663162,-0.0144674702
2016-04-08,-0.0000786640,0.0066977423,-0.0045207860,0.0085444890,0.0004175041,-0.0001705515,0.0548921953,0.0486277290,0.0221615610,0.0146977201,-0.0009815046,-0.0156136707
2016-04-11,-0.0036591624,-0.0026456060,0.0020702487,0.0098059555,0.0015887057,0.0046239330,0.0551524931,0.0486737813,0.0225824113,0.0149292089,-0.0010323340,-0.0157123795
2016-04-12,-0.0140706272,-0.0009389522,0.0092415524,-0.0024366284,-0.0048870160,-0.0003001211,0.0554119313,0.0480346130,0.0219670097,0.0148148025,-0.0003684060,-0.0156488846
2016-04-13,-0.0009024967,-0.0037722860,0.0037624862,0.0174210877,-0.0152225249,-0.0004324290,0.0557463499,0.0476265113,0.0227537658,0.0146407969,-0.0001607713,-0.0158091604
2016-04-14,-0.0031402485,0.0149042235,-0.0032565186,-0.0013942826,-0.0074840166,-0.0043108832,0.0556437990,0.0480975503,0.0223544642,0.0145039780,0.0004561835,-0.0154841222
2016-04-15,-0.0054803368,0.0040536266,-0.0009839806,0.0071661766,0.0035653865,-0.0042202534,0.0551781129,0.0475168100,0.0223473592,0.0145035584,0.0000359498,-0.0151745302
2016-04-18,-0.0071591760,-0.0013855001,-0.0037007759,-0.0032955807,0.0142277866,0.0049033403,0.0554323071,0.0471711604,0.0223930972,0.0144515574,0.0001627800,-0.0150881326
2016-04-19,0.0056164778,0.0025013122,0.0031638880,0.0057379937,-0.0016896394,-0.0044694718,0.0557983521,0.0468736173,0.0224733811,0.0146088242,0.0002750947,-0.0147345865
2016-04-20,-0.0061462460,-0.0023798133,0.0091236497,-0.0046232398,-0.0024742218,0.0135154484,0.0562340696,0.0469483841,0.0224512549,0.0144573191,0.0002677145,-0.0144613689
2016-04-21,0.0132262178,-0.0074836762,-0.0010227956,0.0030072332,-0.0018848380,-0.0125489306,0.0570170664,0.0472617434,0.0225950027,0.0142311848,0.0006914455,-0.0146285178
2016-04-22,0.0022848126,-0.0086676489,0.0005793597,-0.0050577548,-0.0037614484,-0.0090131078,0.0570262762,0.0469765316,0.0230417525,0.0132272835,0.0010604780,-0.0141365812
2016-04-25,-0.0005158152,-0.0091008768,0.0149646569,-0.0181761185,-0.0114421450,0.0085736920,0.0572375828,0.0463279580,0.0235105796,0.0131074476,0.0009963622,-0.0146210695
2016-04-26,-0.0017385297,0.0077380286,0.0016350636,-0.0085347980,-0.0023869249,0.0042840885,0.0576446767,0.0466658156,0.0233449433,0.0132066337,0.0013677835,-0.0141344712
2016-04-27,0.0029363522,0.0104727417,0.0000561991,0.0015702446,-0.0050091087,0.0007427006,0.0579479921,0.0465760438,0.0229052366,0.0126271587,0.0020529769,-0.0138182853
2016-04-28,-0.0008934767,0.0034853222,-0.0028422686,0.0006791591,-0.0008206522,-0.0048350864,0.0581363034,0.0465752037,0.0233628818,0.0123914517,0.0010994476,-0.0143677490
2016-04-29,0.0027934794,0.0024552334,-0.0023819842,-0.0023205615,-0.0001231280,-0.0059783620,0.0587080784,0.0466745770,0.0229206444,0.0121642885,0.0005030690,-0.0140471140
2016-05-02,-0.0045374989,0.0001478981,0.0084875136,-0.0017969815,-0.0040952036,0.0027171766,0.0593155315,0.0466818243,0.0224781379,0.0119475861,0.0001323168,-0.0138677021
2016-05-03,-0.0018182948,-0.0043081303,-0.0021935666,-0.0043641551,0.0073891363,0.0008444159,0.0588128648,0.0468463724,0.0228875711,0.0117779007,-0.0003354982,-0.0133950349
2016-05-04,0.0010147886,0.0025715535,-0.0051807328,0.0027542211,0.0109784525,-0.0075024034,0.0589040691,0.0470017904,0.0221324732,0.0120125272,-0.0001153003,-0.0129407127
2016-05-05,-0.0034271563,0.0031447984,-0.0055007146,0.0020695500,-0.0055824424,-0.0017404449,0.0586096927,0.0474413323,0.0221284157,0.0121514380,-0.0003813976,-0.0135487493
2016-05-06,-0.0017612352,0.0055880374,-0.0018932314,0.0025416734,-0.0015248875,0.0042554398,0.0585137036,0.0469754162,0.0230360905,0.0119711200,-0.0004507395,-0.0133174191
2016-05-09,0.0076019837,0.0034406141,0.0016823815,-0.0052463380,0.0002012923,-0.0037552625,0.0584530048,0.0469452548,0.0225981174,0.0117469126,-0.0002014700,-0.0131730104
2016-05-10,0.0006979167,0.0069547647,0.0005758376,0.0000321916,-0.0018074161,-0.0009765151,0.0585345872,0.0471110790,0.0226586657,0.0121044939,0.0003456639,-0.0137233903
2016-05-11,-0.0021561118,-0.0062456455,-0.0041368655,0.0031936520,0.0052916185,-0.0030319709,0.0590308936,0.0473572699,0.0224383338,0.0119541742,0.0004381627,-0.0138531377
2016-05-12,0.0040260979,-0.0051310559,0.0071256525,0.0078655356,0.0041480287,0.0009481023,0.0593123254,0.0474897297,0.0225894489,0.0121643375,0.0004997963,-0.0132822737
2016-05-13,-0.0033826839,0.0007062924,-0.0093574736,0.0007527933,-0.0040045155,-0.0055114963,0.0589853774,0.0479006487,0.0220063414,0.0117158050,0.0002423671,-0.0144611611
2016-05-16,0.0028370715,-0.0064010786,0.0070244072,-0.0013517805,-0.0081331235,-0.0015002372,0.0581081257,0.0478380084,0.0224475405,0.0122249230,0.0001327222,-0.0146100741
2016-05-17,-0.0029653335,0.0048603137,-0.0047429730,-0.0094328165,-0.0030420893,0.0001723672,0.0574990480,0.0476741283,0.0230171867,0.0125709786,0.0001975116,-0.0141023996
2016-05-18,-0.0040763555,0.0048128233,0.0061797911,-0.0012287458,-0.0007078444,0.0029297382,0.0575796469,0.0480309219,0.0238689403,0.0134340940,-0.0000750295,-0.0145182054
2016-05-19,-0.0035476813,-0.0007323961,0.0025990314,-0.0012834223,0.0098534152,0.0026502957,0.0572126638,0.0479464225,0.0242847814,0.0137770065,-0.0003680620,-0.0149937594
2016-05-20,-0.0049708251,0.0036392872,0.0052768079,-0.0024805674,0.0013396434,-0.0025194886,0.0572855623,0.0485335859,0.0242861877,0.0136989522,-0.0002985560,-0.0153611713
2016-05-23,0.0022182242,-0.0052706811,-0.0053077506,-0.0061333887,-0.0048065089,-0.0072380298,0.0571448922,0.0476426180,0.0245785333,0.0141270027,-0.0002410205,-0.0160635095
2016-05-24,-0.0006966238,-0.0058014024,0.0040773788,0.0016352953,-0.0031421544,-0.0039272567,0.0562188618,0.0479464036,0.0242176691,0.0146374124,-0.0003582412,-0.0165255266
2016-05-25,0.0018256249,-0.0009908877,0.0013397479,0.0000209650,0.0020512659,0.0009976712,0.0562762057,0.0480350506,0.0238632227,0.0148513448,-0.0001884937,-0.0168238392
2016-05-26,-0.0049936204,0.0010819416,-0.0025746348,0.0008943127,0.0092600875,-0.0066451198,0.0565504031,0.0479045553,0.0245649328,0.0153342386,-0.0002589406,-0.0174263681
2016-05-27,0.0035684319,0.0042560007,0.0057353773,-0.0023785950,0.0101336159,-0.0049419912,0.0563633229,0.0482435993,0.0247060558,0.0151367957,-0.0001039219,-0.0178001125
2016-05-30,-0.0065061917,-0.0014445496,0.0015428784,-0.0056569945,0.0046422950,-0.0002800209,0.0559858791,0.0479807408,0.0251056588,0.0149663633,-0.0001984503,-0.0175116694
2016-05-31,-0.0090764049,-0.0009733507,0.0023531638,0.0001533372,0.0063394664,0.0008268781,0.0553342452,0.0478643712,0.0253769402,0.0151392135,0.0002788734,-0.0173829108
2016-06-01,0.0012271979,0.0054445522,-0.0054358534,0.0032461424,-0.0002360201,0.0020379970,0.0558837750,0.0484603571,0.0254152806,0.0150584634,0.0002038872,-0.0173996504
2016-06-02,-0.0071784349,-0.0023102160,-0.0012536018,0.0101884630,0.0023209656,-0.0000099121,0.0553765946,0.0483677630,0.0257374796,0.0157383602,0.0003713170,-0.0179048733
2016-06-03,-0.0020074231,0.0073942702,-0.0007286870,0.0021283322,-0.0074099355,-0.0004337700,0.0551027357,0.0486858061,0.0256205031,0.0159353947,0.0000964975,-0.0179181530
2016-06-06,0.0016891025,-0.0014737611,-0.0040175700,-0.0000596840,-0.0020083440,0.0049108213,0.0553922127,0.0482788644,0.0252708814,0.0158633692,0.0003963829,-0.0180259532
2016-06-07,0.0005826826,0.0048201327,-0.0077030152,-0.0020389423,0.0076790313,0.0056936229,0.0555413590,0.0469678922,0.0251620923,0.0159898700,-0.0002105570,-0.0180292024
2016-06-08,0.0002237533,-0.0054995122,0.0002887075,-0.0025922087,-0.0093788087,0.0013105260,0.0556156066,0.0470608447,0.0252033665,0.0153355156,-0.0005472910,-0.0177015665
2016-06-09,-0.0078886166,0.0008652575,-0.0016179794,0.0045768866,-0.0007069931,0.0047032115,0.0553106545,0.0472522212,0.0254158123,0.0152443583,-0.0001398312,-0.0178994038
2016-06-10,0.0019944474,-0.0019738411,-0.0000260763,-0.0044491436,-0.0012743646,-0.0048426626,0.0555866227,0.0472511437,0.0257189121,0.0151166741,-0.0006746176,-0.0175375867
2016-06-13,0.0021087539,0.0016116219,0.0022273443,-0.0003467508,-0.0018574677,-0.0068657739,0.0556171405,0.0481296696,0.0262544396,0.0150429590,-0.0018467494,-0.0174640881
2016-06-14,-0.0023485103,0.0036358330,0.0052352480,-0.0049995004,-0.0012927365,-0.0059360729,0.0561578329,0.0470608080,0.0256225926,0.0148142121,-0.0021110355,-0.0173337441
2016-06-15,-0.0058677634,-0.0035379678,-0.0043537833,0.0042941805,-0.0057434314,-0.0022029858,0.0563705684,0.0471029904,0.0259238584,0.0147009037,-0.0025534828,-0.0169589349
2016-06-16,-0.0008836937,0.0026049663,-0.0011930896,0.0032859196,0.0028463721,0.0008408686,0.0564481487,0.0464980676,0.0265731131,0.0150788929,-0.0022682009,-0.0173927022
2016-06-17,0.0034670895,0.0017024773,0.0018639145,-0.0091116676,-0.0040528364,-0.0048908999,0.0562159968,0.0465824736,0.0264131557,0.0148516935,-0.0020620175,-0.0181125310
2016-06-20,-0.0000228867,-0.0003804283,0.0012542448,0.0103152360,0.0044240449,-0.0051194887,0.0562446513,0.0471609663,0.0262057909,0.0145833203,-0.0025512986,-0.0173176881
2016-06-21,0.0077248662,0.0040845859,0.0038900366,0.0005198626,-0.0040263213,0.0015659745,0.0561447992,0.0469811428,0.0261559545,0.0136439721,-0.0033903777,-0.0167587112
2016-06-22,-0.0039709128,-0.0040180502,-0.0010621575,0.0011961165,0.0014411938,-0.0034124832,0.0556959092,0.0472574585,0.0256973910,0.0136650697,-0.0031708691,-0.0168645091
2016-06-23,-0.0012328950,0.0002481712,0.0012068298,-0.0021226486,-0.0047222577,0.0020609282,0.0560345304,0.0474671922,0.0254842745,0.0133821586,-0.0038155757,-0.0164404446
2016-06-24,-0.0034396628,0.0022012507,0.0023283092,0.0008847848,-0.0045372802,-0.0032670194,0.0566814472,0.0478085219,0.0250117143,0.0135059916,-0.0036996192,-0.0161754649
2016-06-27,0.0016121191,-0.0026756815,-0.0009894683,-0.0004046131,-0.0025512454,0.0005573941,0.0565632828,0.0482587632,0.0258288525,0.0134438840,-0.0031543221,-0.0160178873
2016-06-28,0.0004518243,0.0009192786,0.0010579807,0.0052857835,-0.0039000912,0.0025458091,0.0568238824,0.0484623445,0.0253581767,0.0138318118,-0.0033668699,-0.0159219306
2016-06-29,0.0005795919,0.0081365342,0.0047438797,0.0035960162,0.0007029704,-0.0005305382,0.0562029450,0.0480537869,0.0253864811,0.0140916137,-0.0028576811,-0.0162747105
2016-06-30,0.0021936324,0.0014796577,0.0056603924,-0.0031944139,-0.0043319443,-0.0031390318,0.0561814802,0.0479256350,0.0253528569,0.0141393940,-0.0033133227,-0.0172760280
2016-07-01,-0.0009707480,0.0026390845,0.0044986795,0.0039557890,0.0042880499,0.0047199344,0.0569606573,0.0479975538,0.0249700544,0.0153319497,-0.0031940790,-0.0170253660
2016-07-04,0.0048745983,0.0015972973,0.0046063559,-0.0046355478,0.0004319184,0.0039275282,0.0573840383,0.0478009872,0.0252735811,0.0157082023,-0.0027254304,-0.0171666916
2016-07-05,0.0014866595,0.0017802681,-0.0065759632,-0.0026871930,0.0003643997,-0.0042940047,0.0577029986,0.0470018409,0.0253750193,0.0159207795,-0.0026349048,-0.0176448836
2016-07-06,-0.0031437566,-0.0003408835,0.0030852143,0.0051055667,0.0022066005,-0.0020441907,0.0580448554,0.0470043084,0.0261192003,0.0163817688,-0.0025399768,-0.0178782556
2016-07-07,0.0036429895,0.0051102265,0.0012727197,0.0038175303,0.0067399804,0.0035251991,0.0576657946,0.0470290297,0.0264708315,0.0163713853,-0.0025401118,-0.0173469390
2016-07-08,-0.0066063557,-0.0017656460,-0.0039420043,0.0007574132,-0.0001121525,-0.0031290451,0.0569698512,0.0468596228,0.0266072765,0.0171453106,-0.0025779427,-0.0165379289
2016-07-11,0.0007493077,-0.0013817052,-0.0000069963,-0.0052790868,0.0063195228,-0.0050402460,0.0565327568,0.0478868423,0.0263494356,0.0168949382,-0.0032923747,-0.0165376097
2016-07-12,0.0017268944,-0.0039155615,0.0049287530,-0.0050223418,0.0041846586,-0.0041727111,0.0562003241,0.0478141520,0.0260351947,0.0167640072,-0.0028325276,-0.0169315352
2016-07-13,-0.0006247131,0.0041957789,-0.0016338335,0.0039695320,0.0002983444,-0.0052697074,0.0556657204,0.0477361315,0.0261299419,0.0171772334,-0.0028309327,-0.0168338780
2016-07-14,-0.0039487098,-0.0007977465,-0.0007672322,0.0059152049,-0.0039272850,0.0005255766,0.0557230552,0.0474424136,0.0262977095,0.0168035390,-0.0023336418,-0.0174291867
2016-07-15,0.0051896637,-0.0022592698,0.0016112389,0.0027764270,0.0035963370,-0.0050783650,0.0555977018,0.0469831394,0.0264517592,0.0168297835,-0.0023032992,-0.0179619504
2016-07-18,-0.0073672875,0.0008510843,0.0039982902,-0.0003868244,-0.0031139394,-0.0038229003,0.0552416094,0.0463225242,0.0264760585,0.0177597341,-0.0024247249,-0.0176502424
2016-07-19,0.0020471211,-0.0009233521,-0.0059515157,0.0046788941,0.0050753539,-0.0037132266,0.0547684345,0.0461666992,0.0265446029,0.0177300242,-0.0018251117,-0.0178888097
2016-07-20,0.0023000094,-0.0057420284,-0.0000828302,-0.0008345085,-0.0007178164,0.0033271516,0.0546123488,0.0450562349,0.0267664475,0.0176667503,-0.0022128352,-0.0180606871
2016-07-21,-0.0018562455,0.0025479132,0.0008705756,0.0071689087,-0.0015879179,-0.0028038590,0.0553379893,0.0452159809,0.0269238531,0.0172326046,-0.0028701256,-0.0181961822
2016-07-22,-0.0013188028,-0.0026306567,-0.0014047975,-0.0033103995,-0.0005866467,-0.0009177906,0.0565405077,0.0455439070,0.0269187311,0.0172284396,-0.0024315948,-0.0182104799
2016-07-25,0.0006486900,-0.0000790666,-0.0003426336,0.0049364497,-0.0010533497,0.0087316040,0.0561815991,0.0460385019,0.0265353464,0.0173673995,-0.0015899613,-0.0177181199
2016-07-26,0.0030398630,0.0020598034,0.0043590538,-0.0016413405,-0.0029338574,0.0033668190,0.0557198149,0.0458050659,0.0258715518,0.0174695911,-0.0014970320,-0.0185549392
2016-07-27,0.0009062799,0.0024173323,0.0075005942,0.0023538929,0.0024431726,-0.0004083945,0.0561550333,0.0459912723,0.0259063248,0.0180874965,-0.0015801553,-0.0189900888
2016-07-28,0.0134169165,0.0077815816,0.0032039866,-0.0005314046,-0.0033611170,0.0089181122,0.0561047554,0.0457951997,0.0262880701,0.0182619874,-0.0019231446,-0.0192984152
2016-07-29,0.0012882888,0.0009544846,0.0047557519,-0.0020594363,0.0028175391,0.0016060511,0.0558933049,0.0459346659,0.0258649151,0.0177711428,-0.0015854428,-0.0190999288
2016-08-01,-0.0058142340,0.0048115649,-0.0029969288,-0.0055375812,0.0016119037,-0.0043442851,0.0561156349,0.0459720046,0.0249634221,0.0171447394,-0.0015399919,-0.0191605184
2016-08-02,-0.0093691574,-0.0014350921,0.0008897158,0.0020958400,-0.0000823723,-0.0065442314,0.0563706370,0.0449071779,0.0245553184,0.0163342392,-0.0006867912,-0.0195171027
2016-08-03,0.0005027913,0.0027707291,0.0000987806,0.0046428069,-0.0006045300,-0.0023934279,0.0567534137,0.0453528225,0.0240457153,0.0160364348,-0.0006062023,-0.0190996085
2016-08-04,0.0048327081,-0.0099467026,0.0010380417,-0.0040297941,0.0010005746,-0.0037574975,0.0570706592,0.0455963975,0.0241732073,0.0159385423,-0.0006374318,-0.0192896356
2016-08-05,0.0052895495,-0.0049227837,0.0021153005,-0.0052625781,0.0000684357,-0.0088475966,0.0569330342,0.0456545691,0.0246148352,0.0157026475,-0.0002760397,-0.0196484102
2016-08-08,0.0042386932,-0.0017605498,-0.0036295847,0.0001107720,-0.0045313928,-0.0031722274,0.0574838197,0.0455811945,0.0244938463,0.0158020785,0.0002546594,-0.0194258876
2016-08-09,0.0082707462,-0.0008316876,0.0012041977,0.0021855200,0.0010635799,0.0011199731,0.0572522943,0.0455502878,0.0241841052,0.0162211163,0.0002398473,-0.0191405396
2016-08-10,-0.0082643455,0.0009202464,-0.0023623395,0.0013377079,0.0031921454,0.0032137081,0.0571976887,0.0454488473,0.0240066661,0.0164060804,0.0005775565,-0.0193741506
2016-08-11,-0.0004273101,0.0004699879,0.0001324407,-0.0000366546,-0.0010103551,-0.0019883010,0.0576713938,0.0457500407,0.0235464521,0.0166251560,0.0012162999,-0.0196833809
2016-08-12,0.0067449583,-0.0001864754,0.0017064753,0.0017957493,0.0049473060,-0.0037366425,0.0572927394,0.0445918370,0.0238579473,0.0163514066,0.0003999472,-0.0194557304
2016-08-15,0.0025348829,-0.0034172817,-0.0025431125,-0.0002907650,0.0012973323,0.0032706526,0.0569100032,0.0448914933,0.0239532020,0.0164194258,0.0002185758,-0.0189286415
2016-08-16,-0.0062056324,0.0068501366,0.0013899372,-0.0085991801,-0.0037920187,-0.0001472114,0.0570329795,0.0446768088,0.0248831891,0.0162601966,0.0002804873,-0.0184246738
2016-08-17,-0.0073051185,-0.0013749723,0.0061580362,0.0045913507,0.0031457273,0.0005284211,0.0565903054,0.0441636662,0.0249718110,0.0164079720,0.0005302185,-0.0181987303
2016-08-18,0.0011664905,-0.0069950204,-0.0085469368,0.0040059229,0.0018830026,-0.0028594666,0.0557225077,0.0436446291,0.0245590199,0.0164317819,0.0002370008,-0.0181780102
2016-08-19,0.0022861671,-0.0046257621,0.0001892565,0.0054205041,-0.0010045057,-0.0036935463,0.0552540403,0.0431692451,0.0253527239,0.0160970229,0.0002810020,-0.0178284961
2016-08-22,-0.0038071280,0.0031732835,-0.0000025200,0.0040203480,0.0003910187,-0.0027366500,0.0557378595,0.0431752871,0.0247786670,0.0158564168,-0.0005164467,-0.0182922380
2016-08-23,-0.0014113004,-0.0022491629,-0.0022133502,-0.0069928849,0.0015142868,0.0006019361,0.0562773063,0.0434027573,0.0247058219,0.0163009186,-0.0007674674,-0.0175284505
2016-08-24,0.0005494776,-0.0050065561,-0.0048765857,0.0109808237,0.0058359413,-0.0077620890,0.0561039461,0.0429971554,0.0245661837,0.0160947051,-0.0012646625,-0.0170803750
2016-08-25,0.0045888434,-0.0013959737,-0.0002386327,0.0055080912,0.0036391731,0.0053101220,0.0564796176,0.0427186626,0.0252966988,0.0158832320,-0.0009304087,-0.0171883359
2016-08-26,-0.0047386392,0.0001219842,0.0007392286,-0.0024897616,0.0049649268,0.0030614367,0.0566181460,0.0422074236,0.0251447670,0.0166785492,-0.0008658223,-0.0175887929
2016-08-29,0.0047149638,-0.0083547939,-0.0028995327,0.0008264088,-0.0003024256,0.0037146578,0.0571656138,0.0418276683,0.0256025260,0.0164356966,-0.0009143409,-0.0179214650
2016-08-30,0.0036582552,0.0059319561,0.0021956187,-0.0024205368,-0.0025139434,0.0039586613,0.0570714770,0.0422898688,0.0253038350,0.0163328777,-0.0006823938,-0.0180269155
2016-08-31,-0.0057163316,0.0022810447,-0.0042304210,0.0015912096,0.0044206308,0.0060676212,0.0573436695,0.0418114594,0.0254644567,0.0161838712,-0.0003524332,-0.0187785815
2016-09-01,0.0006285150,-0.0012554729,-0.0000656016,-0.0045273454,0.0021013253,0.0013370663,0.0571918076,0.0422419145,0.0260827423,0.0158713919,-0.0000822585,-0.0182590650
2016-09-02,0.0027037907,0.0006240666,0.0017844019,-0.0075194589,-0.0053325552,-0.0032890635,0.0566961828,0.0418631419,0.0259158825,0.0154478950,0.0001227625,-0.0187126327
2016-09-05,0.0020119344,0.0014340931,0.0030697828,-0.0081432310,0.0042119680,-0.0040581101,0.0566150470,0.0411890003,0.0261153847,0.0147830627,0.0003811282,-0.0188086640
2016-09-06,0.0003010591,0.0006163379,-0.0055067153,-0.0006284863,-0.0034874639,0.0001398321,0.0561362547,0.0404046629,0.0259566314,0.0145911451,0.0000381707,-0.0187751000
2016-09-07,-0.0010135643,-0.0042692652,0.0042309999,0.0008015726,0.0001262637,0.0037665840,0.0557267147,0.0397667697,0.0256135597,0.0144217432,-0.0001165276,-0.0190858027
2016-09-08,-0.0023736701,-0.0052667138,-0.0002004129,-0.0025905350,-0.0016172134,-0.0028896421,0.0558016877,0.0398306215,0.0256315469,0.0144901613,-0.0004306009,-0.0191147355
2016-09-09,-0.0073480823,-0.0102616393,0.0030310776,0.0055358930,-0.0023895878,0.0033491986,0.0559967274,0.0404630763,0.0256550014,0.0142666345,-0.0002209595,-0.0191561795
2016-09-12,-0.0015293909,-0.0059856302,0.0033958710,0.0020566479,0.0065805847,-0.0047460080,0.0560283069,0.0400282499,0.0257180354,0.0145971609,-0.0007516289,-0.0192789999
2016-09-13,0.0042623987,0.0022190445,0.0060956607,-0.0018322772,-0.0028036504,0.0031177343,0.0555175375,0.0399898405,0.0263857926,0.0153016645,-0.0008374659,-0.0196766229
2016-09-14,0.0060357494,-0.0024303445,-0.0046428683,-0.0063059916,0.0007816003,0.0020671280,0.0552422362,0.0393010432,0.0260919350,0.0150088651,-0.0006330233,-0.0195108570
2016-09-15,0.0029541698,-0.0036481360,0.0075193168,-0.0005666330,0.0037455608,-0.0010131259,0.0557826986,0.0397504797,0.0253818709,0.0147789355,-0.0008318323,-0.0204041206
2016-09-16,-0.0010698146,0.0028823549,-0.0066285624,-0.0020875496,-0.0002353594,0.0037109589,0.0565816550,0.0399084741,0.0258484921,0.0146551158,-0.0009028937,-0.0203264459
2016-09-19,0.0052824018,0.0068036011,-0.0045016243,0.0101049338,0.0058365884,-0.0006092007,0.0568471426,0.0396750408,0.0257649644,0.0148335950,-0.0005397888,-0.0199109201
2016-09-20,-0.0037548849,0.0035777668,-0.0041818272,-0.0048209573,0.0071638050,0.0027154027,0.0571316610,0.0397914143,0.0260948605,0.0150644147,-0.0006871858,-0.0200743691
2016-09-21,0.0005091398,0.0024442350,-0.0038070547,-0.0101436359,0.0013887008,0.0042831255,0.0573747397,0.0397436213,0.0260495250,0.0150141172,-0.0010779260,-0.0203734785
2016-09-22,0.0023663653,-0.0032054293,-0.0002742942,-0.0038081789,0.0021637023,0.0007955302,0.0576892194,0.0398866451,0.0264416578,0.0151728956,-0.0010520636,-0.0200722233
2016-09-23,0.0110794046,0.0003340337,0.0008390509,-0.0034104378,-0.0017671551,0.0008729138,0.0580874676,0.0397637384,0.0271998316,0.0152845563,-0.0011817661,-0.0197397112
2016-09-26,-0.0007392278,-0.0028642541,-0.0036141524,-0.0021127574,-0.0022931957,-0.0020317476,0.0582979792,0.0397673500,0.0266386184,0.0154307415,-0.0010466814,-0.0203130421
2016-09-27,0.0053175737,-0.0003075678,0.0048437277,0.0072813294,0.0030839358,0.0041693066,0.0588113192,0.0398223175,0.0262652687,0.0156802629,-0.0008151731,-0.0204731923
2016-09-28,-0.0030023976,0.0024906785,-0.0011877956,-0.0016333953,-0.0023375171,-0.0046143931,0.0582938739,0.0400327974,0.0262586826,0.0161655119,-0.0008005744,-0.0207847571
2016-09-29,0.0023280941,0.0028648832,-0.0036484010,-0.0032716124,0.0036461596,-0.0040654448,0.0576490429,0.0397137752,0.0260977959,0.0156737103,-0.0001490610,-0.0203521205
2016-09-30,0.0052913181,-0.0044496847,-0.0030238964,-0.0042367863,0.0005234925,0.0001385585,0.0571032185,0.0399595326,0.0260799600,0.0157874075,-0.0003636133,-0.0193350120
2016-10-03,0.0061907056,-0.0012429851,-0.0061065529,-0.0072654874,-0.0068427363,-0.0012723469,0.0571180069,0.0397940902,0.0260447422,0.0160104417,0.0000593299,-0.0192327295
2016-10-04,0.0046695841,-0.0050445469,-0.0085472493,0.0039041376,-0.0066213779,0.0004821977,0.0571893353,0.0393535120,0.0258011788,0.0158810707,0.0001579313,-0.0190235460
2016-10-05,-0.0001516697,0.0045843094,-0.0009223988,-0.0043502227,0.0023959910,0.0027064201,0.0576841728,0.0394350686,0.0257671786,0.0157554796,0.0005662410,-0.0187738185
2016-10-06,-0.0012689267,0.0010049108,-0.0031498108,-0.0013993330,0.0014896715,-0.0041513552,0.0575768166,0.0392403738,0.0259639761,0.0153232311,0.0007310971,-0.0177930385
2016-10-07,0.0045824388,-0.0009798421,0.0036541317,0.0037007729,0.0037588327,0.0038529239,0.0571020680,0.0391028840,0.0255831967,0.0157710507,0.0011472535,-0.0183620937
2016-10-10,0.0047445957,-0.0089232230,0.0034153027,0.0066486609,-0.0054906185,-0.0045341245,0.0576391381,0.0388646334,0.0256987005,0.0162325642,0.0014726386,-0.0186661117
2016-10-11,0.0038628637,-0.0028829460,0.0002804551,0.0011937253,-0.0002494757,-0.0005469664,0.0573169172,0.0383332766,0.0263355242,0.0158184984,0.0009446105,-0.0187206927
2016-10-12,0.0037994672,-0.0090134565,0.0034568345,-0.0009937713,-0.0003687183,0.0032702331,0.0575567481,0.0385251918,0.0267320650,0.0155575602,0.0014036631,-0.0183380914
2016-10-13,-0.0015835670,-0.0027792984,0.0016704590,-0.0062926395,-0.0091407702,-0.0015571879,0.0569591356,0.0384635226,0.0264780908,0.0153216671,0.0015705843,-0.0187288710
2016-10-14,-0.0086991486,0.0046373367,0.0047335293,0.0100122206,-0.0019264681,-0.0015696015,0.0562587279,0.0384180734,0.0265544140,0.0150490517,0.0010729074,-0.0185089837
2016-10-17,0.0018019190,-0.0105535043,0.0052259839,0.0046708888,0.0022438373,0.0008843681,0.0563564989,0.0380564338,0.0259512894,0.0153831545,0.0010440062,-0.0183468031
2016-10-18,-0.0002186040,0.0036413233,0.0003521035,-0.0057732636,0.0010288945,-0.0040480193,0.0563086879,0.0378037675,0.0263260189,0.0153778156,0.0015401459,-0.0183920947
2016-10-19,0.0070852232,0.0000432210,0.0003518400,-0.0043799519,-0.0030755834,0.0020941246,0.0561571330,0.0378522404,0.0263241916,0.0154714811,0.0005776258,-0.0181889645
2016-10-20,0.0031505187,0.0038326355,-0.0043563922,0.0008470060,0.0002909469,0.0043653113,0.0559360506,0.0373460840,0.0257384112,0.0152329859,0.0002588128,-0.0180419571
2016-10-21,-0.0009868026,0.0022875344,-0.0003012082,0.0017047748,-0.0027220612,-0.0073375992,0.0557258359,0.0376371554,0.0256912463,0.0152289847,-0.0001306354,-0.0173784955
2016-10-24,-0.0011258317,-0.0019400892,0.0039260061,-0.0032371946,-0.0039109758,0.0024784077,0.0553140873,0.0370114696,0.0251683886,0.0155633769,0.0005375953,-0.0179171482
2016-10-25,-0.0044462395,0.0015974658,0.0016307428,-0.0007861185,0.0051660737,0.0000329342,0.0556604203,0.0371889805,0.0250130584,0.0155839786,0.0010885131,-0.0179186131
2016-10-26,-0.0028226278,-0.0054951629,0.0017210831,0.0022644780,0.0030753713,-0.0027877067,0.0551672765,0.0369049986,0.0247326512,0.0152114436,0.0007620917,-0.0178320950
2016-10-27,0.0026158457,0.0057215383,0.0010859773,-0.0021528378,0.0051002535,-0.0044665090,0.0553491290,0.0364819999,0.0248985357,0.0151586810,0.0014621234,-0.0179605011
2016-10-28,-0.0028804397,0.0047579385,-0.0008932912,-0.0000752572,-0.0052994811,0.0033080193,0.0556629410,0.0365997979,0.0244773548,0.0151734589,0.0013717341,-0.0188123603
2016-10-31,0.0003876922,-0.0033784544,-0.0011508764,-0.0037693886,0.0016843086,-0.0008562708,0.0555506045,0.0370187795,0.0251418127,0.0152934190,0.0016695964,-0.0189038078
2016-11-01,-0.0043116922,-0.0014101499,0.0001290202,0.0052793713,-0.0075709699,0.0015076001,0.0555646432,0.0368847136,0.0249288907,0.0150113274,0.0014760813,-0.0182349114
2016-11-02,-0.0015995879,-0.0019644494,0.0000539095,0.0010155393,0.0006463295,0.0071982798,0.0562598528,0.0367386341,0.0248280354,0.0143308451,0.0020640482,-0.0184722769
2016-11-03,0.0007170935,0.0024217124,0.0010598433,0.0002726209,-0.0057135226,-0.0002533516,0.0567981510,0.0365450518,0.0253329817,0.0139516078,0.0021786875,-0.0187348923
2016-11-04,0.0009415317,-0.0045411604,-0.0037653267,0.0077986932,-0.0027480530,-0.0011985015,0.0570576596,0.0359283469,0.0248084068,0.0137251491,0.0021943923,-0.0190190091
2016-11-07,-0.0013158201,0.0037023346,0.0065793354,-0.0058590744,-0.0055841698,-0.0080783550,0.0572995708,0.0360310946,0.0247495627,0.0133953834,0.0018171440,-0.0194583677
2016-11-08,-0.0026843281,-0.0044060130,-0.0028801883,-0.0049207089,0.0016049211,-0.0037471808,0.0584062464,0.0361205398,0.0253366108,0.0134362094,0.0016793317,-0.0198263239
2016-11-09,-0.0001063499,0.0039450323,-0.0071226821,0.0038408821,-0.0012930025,-0.0042447572,0.0581153784,0.0364326373,0.0248058368,0.0133952318,0.0018254916,-0.0197304008
2016-11-10,-0.0018001091,0.0071606942,0.0035225010,0.0000479582,0.0037274663,-0.0061440997,0.0582530663,0.0363891646,0.0252016522,0.0132733092,0.0022254540,-0.0200470090
2016-11-11,-0.0023361890,-0.0035267882,-0.0046279363,-0.0013504739,-0.0027268854,-0.0094843412,0.0574260184,0.0365737606,0.0251759159,0.0133915005,0.0012489555,-0.0195891884
2016-11-14,0.0031119015,-0.0048325583,0.0031640289,-0.0024040349,-0.0002493714,0.0038519042,0.0576946207,0.0365911692,0.0253153366,0.0131013386,0.0006083299,-0.0200981035
2016-11-15,0.0037191446,0.0026238648,-0.0028582335,-0.0057756272,-0.0010829570,-0.0015581018,0.0578618631,0.0371624364,0.0262561592,0.0119854991,0.0006753738,-0.0198975446
2016-11-16,-0.0027274916,0.0034345689,0.0002693717,-0.0023497051,-0.0027610428,-0.0053625181,0.0578180306,0.0372674451,0.0267304248,0.0121511683,0.0009245780,-0.0205592266
2016-11-17,-0.0010531556,0.0001950988,0.0054821191,-0.0013841715,0.0023241388,-0.0022380435,0.0574780212,0.0377468771,0.0256668033,0.0124224487,0.0005644367,-0.0198829385
2016-11-18,-0.0065921602,-0.0052296675,0.0027040725,0.0010573102,0.0018771453,-0.0001950635,0.0572718915,0.0377443679,0.0255115707,0.0127818516,0.0014320826,-0.0200431902
2016-11-21,0.0013954009,-0.0018745108,0.0061603314,-0.0008305049,0.0072007195,-0.0040325781,0.0570686671,0.0374500723,0.0252309030,0.0124239485,0.0020408220,-0.0200903125
2016-11-22,0.0043184729,0.0035067957,0.0002323736,-0.0015182922,-0.0044195560,0.0023775363,0.0570398846,0.0374517889,0.0251578138,0.0122237613,0.0019559414,-0.0198800291
2016-11-23,0.0024286243,0.0018351596,0.0010079184,0.0057757238,-0.0022340729,-0.0124465612,0.0571579682,0.0372783205,0.0244955874,0.0125471679,0.0014985072,-0.0193693121
2016-11-24,-0.0007374039,0.0021526403,-0.0080451944,0.0054054215,0.0026838560,-0.0038328698,0.0576788880,0.0374729724,0.0249514139,0.0129222869,0.0016749922,-0.0198304670
2016-11-25,0.0001560531,-0.0043721832,-0.0048445671,0.0049415104,-0.0054468502,0.0031250032,0.0579390198,0.0371823904,0.0254162281,0.0128092162,0.0012752344,-0.0201372198
2016-11-28,0.0003902575,-0.0054532258,0.0071530899,0.0005082261,-0.0056854001,0.0056501572,0.0585011101,0.0367083726,0.0250626649,0.0131128052,0.0012689372,-0.0202705370
2016-11-29,-0.0003161444,0.0045844897,-0.0065210573,-0.0009998250,0.0024014821,-0.0006602066,0.0582624822,0.0372843255,0.0257257178,0.0131410465,0.0011314611,-0.0207550973
2016-11-30,-0.0001190506,-0.0003523352,-0.0023868561,0.0022459332,0.0016852418,-0.0032439626,0.0580446348,0.0376875358,0.0256711000,0.0137075968,0.0016663460,-0.0210310178
2016-12-01,0.0024293769,-0.0037087118,0.0048588323,0.0034976458,-0.0036980020,0.0017118482,0.0579779040,0.0375693913,0.0264231457,0.0131482171,0.0014471214,-0.0218095060
2016-12-02,0.0082075839,-0.0022364876,0.0027035629,0.0028310512,0.0056977948,0.0031600129,0.0582581324,0.0371049251,0.0265401474,0.0131745122,0.0011451831,-0.0218089664
2016-12-05,0.0008453729,-0.0011668242,0.0056813462,-0.0017157521,0.0004914104,0.0005776767,0.0586816552,0.0366721796,0.0268390894,0.0120090564,0.0015108129,-0.0221380510
2016-12-06,0.0005384713,-0.0046155128,0.0000412573,0.0005818950,-0.0021188999,0.0073281686,0.0585018784,0.0363020930,0.0265068596,0.0121304397,0.0016671825,-0.0220735426
2016-12-07,0.0018330101,-0.0009870179,0.0067081012,-0.0000255816,-0.0026934694,0.0019775734,0.0575257547,0.0365196435,0.0262132642,0.0119764500,0.0019064266,-0.0222904595
2016-12-08,0.0070613790,-0.0025868520,-0.0029411067,-0.0013608039,-0.0009896711,0.0004775312,0.0573203292,0.0364454988,0.0262815599,0.0117828029,0.0017914308,-0.0227258762
2016-12-09,-0.0009793338,0.0013475966,0.0024041393,-0.0063863115,0.0022861651,0.0082221190,0.0577338584,0.0360867345,0.0261738420,0.0121530201,0.0010345391,-0.0223219443
2016-12-12,-0.0006462567,0.0050750299,-0.0031389443,-0.0011256464,-0.0024077612,0.0023783733,0.0581372676,0.0366846650,0.0256778951,0.0128610705,0.0004655407,-0.0220495018
2016-12-13,-0.0063237174,0.0023065699,0.0013270854,-0.0003011936,0.0035708830,-0.0019437455,0.0579182254,0.0361184471,0.0262823500,0.0130133015,-0.0003401014,-0.0216473339
2016-12-14,0.0011317003,-0.0025699582,-0.0024964783,0.0006600883,-0.0007880366,-0.0025197634,0.0582846990,0.0355142559,0.0264655801,0.0129825774,-0.0003498303,-0.0213699504
2016-12-15,0.0032715661,0.0013483130,0.0014217376,0.0005306098,-0.0054664044,-0.0048153663,0.0578886801,0.0356561396,0.0264290149,0.0133665772,-0.0006524568,-0.0212528794
2016-12-16,-0.0047214488,0.0024455451,0.0045181833,-0.0012434548,-0.0022685714,-0.0005485889,0.0574199164,0.0361214273,0.0259537545,0.0131712513,-0.0010923288,-0.0203523385
2016-12-19,0.0080047257,-0.0052331347,-0.0026814527,-0.0009673976,-0.0040868495,0.0013881162,0.0570491438,0.0355005943,0.0251536536,0.0131867106,-0.0011387128,-0.0199566766
2016-12-20,0.0067889277,0.0019634832,-0.0067148499,-0.0012999382,-0.0002648857,0.0022959280,0.0568786486,0.0355829799,0.0243727015,0.0132086094,-0.0006781168,-0.0201491171
2016-12-21,0.0007495676,-0.0050816854,-0.0019685305,-0.0040076019,-0.0092180657,-0.0005173882,0.0563114830,0.0361713838,0.0243954040,0.0132504562,-0.0013598066,-0.0195082071
2016-12-22,0.0022007557,0.0049123963,0.0021996870,-0.0032164238,0.0034352913,0.0035989552,0.0560995043,0.0358136715,0.0239450251,0.0131471680,-0.0011424436,-0.0197960634
2016-12-23,-0.0064098523,-0.0018033365,-0.0008993601,-0.0017885731,0.0037643409,-0.0066712715,0.0565352584,0.0357662086,0.0237924653,0.0134714005,-0.0017946737,-0.0193462303
2016-12-26,0.0026222576,0.0064612006,0.0039893031,-0.0060035050,-0.0029368520,0.0055481374,0.0561231923,0.0357951512,0.0236688081,0.0136840604,-0.0017896139,-0.0193814695
2016-12-27,0.0013727508,0.0003530662,-0.0004186635,-0.0015613715,-0.0012726036,0.0002707815,0.0562950592,0.0357913011,0.0236954957,0.0139653132,-0.0016374219,-0.0194426992
2016-12-28,-0.0038877591,-0.0040905018,-0.0052174380,0.0008255737,-0.0006204802,0.0063387275,0.0563443843,0.0359991532,0.0233614875,0.0140407221,-0.0012125862,-0.0190871395
2016-12-29,0.0007488016,0.0032655910,-0.0080431941,-0.0032348610,-0.0025585235,0.0015554288,0.0563543132,0.0363552000,0.0239015152,0.0141177496,-0.0011563771,-0.0189296361
2016-12-30,-0.0066276662,-0.0075586855,0.0029852096,-0.0054475368,0.0032105228,0.0007283335,0.0565745252,0.0358444283,0.0244747002,0.0140273962,-0.0017423949,-0.0187148489
2017-01-02,0.0014384579,0.0007437921,-0.0074547726,0.0007054340,-0.0065203848,0.0007672018,0.0567492140,0.0354122441,0.0241079344,0.0145792908,-0.0017616338,-0.0182931685
2017-01-03,-0.0022042132,-0.0103266206,0.0015882894,-0.0014780674,0.0034402377,0.0047235499,0.0570236183,0.0349023945,0.0239246520,0.0140222528,-0.0018326031,-0.0185321358
2017-01-04,-0.0037550017,-0.0039337622,-0.0018936151,-0.0101547042,-0.0006746418,-0.0092661274,0.0576236106,0.0349430236,0.0241212960,0.0140288277,-0.0013131184,-0.0189112555
2017-01-05,-0.0003895049,-0.0045808534,-0.0005343354,-0.0035324916,-0.0008571731,0.0003862887,0.0578389345,0.0351159151,0.0244593779,0.0140554122,-0.0008326839,-0.0197813980
2017-01-06,-0.0006450547,-0.0040048625,-0.0006375947,-0.0045745988,-0.0030540996,0.0015973001,0.0580091476,0.0346693823,0.0243146590,0.0138515099,-0.0015663569,-0.0192456149
2017-01-09,0.0001060596,0.0049141443,-0.0010634304,-0.0017127917,0.0001171230,0.0023586999,0.0578530014,0.0341682688,0.0247599715,0.0138013407,-0.0020798205,-0.0184601090
2017-01-10,-0.0013084766,-0.0004576201,0.0003757863,0.0055287653,-0.0040988169,0.0016022081,0.0579784677,0.0333929527,0.0244333963,0.0139301719,-0.0021769459,-0.0181923913
2017-01-11,0.0027577810,0.0038409000,0.0073138765,0.0055755612,-0.0002628010,-0.0003356556,0.0565104736,0.0335978728,0.0252106336,0.0143385022,-0.0022718772,-0.0180147164
2017-01-12,0.0030541992,-0.0005491602,-0.0024195442,0.0035312908,0.0004093861,-0.0011525399,0.0554743846,0.0333482206,0.0254029426,0.0140202266,-0.0022830524,-0.0182041538
2017-01-13,-0.0008151955,-0.0021924957,0.0035223917,0.0029230074,-0.0009054797,0.0026628436,0.0557644693,0.0332085091,0.0252054160,0.0141573360,-0.0022444399,-0.0179774612
2017-01-16,-0.0019160783,0.0035639980,-0.0004747402,-0.0030804325,-0.0052070825,0.0048614381,0.0558237472,0.0339808764,0.0255974456,0.0143525708,-0.0016597983,-0.0176473450
2017-01-17,-0.0010621071,0.0012724491,-0.0010536077,0.0002119594,0.0021081669,0.0022830488,0.0557983390,0.0336825098,0.0256978419,0.0140928051,-0.0011716774,-0.0178981308
2017-01-18,0.0024226120,-0.0012238310,-0.0018864869,0.0046310877,0.0027700037,-0.0039316283,0.0553762169,0.0335098445,0.0261548958,0.0140820928,-0.0011887848,-0.0171310326
2017-01-19,-0.0018134377,-0.0046125254,0.0060428128,-0.0033407754,-0.0024850224,-0.0093019071,0.0552051854,0.0333990097,0.0266872712,0.0140356474,-0.0006298295,-0.0174793268
2017-01-20,0.0040916370,0.0077995041,-0.0005702747,-0.0030624293,0.0028998541,0.0079270232,0.0550978435,0.0338973674,0.0261962018,0.0136695779,-0.0005345620,-0.0177260325
2017-01-23,-0.0041542574,0.0070568597,0.0066044914,-0.0025873146,0.0034478213,-0.0060294733,0.0552825767,0.0341144213,0.0266015637,0.0138017218,0.0007862478,-0.0177721871
2017-01-24,0.0068800512,-0.0054821155,0.0001262951,-0.0014816279,0.0024140034,0.0012202822,0.0553490466,0.0343775379,0.0267927848,0.0138767543,0.0013538139,-0.0178378393
2017-01-25,-0.0057894866,-0.0051251357,-0.0091933921,-0.0059959979,-0.0103072556,0.0037605896,0.0560137150,0.0343539754,0.0269208846,0.0128851497,0.0015274430,-0.0179792206
2017-01-26,-0.0025284754,0.0022906978,0.0052367194,-0.0055555051,-0.0017959802,0.0017522323,0.0554002762,0.0341784952,0.0273444491,0.0134211335,0.0012606497,-0.0185238223
2017-01-27,0.0040502030,-0.0073648307,0.0026086529,-0.0086317098,-0.0037966346,-0.0000022299,0.0548279098,0.0339241447,0.0276523794,0.0139923627,0.0009221823,-0.0182900598
2017-01-30,0.0009357252,0.0062445580,0.0031543359,-0.0001814844,0.0035153566,-0.0023901362,0.0550743141,0.0336832325,0.0278937020,0.0130860490,0.0014333376,-0.0181425009
2017-01-31,-0.0032877890,0.0017491955,-0.0049447130,0.0074905029,0.0035731279,0.0014233286,0.0546652278,0.0337224761,0.0279926873,0.0131922393,0.0015253611,-0.0179575527
2017-02-01,-0.0022918200,0.0001399139,0.0028336329,0.0059474579,0.0010246861,0.0081327881,0.0550282073,0.0343878724,0.0280445630,0.0133437818,0.0011107659,-0.0184745040
2017-02-02,0.0031178605,-0.0012462923,-0.0070638798,0.0023490416,0.0019042321,-0.0011580878,0.0549595415,0.0340205712,0.0274308043,0.0127804379,0.0010168340,-0.0182835246
2017-02-03,-0.0024112981,0.0032357993,0.0105929146,-0.0053913809,-0.0062577461,-0.0016219294,0.0553935306,0.0339193901,0.0272878699,0.0129904559,0.0009981727,-0.0189487404
2017-02-06,-0.0070946607,0.0008547349,-0.0023565769,-0.0028831504,0.0064678117,0.0001122262,0.0551887440,0.0345183645,0.0269108046,0.0127582918,0.0016414923,-0.0192562723
2017-02-07,-0.0013078113,0.0049617954,-0.0000394100,-0.0053903195,0.0016611197,-0.0008664458,0.0549191217,0.0343567522,0.0269750244,0.0128944322,0.0012722068,-0.0193460684
2017-02-08,0.0017721883,0.0058085116,-0.0035715383,0.0022687478,-0.0038923570,0.0049149768,0.0547364827,0.0339584613,0.0272680575,0.0131535626,0.0010550825,-0.0190813346
2017-02-09,-0.0068966908,0.0020198328,0.0005304623,0.0042487087,-0.0019078578,0.0025788276,0.0550146487,0.0339263496,0.0265317570,0.0124356793,0.0011870679,-0.0184712255
2017-02-10,-0.0021764164,0.0055459487,0.0035759288,-0.0009968113,-0.0019803346,0.0044777892,0.0549207991,0.0336771077,0.0266114129,0.0123142636,0.0013061743,-0.0179358816
2017-02-13,0.0019779890,0.0028951518,-0.0052084304,-0.0024659550,-0.0029175488,-0.0000994717,0.0551288728,0.0333830095,0.0263049620,0.0122034402,0.0006000736,-0.0176367957
2017-02-14,0.0012697983,-0.0080971342,0.0020949003,0.0025353607,-0.0048578365,-0.0016755423,0.0545013762,0.0339815426,0.0260878791,0.0123009859,0.0003900744,-0.0175825995
2017-02-15,-0.0057659433,0.0051300431,-0.0007308533,-0.0044587554,0.0031721692,0.0054600678,0.0549316332,0.0336341885,0.0254795690,0.0119641095,0.0008319387,-0.0174589032
2017-02-16,0.0063850915,0.0013550729,-0.0013097073,0.0000967908,-0.0021778868,0.0040938327,0.0547971727,0.0332609791,0.0252022772,0.0118212150,0.0009968546,-0.0179729882
2017-02-17,0.0007725345,0.0037245833,-0.0007326651,0.0017304157,-0.0102565354,-0.0004108820,0.0543075640,0.0329611407,0.0253432294,0.0115357569,0.0006849198,-0.0177389689
2017-02-20,-0.0024759743,-0.0035387586,0.0037977927,-0.0004689351,-0.0008740162,0.0076778267,0.0533101781,0.0331223029,0.0253547695,0.0123489868,0.0010824221,-0.0180555581
2017-02-21,0.0013825453,0.0001244192,0.0051175813,0.0006106875,0.0016298808,0.0007949661,0.0530635664,0.0334191224,0.0249569780,0.0124882630,0.0012767047,-0.0176184644
2017-02-22,0.0152319606,-0.0027349633,0.0036370402,-0.0002002725,0.0040393880,0.0007433350,0.0532353162,0.0333512910,0.0255008127,0.0120230951,0.0011644772,-0.0175275948
2017-02-23,0.0024013190,0.0001554536,-0.0053901825,0.0000150765,-0.0020169355,-0.0026675126,0.0524438953,0.0333946964,0.0252381060,0.0124089632,0.0015209947,-0.0175576716
2017-02-24,-0.0021751541,0.0029909657,0.0056133704,0.0012966651,-0.0019287748,0.0012000967,0.0516962986,0.0332509797,0.0248301517,0.0120337629,0.0019214038,-0.0176205689
2017-02-27,-0.0002191128,-0.0036020324,0.0000996920,0.0058679055,-0.0076474570,-0.0018559605,0.0511727518,0.0338146783,0.0246377158,0.0121177764,0.0016547131,-0.0176803827
2017-02-28,-0.0010394964,0.0044981866,0.0038947516,-0.0035918284,0.0018525481,-0.0033039406,0.0511984449,0.0333638163,0.0250340057,0.0122674801,0.0012878063,-0.0179158993
2017-03-01,0.0076298187,0.0023472515,-0.0014757733,0.0017695324,-0.0041947704,-0.0015480914,0.0512344671,0.0335604650,0.0253210116,0.0124071418,0.0011821799,-0.0180755151
2017-03-02,0.0030908861,0.0022046918,0.0050165274,-0.0005000403,-0.0007704086,0.0058903315,0.0516200862,0.0339440316,0.0253543627,0.0124374968,0.0016751976,-0.0185803832
2017-03-03,0.0041203066,0.0047100006,-0.0034861857,0.0004519048,-0.0014698516,-0.0033298428,0.0518920543,0.0340518896,0.0251462616,0.0118741033,0.0014158085,-0.0185451006
2017-03-06,0.0051114058,0.0023412458,-0.0013940466,-0.0021280332,0.0030749589,-0.0007266456,0.0517781290,0.0343579589,0.0253240668,0.0120717517,0.0021552018,-0.0184485187
2017-03-07,-0.0068065491,0.0014708037,0.0056936556,0.0017753976,0.0096380232,-0.0022773708,0.0509784774,0.0347145554,0.0253543862,0.0125766405,0.0015909714,-0.0185866461
2017-03-08,0.0003373237,-0.0033728892,-0.0060752798,-0.0033546152,0.0000960758,0.0060285534,0.0512741494,0.0346790955,0.0256926638,0.0126786552,0.0019717791,-0.0185520286
2017-03-09,-0.0023806047,0.0015717632,-0.0007378378,-0.0023842621,0.0058157121,0.0013645892,0.0519493831,0.0343432307,0.0253336649,0.0129666557,0.0020862905,-0.0184854866
2017-03-10,0.0022746109,-0.0057963689,0.0023824202,0.0002299773,0.0030224229,0.0032048899,0.0521217585,0.0348184095,0.0251183288,0.0137212032,0.0023504304,-0.0183891619
2017-03-13,0.0018885626,0.0063809840,-0.0009724101,0.0045371951,-0.0016635050,-0.0051141115,0.0519407944,0.0348897383,0.0248799198,0.0136830255,0.0025109108,-0.0176419832
2017-03-14,0.0076502839,-0.0023022048,-0.0018411398,-0.0035615723,0.0089868581,-0.0023535927,0.0519153054,0.0347321711,0.0245018474,0.0139097264,0.0024809847,-0.0175289230
2017-03-15,-0.0006669677,0.0016652747,-0.0023789810,-0.0056112932,0.0016953457,-0.0063743823,0.0526547525,0.0350076311,0.0246175155,0.0137132278,0.0027218636,-0.0176873204
2017-03-16,0.0003937352,0.0010738857,0.0054379888,0.0038471135,-0.0050087522,-0.0044912462,0.0524884615,0.0348647614,0.0245310856,0.0144912915,0.0034055611,-0.0184657903
2017-03-17,0.0011864081,-0.0062498305,-0.0021963428,0.0024829337,-0.0004704164,-0.0006693086,0.0523688578,0.0351412785,0.0243045871,0.0151673511,0.0035882851,-0.0181688158
2017-03-20,0.0033822800,-0.0030537323,0.0059300796,0.0046409712,-0.0035806536,0.0087961667,0.0524499905,0.0356032212,0.0239899509,0.0150878442,0.0035966862,-0.0188227237
2017-03-21,-0.0040208274,-0.0024139237,0.0012750308,0.0048666495,0.0028123784,0.0043856819,0.0521767477,0.0357516489,0.0238320659,0.0154105602,0.0042543970,-0.0179872401
2017-03-22,0.0004801443,0.0079058156,0.0023671950,0.0018199920,-0.0039230570,0.0067587520,0.0520324498,0.0358158614,0.0240975864,0.0152365450,0.0045977566,-0.0186954826
2017-03-23,0.0043173135,-0.0108288767,-0.0046064623,-0.0073660916,0.0041296170,-0.0016996975,0.0515035034,0.0357024696,0.0242536379,0.0159705519,0.0042263733,-0.0185224774
2017-03-24,0.0025006936,0.0010819168,-0.0017744096,0.0058802751,-0.0035600960,-0.0048920498,0.0512527940,0.0359756624,0.0243143841,0.0161698333,0.0046390699,-0.0183494015
2017-03-27,-0.0068934772,0.0042839713,-0.0029589047,0.0090021685,-0.0007171612,0.0041227880,0.0520134705,0.0356438740,0.0235861533,0.0154480407,0.0049705629,-0.0183375607
2017-03-28,-0.0075690432,0.0015983864,-0.0017276269,0.0034280590,0.0017246712,0.0002089635,0.0527374755,0.0357055991,0.0233512121,0.0150740451,0.0048393966,-0.0188849861
2017-03-29,-0.0028689484,0.0035890565,0.0038589665,0.0068397424,0.0025888358,0.0020026662,0.0523316332,0.0358716205,0.0232297873,0.0152918911,0.0044696905,-0.0194678889
2017-03-30,0.0010860431,0.0046915102,-0.0042768900,0.0039323914,0.0014200073,0.0020484855,0.0530486807,0.0357222575,0.0232787006,0.0149764110,0.0040633141,-0.0198999547
2017-03-31,0.0000806946,-0.0000852594,-0.0016953510,0.0034687468,0.0028155570,-0.0014419439,0.0534958488,0.0356778137,0.0232951461,0.0146935224,0.0040088630,-0.0200099219
2017-04-03,0.0012211647,-0.0020062821,-0.0033345997,0.0011084882,0.0073494412,-0.0062488333,0.0535903523,0.0362461386,0.0224271018,0.0144526009,0.0043520226,-0.0198600459
2017-04-04,0.0027415879,0.0044982669,-0.0020939663,-0.0012645362,-0.0067390573,0.0004608212,0.0536429997,0.0362444047,0.0218485053,0.0137474707,0.0039458465,-0.0197247994
2017-04-05,0.0036294752,-0.0038038954,0.0021414646,-0.0021534860,0.0006608988,0.0056829383,0.0532586332,0.0357494337,0.0216676572,0.0130919580,0.0033360943,-0.0198317628
2017-04-06,0.0051194066,0.0026978491,-0.0050734543,-0.0043164416,-0.0037419637,-0.0044370083,0.0530171228,0.0366827032,0.0213800100,0.0134870546,0.0030735284,-0.0209222070
2017-04-07,-0.0016304110,0.0003516363,-0.0014099342,0.0010970573,0.0033017015,0.0062609211,0.0529017140,0.0367284062,0.0213129260,0.0143406361,0.0036670563,-0.0207898699
2017-04-10,-0.0025307518,0.0011328067,0.0009113504,-0.0037891220,0.0054628939,-0.0031745059,0.0528829233,0.0367920666,0.0216356413,0.0142488338,0.0036916670,-0.0212218920
2017-04-11,-0.0076819081,0.0045283124,0.0098468017,-0.0010562783,0.0098030887,0.0023695675,0.0527416203,0.0369081362,0.0221025860,0.0143000928,0.0035612158,-0.0215775851
2017-04-12,0.0002359365,-0.0041724886,0.0023753857,0.0033676797,0.0031945986,0.0042316289,0.0521102435,0.0363400816,0.0218343980,0.0144248237,0.0040983870,-0.0219070669
2017-04-13,-0.0072667991,-0.0083470293,0.0049242933,-0.0036633777,0.0051600829,-0.0029956647,0.0520091136,0.0363259640,0.0224728489,0.0142071971,0.0039770881,-0.0221497710
2017-04-14,0.0046323331,-0.0001477441,0.0058195770,0.0031364194,-0.0050650387,0.0009987768,0.0518292048,0.0360323744,0.0227485126,0.0142554818,0.0041111238,-0.0226257730
2017-04-17,0.0013520716,0.0020124587,0.0048975737,0.0092878238,-0.0004715445,-0.0025514596,0.0515445821,0.0358498020,0.0224461426,0.0141339818,0.0039846877,-0.0223331737
2017-04-18,0.0024432042,0.0010912159,-0.0037578257,0.0064558222,0.0074969652,0.0051638207,0.0510812687,0.0353818081,0.0215109691,0.0146464907,0.0038629220,-0.0221645064
2017-04-19,-0.0106613357,0.0032413770,-0.0054530994,0.0082419783,-0.0040411968,-0.0020559604,0.0512668624,0.0353778255,0.0221164537,0.0146344950,0.0037079446,-0.0218876763
2017-04-20,0.0038382738,-0.0013394622,0.0008606092,0.0018480450,-0.0006244947,0.0020240452,0.0512200131,0.0354154552,0.0228988478,0.0151519044,0.0029378381,-0.0218845584
2017-04-21,0.0085274358,-0.0050729413,-0.0063245665,0.0058248710,-0.0014092887,-0.0037516941,0.0511509756,0.0354687889,0.0226004122,0.0150474518,0.0025933231,-0.0220095053
2017-04-24,0.0011657536,-0.0048416510,0.0032379628,-0.0049097214,-0.0042679706,-0.0012348862,0.0510441991,0.0353701081,0.0236862164,0.0151501533,0.0031309668,-0.0217415292
2017-04-25,-0.0061135024,-0.0093850982,0.0014542981,-0.0081914478,0.0008378470,0.0012726736,0.0519847722,0.0352544115,0.0236371494,0.0158732817,0.0030680466,-0.0208094665
2017-04-26,-0.0047765677,0.0018051994,0.0007760519,-0.0006823358,-0.0011487682,0.0012397685,0.0522768183,0.0352272344,0.0243097888,0.0168658561,0.0035613961,-0.0208343981
2017-04-27,0.0008373834,0.0022519932,-0.0002922817,-0.0014101681,-0.0050616973,-0.0024323912,0.0518433798,0.0352943994,0.0237527852,0.0168892556,0.0036885982,-0.0203683866
2017-04-28,0.0010817192,0.0006412159,0.0013493100,-0.0029831509,-0.0009270340,0.0018936534,0.0516462570,0.0349906362,0.0237253462,0.0168977344,0.0032969123,-0.0206230601
2017-05-01,0.0006803086,-0.0042137528,0.0020013321,-0.0031739327,-0.0023892813,0.0004930363,0.0519535209,0.0351700480,0.0239849474,0.0176221308,0.0027863262,-0.0200559384
2017-05-02,-0.0057665915,0.0014124991,0.0012111629,-0.0023323822,-0.0055723151,0.0002641239,0.0520751898,0.0352402813,0.0234983397,0.0176879280,0.0027915057,-0.0202394114
2017-05-03,0.0058455700,0.0005422360,-0.0031151126,-0.0049746599,-0.0021201789,0.0019844733,0.0524339001,0.0344819688,0.0235831583,0.0173642868,0.0026097114,-0.0201802799
2017-05-04,0.0102752829,0.0046329992,-0.0060172082,-0.0080247864,-0.0013113196,0.0036462773,0.0524241337,0.0347688312,0.0239740903,0.0172465581,0.0017578320,-0.0201521127
2017-05-05,-0.0040326585,-0.0016863278,0.0030832453,-0.0007454992,0.0060367390,-0.0022743244,0.0518208228,0.0349629203,0.0235827784,0.0166928955,0.0019609771,-0.0200589376
2017-05-08,-0.0002808558,-0.0014829478,0.0079156846,0.0026169779,0.0020639488,0.0044166530,0.0508324992,0.0351202404,0.0236661082,0.0167600988,0.0027374526,-0.0204780011
2017-05-09,-0.0008475507,-0.0005014472,0.0011613249,0.0042972112,-0.0048083804,0.0021534013,0.0509222335,0.0348416383,0.0232935815,0.0168938366,0.0030247147,-0.0204192561
2017-05-10,-0.0010837886,-0.0034965917,0.0005092146,0.0042921008,-0.0074162839,0.0001310171,0.0511584682,0.0350302400,0.0230142490,0.0169035904,0.0028545084,-0.0198686365
2017-05-11,0.0028422706,-0.0123912765,-0.0038226899,-0.0057699657,-0.0060852299,-0.0000527036,0.0516259508,0.0353843218,0.0229707009,0.0166220119,0.0037890613,-0.0192613173
2017-05-12,0.0031482381,-0.0000511981,0.0010960419,0.0018004489,0.0022019281,-0.0057154880,0.0522738028,0.0355202804,0.0224766565,0.0168271650,0.0044815942,-0.0194681720
2017-05-15,-0.0026198744,-0.0009616115,0.0047695307,0.0026436030,-0.0046199364,-0.0027570246,0.0527756654,0.0356367663,0.0236441362,0.0168710483,0.0038482293,-0.0197238208
2017-05-16,0.0011666160,0.0002128518,-0.0025144514,-0.0050050207,-0.0023880934,-0.0011084073,0.0530359397,0.0361474704,0.0228351628,0.0166993036,0.0036617943,-0.0194875137
2017-05-17,0.0003239058,0.0039021984,-0.0000384868,0.0030033784,-0.0024425174,-0.0025656804,0.0527980894,0.0366043531,0.0220096059,0.0167078719,0.0035724555,-0.0193926534
2017-05-18,0.0008285803,0.0039322070,0.0009902568,0.0023887483,-0.0017351042,-0.0014625528,0.0526514318,0.0362548672,0.0222738075,0.0158485641,0.0038393040,-0.0192581110
2017-05-19,-0.0027154237,-0.0011941952,0.0074764372,0.0027987116,0.0002652176,-0.0004296736,0.0535699811,0.0364999877,0.0222763384,0.0160401185,0.0040012643,-0.0193553852
2017-05-22,0.0058930637,-0.0024671376,0.0003396765,-0.0013944083,-0.0023422747,0.0030131090,0.0540229478,0.0374667527,0.0228439374,0.0159997981,0.0050387847,-0.0193066690
2017-05-23,0.0060024386,-0.0024909947,0.0041346007,-0.0063463754,-0.0028670663,0.0028144740,0.0539706762,0.0375639927,0.0227831606,0.0158467744,0.0050877440,-0.0192585275
2017-05-24,-0.0058628854,0.0022234237,0.0016009936,0.0026072911,-0.0072099890,0.0033792885,0.0541384572,0.0377107683,0.0232911962,0.0162374728,0.0055425006,-0.0190309716
2017-05-25,0.0068460467,0.0040784271,0.0027196119,0.0019172191,-0.0052868119,0.0033225637,0.0544075597,0.0370782490,0.0230105474,0.0168797234,0.0056811049,-0.0193211461
2017-05-26,-0.0026004423,-0.0014404906,-0.0021007832,0.0029414644,-0.0020065835,-0.0051650738,0.0543774678,0.0377018379,0.0225309426,0.0165747887,0.0055440780,-0.0195216352
2017-05-29,0.0042710704,0.0026347398,0.0030141602,0.0007028515,-0.0032433429,0.0005814064,0.0543650744,0.0378892438,0.0231141192,0.0166416083,0.0055812938,-0.0197395753
2017-05-30,-0.0004815790,-0.0047724104,-0.0048395610,-0.0049676853,0.0014134310,0.0031522078,0.0542776188,0.0373882043,0.0221022017,0.0169967383,0.0056927750,-0.0198125657
2017-05-31,0.0064375737,-0.0034971041,-0.0044109532,-0.0066492168,-0.0063000180,0.0012685994,0.0540093737,0.0373015176,0.0220104935,0.0178125600,0.0061202216,-0.0198555074
2017-06-01,0.0066896182,0.0026992281,-0.0019120993,-0.0046472311,-0.0041704729,-0.0016298059,0.0544778334,0.0367347747,0.0220847168,0.0177737795,0.0059768202,-0.0196020690
2017-06-02,-0.0014196761,-0.0051646203,0.0032612683,-0.0050933262,0.0011813060,-0.0057471030,0.0553161970,0.0364095118,0.0227002866,0.0180172152,0.0058645139,-0.0191452222
2017-06-05,0.0032676872,0.0014123400,-0.0034339261,0.0018720454,0.0051135227,0.0055053121,0.0557765531,0.0362806862,0.0231568564,0.0181011151,0.0055688130,-0.0189996680
2017-06-06,0.0009064237,-0.0019214415,-0.0009597166,-0.0035184492,0.0045369933,0.0043573821,0.0563208912,0.0364831471,0.0233493267,0.0189566850,0.0059473116,-0.0184426195
2017-06-07,0.0050773085,-0.0020712952,-0.0008630964,0.0024643483,0.0053193220,-0.0003862820,0.0566230593,0.0363587173,0.0232867574,0.0195032453,0.0054079837,-0.0183801090
2017-06-08,-0.0022231703,0.0015009246,-0.0066594433,0.0008226518,-0.0019965243,0.0027552864,0.0558736961,0.0366908648,0.0238125761,0.0189927424,0.0056971398,-0.0185575358
2017-06-09,-0.0070705021,0.0002441932,-0.0043613821,0.0023828248,0.0067990294,-0.0014184556,0.0565963987,0.0370920259,0.0241732560,0.0188082521,0.0061500499,-0.0187243215
2017-06-12,0.0040967909,-0.0027595545,-0.0006787302,-0.0028173223,0.0013369157,-0.0036262519,0.0560616598,0.0367322925,0.0247580952,0.0193250472,0.0055012457,-0.0189557632
2017-06-13,0.0025505111,0.0003375956,-0.0034199206,-0.0092077224,0.0017278208,-0.0026458255,0.0561153426,0.0368991739,0.0246371255,0.0194793125,0.0060750598,-0.0190057688
2017-06-14,-0.0046094328,-0.0001741185,-0.0003679812,0.0037575891,-0.0052726735,-0.0001351766,0.0564884313,0.0365422195,0.0248641072,0.0195821795,0.0065593838,-0.0187761729
2017-06-15,-0.0031945208,-0.0086147843,-0.0107612753,0.0066218829,0.0008010853,0.0076322079,0.0561568814,0.0359550179,0.0243074856,0.0188239114,0.0066719301,-0.0184648095
2017-06-16,0.0039787193,0.0012078690,0.0027223861,0.0019691938,0.0038159115,0.0034982873,0.0557164662,0.0358951504,0.0240836553,0.0195827564,0.0063311512,-0.0186393469
2017-06-19,0.0009285311,0.0022111728,0.0041272135,-0.0047316943,-0.0041824816,-0.0002337903,0.0556553560,0.0356403778,0.0244818447,0.0201185272,0.0061085295,-0.0183512406
2017-06-20,0.0046639144,-0.0035918015,-0.0017932405,0.0101852043,0.0001420756,-0.0015143297,0.0547711871,0.0353783133,0.0246923946,0.0199310491,0.0057758864,-0.0187899831
2017-06-21,0.0046985412,0.0035859915,0.0055222708,-0.0063024658,-0.0033115790,0.0013400343,0.0549032969,0.0352537807,0.0243792944,0.0193908714,0.0057796129,-0.0191876401
2017-06-22,-0.0031571944,0.0018081008,-0.0040217637,0.0065245941,-0.0018840987,0.0013490814,0.0554790896,0.0350857634,0.0240879508,0.0188451233,0.0047470688,-0.0193426496
2017-06-23,-0.0049559240,-0.0018919640,-0.0007457163,0.0009635737,0.0000535335,-0.0075167489,0.0549719809,0.0353392138,0.0244811627,0.0180222574,0.0048084290,-0.0189214230
2017-06-26,0.0002459270,-0.0070203970,-0.0013364831,-0.0012326072,0.0008197764,0.0019666583,0.0547414226,0.0347646935,0.0247123719,0.0186172470,0.0050441380,-0.0181492291
2017-06-27,0.0079633040,-0.0015712608,0.0017734762,0.0031334018,0.0017150930,-0.0018547307,0.0545582709,0.0352640473,0.0244269441,0.0187306053,0.0048624824,-0.0181289679
2017-06-28,-0.0059383477,-0.0034256196,-0.0087783907,-0.0041162942,-0.0000952233,-0.0014867816,0.0545862960,0.0351341695,0.0251887285,0.0188874153,0.0052893419,-0.0187458518
2017-06-29,0.0016896251,0.0013915908,0.0006917968,-0.0004162968,0.0042609361,-0.0022202966,0.0546364017,0.0351452788,0.0259820321,0.0193943999,0.0051884274,-0.0188016231
2017-06-30,0.0046694955,0.0040518714,-0.0119321126,0.0030452429,0.0041613343,0.0015054805,0.0543016141,0.0344274258,0.0256157692,0.0194747280,0.0046520746,-0.0179413791
2017-07-03,-0.0083920279,0.0030050787,0.0006127296,0.0038186834,-0.0014135051,0.0040530383,0.0545411551,0.0342480691,0.0254758479,0.0192238947,0.0044944491,-0.0186959935
2017-07-04,0.0058859843,0.0029108940,-0.0114499988,0.0033652576,0.0008110244,-0.0010367846,0.0545998238,0.0336005402,0.0250117197,0.0197187867,0.0043534448,-0.0181063465
2017-07-05,0.0019557024,-0.0035307270,-0.0061810419,-0.0056457285,0.0104917462,0.0002392399,0.0541401431,0.0335712985,0.0244904314,0.0196890170,0.0048294702,-0.0178021620
2017-07-06,0.0000277912,-0.0041253046,-0.0050034002,-0.0011740381,0.0030151096,-0.0065164715,0.0536371060,0.0336004823,0.0251367073,0.0196026310,0.0042168358,-0.0176752146
2017-07-07,0.0072207206,-0.0020686727,0.0073872220,0.0047289746,0.0025235374,-0.0051704343,0.0537220409,0.0339274680,0.0256498080,0.0197349545,0.0043915129,-0.0176506534
2017-07-10,0.0009427174,0.0004344746,-0.0003335154,0.0016067522,0.0082857089,-0.0049541268,0.0540336291,0.0339109364,0.0255446989,0.0190302537,0.0040721352,-0.0182563941
2017-07-11,0.0033751612,-0.0017955771,-0.0042196063,0.0039100469,-0.0006870523,0.0006631305,0.0548492946,0.0342179387,0.0254013828,0.0192620817,0.0042582418,-0.0180338119
2017-07-12,-0.0057934627,-0.0085629793,0.0002589783,0.0003103682,0.0029651040,-0.0038379460,0.0544841503,0.0338699902,0.0247757745,0.0189849655,0.0041989461,-0.0182149336
2017-07-13,0.0069250087,0.0004881247,0.0003067658,-0.0018313689,-0.0085097262,0.0004329360,0.0548332917,0.0335685117,0.0244383781,0.0187332726,0.0040588145,-0.0174671267
2017-07-14,-0.0011271606,-0.0011731372,0.0016731520,-0.0065094130,-0.0017501831,-0.0013365713,0.0555678763,0.0334016528,0.0246332129,0.0184367491,0.0037314077,-0.0171922923
2017-07-17,-0.0005082498,-0.0040175746,0.0006422342,-0.0013565016,0.0030427515,0.0041946632,0.0553663662,0.0338492680,0.0242970990,0.0183809043,0.0030675624,-0.0173399806
2017-07-18,0.0029631292,-0.0056382442,0.0052936426,-0.0013653164,0.0055391694,0.0020164632,0.0550055215,0.0333488620,0.0244542152,0.0186115651,0.0028227609,-0.0177074735
2017-07-19,-0.0005900394,0.0013157202,-0.0019781065,0.0085505444,-0.0021898318,0.0024016027,0.0553845719,0.0333347750,0.0244915198,0.0186591388,0.0025048352,-0.0174175318
2017-07-20,-0.0003166323,0.0073294424,-0.0040632931,-0.0017516291,-0.0044854966,0.0052673045,0.0550625734,0.0332630642,0.0245908033,0.0188308922,0.0025275825,-0.0179038927
2017-07-21,0.0101878871,0.0020248348,0.0039308333,0.0009907183,0.0071415921,-0.0129141678,0.0553711449,0.0331462126,0.0251234729,0.0182190567,0.0028427395,-0.0184627304
2017-07-24,0.0065678146,0.0024461741,-0.0015348687,-0.0074383278,0.0033900467,-0.0031252932,0.0555420445,0.0331809508,0.0256665065,0.0179350360,0.0026020966,-0.0190211048
2017-07-25,0.0038548359,-0.0043936238,-0.0054526847,-0.0029232472,-0.0009434647,-0.0075305515,0.0554143886,0.0337391162,0.0256951697,0.0183730729,0.0026529455,-0.0188439623
2017-07-26,0.0061550207,0.0027553512,0.0012915807,-0.0044902740,-0.0003717667,-0.0076937245,0.0555744580,0.0333586072,0.0259535005,0.0189281424,0.0031721367,-0.0184549702
2017-07-27,-0.0031462921,0.0071156479,-0.0040468261,0.0122902125,-0.0093746005,-0.0029923005,0.0555662471,0.0337316791,0.0266864428,0.0193208037,0.0032310333,-0.0186013778
2017-07-28,0.0001733240,-0.0018581305,0.0003116463,0.0114921594,-0.0062816543,-0.0064013220,0.0565824293,0.0337091856,0.0269327303,0.0192187852,0.0025530328,-0.0182850170
2017-07-31,0.0108558275,0.0024664690,0.0011321589,-0.0017257937,-0.0033802883,0.0045690364,0.0564384648,0.0326169859,0.0267768825,0.0199441226,0.0025766153,-0.0180506673
2017-08-01,-0.0018621453,-0.0039743932,0.0051202648,0.0000063096,0.0104209709,0.0003952400,0.0567726213,0.0325719274,0.0269050097,0.0191322292,0.0023480122,-0.0183474474
2017-08-02,-0.0015978999,-0.0016331343,-0.0017304400,0.0077764569,-0.0060259721,0.0108108495,0.0574023076,0.0330599728,0.0269081532,0.0191751105,0.0026466732,-0.0174457297
2017-08-03,0.0033564403,-0.0142844108,-0.0099925571,-0.0046242961,-0.0015021886,-0.0099917875,0.0576914758,0.0336012890,0.0264892417,0.0200004809,0.0028158887,-0.0177082666
2017-08-04,0.0072763668,-0.0068401660,-0.0049125632,0.0030897057,0.0070466037,-0.0095059535,0.0569911143,0.0333290987,0.0269524650,0.0202877198,0.0021733076,-0.0180656458
2017-08-07,0.0183368477,-0.0112415272,-0.0007140261,-0.0024763216,0.0130756055,0.0024204679,0.0579041632,0.0327701946,0.0263975922,0.0206969239,0.0023564248,-0.0176187541
2017-08-08,-0.0027497513,-0.0050495049,0.0040690510,0.0018187806,0.0023766020,-0.0033631007,0.0580624663,0.0327488658,0.0266405803,0.0209847164,0.0025201411,-0.0174367404
2017-08-09,-0.0025292341,0.0081121788,0.0085363617,-0.0034186786,0.0024163131,0.0019868064,0.0583792088,0.0320353573,0.0265412622,0.0215839844,0.0024873473,-0.0173709142
2017-08-10,-0.0005494067,0.0141928204,-0.0045253012,-0.0000274546,0.0029152819,-0.0002865736,0.0581170098,0.0314838415,0.0262547477,0.0213356724,0.0020278534,-0.0175819248
2017-08-11,0.0099411096,0.0028715620,-0.0018750842,-0.0045007736,-0.0037304842,-0.0075808542,0.0581644677,0.0322768234,0.0268446562,0.0208647822,0.0022628989,-0.0174244073
2017-08-14,0.0090217203,-0.0046669498,0.0047696707,0.0019241620,-0.0118238598,0.0134291195,0.0584426006,0.0320588334,0.0268287998,0.0210481382,0.0013514502,-0.0177838034
2017-08-15,0.0104916865,0.0084304556,0.0004941386,-0.0063797162,-0.0002943853,-0.0091052746,0.0584889904,0.0324703686,0.0270612700,0.0213281369,0.0019291457,-0.0177550087
2017-08-16,0.0003617443,0.0019068006,-0.0042357973,0.0001445119,0.0056895475,0.0036177410,0.0586850579,0.0324104431,0.0273642754,0.0211651063,0.0027690852,-0.0185406992
2017-08-17,0.0009013588,0.0070662242,-0.0001462359,0.0014481233,-0.0036243838,-0.0034435465,0.0584502248,0.0319604321,0.0273096783,0.0208029212,0.0031748395,-0.0182023968
2017-08-18,0.0019576942,0.0043717646,0.0018377612,-0.0004956283,0.0018850200,0.0029858199,0.0584571614,0.0318073654,0.0270255672,0.0211842850,0.0022063126,-0.0185124850
2017-08-21,0.0028948774,0.0067014749,-0.0006777626,-0.0051544575,-0.0028234429,0.0030518709,0.0579803475,0.0315113360,0.0272612448,0.0210294307,0.0021356549,-0.0182541890
2017-08-22,0.0032015012,-0.0050838782,0.0014925769,0.0020080732,0.0026768653,-0.0023358831,0.0578728142,0.0312908460,0.0278579433,0.0205425096,0.0021739360,-0.0187396760
2017-08-23,0.0025949542,-0.0029746035,0.0027883860,0.0035862261,0.0026679887,-0.0038607026,0.0579698141,0.0313219915,0.0280321171,0.0202558268,0.0014065743,-0.0190061920
2017-08-24,0.0004104505,-0.0046138714,-0.0046994051,-0.0001682013,0.0008356321,0.0005127600,0.0582291897,0.0319978181,0.0279067739,0.0203554421,0.0012485513,-0.0182754080
2017-08-25,0.0021950634,0.0017291326,0.0022764318,0.0035554057,-0.0051559428,0.0036594315,0.0578425467,0.0327475810,0.0274815506,0.0204656795,0.0004769635,-0.0181710004
2017-08-28,0.0008687002,-0.0006064367,0.0064421749,-0.0025904033,0.0029909678,-0.0080412225,0.0582149574,0.0328574301,0.0279721733,0.0205976243,0.0005348409,-0.0179867437
2017-08-29,0.0103629653,0.0065398108,-0.0027706054,0.0104517002,-0.0139197975,-0.0063383578,0.0582146639,0.0321504003,0.0271329853,0.0204368763,0.0006077768,-0.0173983204
2017-08-30,0.0013721748,-0.0075968320,-0.0145239653,-0.0051584363,-0.0054554762,0.0042303438,0.0582029459,0.0331071326,0.0276955121,0.0200640702,0.0001055988,-0.0175611578
2017-08-31,0.0051174434,0.0093429184,-0.0007177894,0.0034599365,-0.0041210380,-0.0116958361,0.0579666008,0.0321105267,0.0282330490,0.0200684293,-0.0002647633,-0.0179872050
2017-09-01,-0.0070888400,-0.0049980227,-0.0010095912,-0.0031051952,-0.0019491083,-0.0087688127,0.0582541870,0.0320020975,0.0278152753,0.0201726571,-0.0004439946,-0.0176265281
2017-09-04,-0.0102120453,0.0088068946,-0.0004052970,0.0003255868,0.0018242817,0.0081541889,0.0587197124,0.0319643807,0.0279133460,0.0202005352,-0.0002989436,-0.0181660698
2017-09-05,-0.0020533556,0.0019803380,-0.0082703525,0.0064689415,-0.0172481659,-0.0119138479,0.0586741402,0.0316270274,0.0274391851,0.0208493780,-0.0001133284,-0.0183698347
2017-09-06,-0.0003164151,0.0000340222,0.0049718654,0.0036094152,0.0009519568,-0.0155648327,0.0591935637,0.0317905810,0.0276792870,0.0208726602,0.0002466876,-0.0173287947
2017-09-07,-0.0106650029,0.0010098168,-0.0008657328,0.0031301874,-0.0045621212,-0.0073326019,0.0588318633,0.0324110209,0.0276825853,0.0205735752,0.0002319340,-0.0170679078
2017-09-08,-0.0049398806,-0.0012142820,0.0082169143,0.0012172956,-0.0002807927,-0.0052401419,0.0588751267,0.0328646478,0.0275123415,0.0196817648,0.0002249686,-0.0178017023
2017-09-11,-0.0042176309,-0.0014624818,0.0045975860,-0.0005576850,0.0044342403,0.0044469567,0.0592601284,0.0323724569,0.0270936466,0.0197478561,0.0001452450,-0.0180959609
2017-09-12,-0.0036378861,0.0040738365,0.0097656190,-0.0052154078,0.0053958331,-0.0020207137,0.0592429826,0.0322578736,0.0275803916,0.0192852801,0.0007997230,-0.0176580127
2017-09-13,-0.0108667738,0.0056080228,-0.0013776671,-0.0003448327,0.0092737576,0.0109612566,0.0596448655,0.0322888438,0.0271374482,0.0192322751,0.0009237534,-0.0174352488
2017-09-14,-0.0027670778,0.0035643451,-0.0102257815,0.0088602353,-0.0049317023,-0.0016251492,0.0594049580,0.0326529526,0.0266767224,0.0191529442,0.0013895288,-0.0169476300
2017-09-15,0.0047169069,0.0135769008,-0.0085630137,-0.0012410725,0.0090456610,0.0028870392,0.0594778038,0.0331421778,0.0265425732,0.0190067051,0.0015309840,-0.0164259726
2017-09-18,-0.0011957841,0.0005399309,-0.0051899035,0.0028203123,0.0187275017,0.0059322751,0.0589112741,0.0336037291,0.0262581375,0.0194658174,0.0017517877,-0.0164551125
2017-09-19,-0.0036445584,0.0002773606,0.0017874676,0.0048108285,-0.0011140581,-0.0052073354,0.0585949075,0.0334884533,0.0263074781,0.0195539034,0.0016416824,-0.0166334863
2017-09-20,-0.0133851073,0.0246483677,0.0010374598,-0.0009612227,-0.0005196508,-0.0099388857,0.0585010992,0.0335984847,0.0262000451,0.0198475549,0.0015090333,-0.0168759308
2017-09-21,0.0128523951,0.0228376172,-0.0194202033,0.0046213927,0.0006715037,0.0094078861,0.0585117270,0.0328278169,0.0262884143,0.0196652746,0.0004963494,-0.0169092672
2017-09-22,-0.0013199447,-0.0111605532,0.0168221131,-0.0062366553,-0.0236678448,-0.0094992736,0.0582459199,0.0316253283,0.0259208866,0.0204097790,0.0004231788,-0.0167132800
2017-09-25,-0.0188921985,-0.0098469936,-0.0079162710,-0.0137708829,0.0051509426,-0.0047440300,0.0581080387,0.0318823311,0.0258795582,0.0207208733,0.0008702179,-0.0171783956
2017-09-26,-0.0040894148,0.0113271174,-0.0164983199,-0.0104282015,0.0100631804,-0.0211759678,0.0578566139,0.0320260788,0.0255897765,0.0205354384,0.0008278424,-0.0175857868
2017-09-27,0.0213505912,-0.0121595984,-0.0130705050,0.0112597053,0.0068893190,0.0142184024,0.0581712949,0.0315512927,0.0252664552,0.0203386745,0.0006380736,-0.0178714111
2017-09-28,0.0240061642,-0.0078339557,-0.0355763000,-0.0039339370,-0.0080357803,0.0086136369,0.0582986917,0.0313629477,0.0256072798,0.0201156813,0.0008467300,-0.0190002733
2017-09-29,-0.0058164044,0.0035302292,-0.0107656253,0.0198075212,0.0218772653,0.0179651730,0.0578157686,0.0315296055,0.0260967080,0.0198899235,0.0011891240,-0.0189981241
2017-10-02,-0.0349428717,0.0086765664,0.0127440632,-0.0034875283,0.0119628925,-0.0023412272,0.0575394276,0.0320302474,0.0258115463,0.0197201545,0.0013158002,-0.0185772589
2017-10-03,-0.0236386162,-0.0100554167,0.0312906100,-0.0189115717,-0.0108574374,-0.0062096497,0.0571660985,0.0319022406,0.0259240563,0.0191751334,0.0014676880,-0.0183705090
2017-10-04,0.0144845506,0.0174517816,-0.0081240877,0.0090815454,0.0009686919,0.0025292368,0.0565479317,0.0318088068,0.0261516533,0.0188778916,0.0012148641,-0.0183960167
2017-10-05,0.0087283294,0.0002861553,0.0156271081,0.0104578820,0.0056230695,0.0046337749,0.0563692081,0.0316702487,0.0263577114,0.0193895593,0.0013899200,-0.0186177971
2017-10-06,0.0084234325,0.0168614465,-0.0025752749,-0.0001980240,0.0156120282,0.0291931099,0.0568215390,0.0317349009,0.0260981292,0.0195109325,0.0012615640,-0.0186407522
2017-10-09,-0.0002258580,-0.0155875678,0.0052253144,-0.0151427350,-0.0056408318,-0.0005888376,0.0566756803,0.0314709478,0.0259228869,0.0193483845,0.0013173742,-0.0186427915
2017-10-10,-0.0129735185,0.0002174289,0.0214738192,-0.0097593662,0.0140955201,0.0148141103,0.0560164425,0.0309338486,0.0256711718,0.0189345389,0.0013001749,-0.0188563703
2017-10-11,0.0121899772,0.0071692272,-0.0164169322,0.0102868284,0.0078210855,-0.0063347280,0.0563355105,0.0309494849,0.0258039046,0.0190391581,0.0010294107,-0.0192144754
2017-10-12,0.0071362281,0.0196199756,0.0064346652,0.0129071932,-0.0105346630,-0.0069545608,0.0562991598,0.0308579962,0.0260248799,0.0190687105,0.0011159138,-0.0196845968
2017-10-13,0.0170259129,0.0085049507,-0.0061863153,-0.0270225790,0.0040248936,0.0069730834,0.0565106554,0.0307522941,0.0261102002,0.0195967958,0.0009854693,-0.0204199314
2017-10-16,0.0042127735,-0.0010602233,-0.0025086110,0.0152912408,-0.0062922130,-0.0124191146,0.0561823292,0.0316399873,0.0261521855,0.0201999422,0.0012329439,-0.0211561859
2017-10-17,0.0199608782,-0.0135075043,-0.0035775847,0.0044785662,0.0007265924,0.0160324466,0.0564643126,0.0318049437,0.0264570080,0.0196045264,0.0006731120,-0.0207850141
2017-10-18,-0.0142729856,0.0004757378,0.0012641552,0.0154840864,-0.0064999504,0.0079815287,0.0558366617,0.0323877507,0.0267882678,0.0196905415,0.0008626417,-0.0209652211
2017-10-19,0.0077952854,0.0134648758,0.0124234682,0.0062765022,0.0247652719,-0.0052194799,0.0559781425,0.0326646209,0.0268629501,0.0198657438,0.0008667576,-0.0207973304
2017-10-20,0.0088533879,-0.0000288397,0.0104026293,0.0056476030,-0.0222950744,0.0138370560,0.0557804214,0.0328529288,0.0263275923,0.0194842874,0.0003879911,-0.0205042604
2017-10-23,-0.0207621427,-0.0073923337,0.0029346215,-0.0203189713,-0.0103489764,-0.0123639091,0.0556676294,0.0326989953,0.0259296025,0.0199268814,0.0005831677,-0.0199143442
2017-10-24,-0.0237465318,-0.0178022943,-0.0114633167,0.0054875959,0.0255413376,-0.0059116806,0.0551685052,0.0327104359,0.0260182495,0.0194221044,0.0000933765,-0.0200342196
2017-10-25,-0.0017761819,0.0257897306,0.0085696231,-0.0119447421,0.0022066179,0.0247666429,0.0554607678,0.0325326726,0.0262908676,0.0194874302,0.0001379577,-0.0201390299
2017-10-26,0.0176929699,0.0129523139,0.0085003361,0.0160180031,0.0101985473,-0.0157712627,0.0553357992,0.0325754168,0.0267748535,0.0194359079,0.0003101651,-0.0201488480
2017-10-27,0.0002142732,-0.0111243804,0.0264770019,-0.0004973632,-0.0333436081,0.0202587848,0.0547499854,0.0328214697,0.0261686497,0.0189430681,0.0008580308,-0.0203166654
2017-10-30,0.0011032984,0.0017576537,0.0064398225,0.0012215715,0.0110587604,-0.0203037563,0.0544697913,0.0323894513,0.0264221096,0.0190192928,0.0007128099,-0.0203687959
2017-10-31,-0.0006598755,0.0074442281,0.0035815132,-0.0039473642,0.0064035436,-0.0021255386,0.0544892413,0.0324462701,0.0262292911,0.0190636477,0.0008695962,-0.0204395494
2017-11-01,-0.0025868858,0.0099794961,0.0040779074,-0.0036926570,0.0007202135,0.0137339705,0.0547311159,0.0325803749,0.0267873240,0.0181193050,0.0008512790,-0.0199585757
2017-11-02,0.0005321649,0.0015057453,0.0004953176,0.0034160439,-0.0014328049,0.0061548081,0.0543303770,0.0332733199,0.0265728074,0.0178977871,0.0008883983,-0.0195159353
2017-11-03,0.0026406542,-0.0040510351,0.0049990820,0.0006426213,0.0016310785,-0.0016187380,0.0542511131,0.0334587287,0.0272800280,0.0172211435,0.0010357060,-0.0193276775
2017-11-06,-0.0003441527,0.0011188035,-0.0011516213,-0.0043497494,0.0003350171,0.0000241011,0.0540177932,0.0326075447,0.0273141116,0.0169049890,0.0015522009,-0.0203710794
2017-11-07,-0.0019770679,-0.0045851609,-0.0017246322,-0.0051946635,0.0007725734,0.0037470166,0.0541429787,0.0319537222,0.0271300454,0.0166728729,0.0010063182,-0.0201027443
2017-11-08,-0.0044764587,0.0059257107,0.0014066180,-0.0052348414,0.0051010006,-0.0054035576,0.0539004770,0.0317415910,0.0271499087,0.0163226386,0.0007396083,-0.0196595881
2017-11-09,-0.0031730622,-0.0051077725,0.0019921836,0.0002369166,-0.0000627451,-0.0067344484,0.0536209335,0.0320346691,0.0278066225,0.0163615887,0.0005606116,-0.0199078977
2017-11-10,0.0016224429,-0.0065058168,0.0012245334,0.0022233159,-0.0084104009,0.0025858075,0.0537349636,0.0323102633,0.0276263172,0.0154971238,0.0009024325,-0.0198818945
2017-11-13,-0.0015196407,-0.0005544377,0.0020416760,-0.0007704183,0.0000286322,0.0027896152,0.0538109525,0.0317117278,0.0274830981,0.0162517307,0.0003735053,-0.0195645302
2017-11-14,0.0013998899,-0.0021420096,-0.0052378266,-0.0027675173,0.0043893481,-0.0048222341,0.0551228643,0.0315885149,0.0272086076,0.0161174086,0.0006195994,-0.0199944451
2017-11-15,0.0027179621,0.0015994026,0.0000448282,-0.0007489982,0.0058652569,-0.0053585193,0.0545721102,0.0311071133,0.0267761143,0.0157301523,0.0012704183,-0.0200920547
2017-11-16,-0.0018678260,0.0011063066,0.0003480953,0.0058322854,-0.0060222557,0.0006976654,0.0542617214,0.0315439696,0.0267103696,0.0157387413,0.0012595497,-0.0201631268
2017-11-17,0.0055502387,-0.0007344727,-0.0015192835,-0.0027984601,-0.0013145886,-0.0019673953,0.0535938718,0.0316135718,0.0266426911,0.0156723211,0.0010201842,-0.0204387186
2017-11-20,-0.0030342553,-0.0014043619,0.0027060389,-0.0027737489,0.0044778021,0.0007765968,0.0526547716,0.0320881803,0.0265830742,0.0159067268,0.0007995305,-0.0202321219
2017-11-21,-0.0001087719,0.0007514498,0.0013891162,-0.0018977756,-0.0002803897,-0.0038645057,0.0524219694,0.0322743149,0.0263028642,0.0158874848,0.0010935465,-0.0202578485
2017-11-22,-0.0004551479,-0.0056906343,-0.0035778111,0.0030222503,0.0040403699,0.0038261439,0.0520335644,0.0321542919,0.0262964557,0.0158381420,0.0003274836,-0.0200416396
2017-11-23,0.0020276582,-0.0021534110,0.0003988550,0.0067664558,0.0016470644,0.0036113965,0.0516429047,0.0323125169,0.0262551111,0.0159253693,0.0001281483,-0.0198249684
2017-11-24,0.0029753082,0.0054998140,-0.0025066785,0.0039215927,0.0004270683,0.0013610713,0.0517511568,0.0313324664,0.0254030626,0.0152755598,-0.0000358734,-0.0199289147
2017-11-27,-0.0035572725,0.0019295930,0.0099123166,-0.0022663609,-0.0041043826,0.0017717624,0.0516587277,0.0310145434,0.0252961557,0.0147676012,0.0003152845,-0.0203298464
2017-11-28,0.0023186858,-0.0013562553,-0.0005604351,-0.0007673065,0.0034014755,-0.0024686022,0.0513733293,0.0309603983,0.0254285369,0.0149408317,-0.0001829290,-0.0205238939
2017-11-29,0.0043543745,0.0007247287,-0.0018963383,0.0041982793,-0.0021977916,0.0035544913,0.0511470676,0.0312203859,0.0254764267,0.0150352119,-0.0011839580,-0.0206397852
2017-11-30,0.0004020256,0.0003105693,0.0014108397,-0.0006983867,-0.0001453617,-0.0005341370,0.0509663636,0.0316990854,0.0254698936,0.0154856480,-0.0013133001,-0.0209677437
2017-12-01,-0.0023600529,-0.0009118339,0.0003232044,-0.0046063686,-0.0028512140,0.0118211681,0.0511941668,0.0309088843,0.0252065349,0.0158184081,-0.0012982847,-0.0207992752
2017-12-04,-0.0001954797,-0.0010296717,-0.0005778995,0.0022208048,-0.0043646200,-0.0048816506,0.0511068883,0.0312135757,0.0253131339,0.0166377132,-0.0015503469,-0.0213999839
2017-12-05,-0.0104997027,-0.0071429621,0.0037151674,0.0005354149,-0.0019463048,0.0005671851,0.0506712456,0.0314061545,0.0250108781,0.0168524030,-0.0013938293,-0.0208109011
2017-12-06,-0.0059428847,0.0020977086,-0.0085009525,-0.0014296427,-0.0085521336,-0.0008823410,0.0509299049,0.0313606713,0.0256637340,0.0167324487,-0.0011315587,-0.0211004348
2017-12-07,-0.0038588608,0.0065991929,0.0017207046,0.0015946243,-0.0000336526,0.0035527107,0.0513929292,0.0308210519,0.0253832009,0.0162949510,-0.0011079477,-0.0209772852
2017-12-08,0.0005504078,0.0060815245,0.0025022681,0.0024836563,0.0034158837,0.0002701744,0.0514652231,0.0311638016,0.0258350166,0.0154946846,-0.0004159929,-0.0208326083
2017-12-11,0.0016449826,0.0025158708,0.0045831077,-0.0042304757,0.0032191855,-0.0044410875,0.0515365423,0.0310339190,0.0252669043,0.0153063527,-0.0008711203,-0.0206144355
2017-12-12,0.0006972519,0.0060802043,0.0094120064,-0.0060815025,-0.0061517341,0.0013591102,0.0510296155,0.0311256667,0.0255296129,0.0150686574,-0.0008201657,-0.0204992326
2017-12-13,-0.0000835926,0.0038577471,-0.0000736242,0.0009517535,0.0010169042,0.0036454179,0.0511256425,0.0313230029,0.0256804456,0.0151661437,-0.0010462179,-0.0216301765
2017-12-14,0.0010608237,0.0020745665,0.0009123006,0.0042512019,0.0048463835,-0.0039589072,0.0503273885,0.0312130022,0.0253523929,0.0146286897,-0.0011333643,-0.0212954219
2017-12-15,0.0034626538,0.0021511795,-0.0094998435,-0.0055211946,0.0000371414,0.0035204067,0.0509125330,0.0312752245,0.0257468722,0.0145764487,-0.0014863607,-0.0209401347
2017-12-18,0.0077323217,-0.0015822955,0.0046339556,-0.0012313428,0.0000913752,0.0019141697,0.0510974330,0.0307834843,0.0257613966,0.0148980938,-0.0018391623,-0.0206046047
2017-12-19,-0.0012731790,-0.0032848318,-0.0006260290,-0.0019623748,0.0018867678,-0.0045869318,0.0513686974,0.0309909444,0.0254503676,0.0146530881,-0.0024002767,-0.0211048476
2017-12-20,-0.0027956013,0.0016433900,-0.0048847636,0.0027401423,-0.0050219572,-0.0037080210,0.0505596739,0.0309533701,0.0251264528,0.0145373701,-0.0019639138,-0.0211490386
2017-12-21,0.0038921786,-0.0003769184,0.0015113452,0.0061190248,0.0067117390,0.0026701929,0.0507919629,0.0308430048,0.0247489855,0.0138884055,-0.0021691493,-0.0212460828
2017-12-22,0.0063523511,0.0012598885,0.0005859071,-0.0026224662,-0.0044662481,0.0026632911,0.0511288147,0.0310399809,0.0246073982,0.0134391233,-0.0024875654,-0.0213855744
2017-12-25,-0.0041348145,-0.0072523318,0.0026051536,-0.0002750304,-0.0065087911,-0.0073604188,0.0513441404,0.0313306545,0.0242676217,0.0132053046,-0.0027823081,-0.0218277827
2017-12-26,0.0007492120,-0.0075745984,0.0005310547,0.0048612099,0.0024542249,-0.0002803850,0.0513783417,0.0316699609,0.0244695165,0.0124447015,-0.0033065804,-0.0209285447
2017-12-27,-0.0010882207,-0.0020721673,-0.0013961713,0.0002008425,-0.0015181963,-0.0016057247,0.0517448828,0.0317046512,0.0247774436,0.0124743473,-0.0030499761,-0.0210545017
2017-12-28,-0.0004825665,-0.0036355728,-0.0016815054,-0.0020121303,0.0076164606,0.0029040915,0.0517553313,0.0314659485,0.0247383157,0.0121732897,-0.0027995887,-0.0209385667
2017-12-29,0.0019194632,0.0039076782,-0.0010336368,-0.0001082314,0.0013356677,-0.0039270067,0.0518940970,0.0315894957,0.0243120342,0.0124325789,-0.0034790084,-0.0212958370
2018-01-01,0.0022274745,-0.0001247921,0.0037508357,-0.0022696436,0.0026915478,-0.0012588744,0.0512779394,0.0315212647,0.0246336714,0.0118064810,-0.0034183030,-0.0211716429
2018-01-02,0.0036975388,-0.0023384853,-0.0052334742,-0.0064164972,-0.0064939297,-0.0046529302,0.0519837944,0.0318570946,0.0242727688,0.0112807925,-0.0036649039,-0.0214732955
2018-01-03,0.0054081141,0.0038767364,-0.0000860355,-0.0032707487,0.0025056335,-0.0028470841,0.0521937487,0.0323466810,0.0237150030,0.0111389144,-0.0032635914,-0.0215008510
2018-01-04,0.0007456153,0.0003165427,0.0095843212,-0.0048210545,-0.0101037280,0.0025732768,0.0521061980,0.0326397923,0.0235832452,0.0107558288,-0.0028691079,-0.0215819272
2018-01-05,-0.0034120458,0.0065833677,-0.0016125830,-0.0068554540,0.0058248667,0.0057171809,0.0520932995,0.0324165341,0.0237020190,0.0101785189,-0.0028265451,-0.0211568024
2018-01-08,-0.0017924009,0.0020163204,0.0050582015,-0.0016699911,-0.0026426481,0.0001998141,0.0521932431,0.0324055012,0.0235979671,0.0102812866,-0.0024171389,-0.0216617388
2018-01-09,0.0001546446,-0.0074974494,0.0057726699,0.0017624780,-0.0055660965,-0.0008397250,0.0522490314,0.0320546339,0.0234547400,0.0104033711,-0.0023936363,-0.0220886265
2018-01-10,0.0069300312,-0.0037999430,-0.0130383585,0.0008030447,0.0041153693,0.0009381207,0.0519971455,0.0322496896,0.0239462479,0.0103995583,-0.0021346490,-0.0222463745
2018-01-11,0.0082632696,0.0056103925,0.0005029670,-0.0036366598,-0.0013534112,0.0016259498,0.0519465196,0.0327571518,0.0239416885,0.0092353293,-0.0027546300,-0.0218566634
2018-01-12,-0.0017353756,-0.0003057202,0.0014353766,-0.0013673926,-0.0047730747,0.0010587663,0.0522012651,0.0331134232,0.0246916115,0.0091124670,-0.0026647417,-0.0227814041
2018-01-15,0.0009216511,-0.0046450879,0.0056487048,-0.0104027110,-0.0067047542,0.0042277158,0.0531038902,0.0327864600,0.0241575365,0.0090840067,-0.0020690655,-0.0228895239
2018-01-16,-0.0022153663,-0.0006512687,0.0083478372,0.0012445364,-0.0018038247,0.0090720678,0.0530888537,0.0327524811,0.0249093630,0.0088110144,-0.0024973514,-0.0225017335
2018-01-17,0.0035827373,0.0043856583,-0.0020480712,0.0045457935,-0.0061871526,-0.0067889791,0.0526950261,0.0325554876,0.0248481810,0.0089387510,-0.0029693510,-0.0219471204
2018-01-18,0.0004697913,-0.0033825922,0.0007645504,0.0058691647,0.0013354885,-0.0058015010,0.0534179046,0.0330450273,0.0246005420,0.0091605049,-0.0031700341,-0.0217705047
2018-01-19,0.0038751361,0.0026252000,0.0020137125,-0.0029322777,-0.0003009688,-0.0042362033,0.0532395587,0.0330257113,0.0242542928,0.0088573421,-0.0030123059,-0.0218314221
2018-01-22,-0.0004024773,-0.0015403312,-0.0012578053,0.0028526827,-0.0010477835,-0.0036802410,0.0528166927,0.0327983348,0.0243751175,0.0092576439,-0.0026855965,-0.0221608694
2018-01-23,0.0020636369,-0.0039577784,0.0046868282,-0.0053534598,-0.0013544529,-0.0040348487,0.0530034278,0.0331627259,0.0241814523,0.0089373125,-0.0024413615,-0.0224301340
2018-01-24,0.0010000788,0.0047766975,-0.0016819159,-0.0049815031,-0.0039571882,-0.0008079125,0.0530537605,0.0332629990,0.0240356749,0.0092041754,-0.0022324497,-0.0218207490
2018-01-25,-0.0023402757,-0.0016061442,0.0039599351,0.0015374734,0.0004277188,0.0011064108,0.0532599649,0.0336378635,0.0241244125,0.0087413237,-0.0020394227,-0.0218667273
2018-01-26,-0.0028227051,0.0003413456,0.0040688810,-0.0060113556,-0.0035942422,-0.0019257351,0.0535379575,0.0336522381,0.0238677758,0.0087770033,-0.0017699514,-0.0227785866
2018-01-29,-0.0049826931,0.0058369662,0.0047690383,0.0044350265,0.0010833569,0.0056487388,0.0534094247,0.0344302492,0.0242825389,0.0081467305,-0.0018336627,-0.0222863089
2018-01-30,-0.0009078294,0.0035343085,0.0072730817,-0.0057368006,0.0002413415,-0.0012824420,0.0534566627,0.0337173607,0.0255167550,0.0081684974,-0.0017089993,-0.0215512754
2018-01-31,-0.0018303634,-0.0005625593,-0.0040401377,0.0009369251,0.0007133618,0.0048568086,0.0538451586,0.0336463792,0.0257118850,0.0077182400,-0.0023104900,-0.0217533987
2018-02-01,-0.0032825242,0.0038866088,0.0051804519,0.0029802478,0.0052270500,-0.0016053910,0.0542310447,0.0333878125,0.0254693653,0.0075444089,-0.0019840153,-0.0215768626
2018-02-02,0.0066766973,-0.0075672048,0.0018784671,-0.0056901995,0.0006354856,-0.0027044054,0.0545328715,0.0338573513,0.0259344101,0.0075565283,-0.0020375301,-0.0212378738
2018-02-05,-0.0002210766,-0.0034864729,0.0003033978,-0.0109932901,0.0048041232,-0.0021169910,0.0541135786,0.0342738060,0.0259349393,0.0074730839,-0.0017798590,-0.0212890219
2018-02-06,0.0040429055,-0.0000892088,0.0018251714,-0.0031926997,0.0003517655,-0.0054963594,0.0546060296,0.0348468047,0.0263766520,0.0068464369,-0.0016946562,-0.0212490777
2018-02-07,-0.0019985628,0.0018038036,-0.0037515155,-0.0019673751,0.0081861213,-0.0079884682,0.0542057100,0.0354965133,0.0266083353,0.0068894010,-0.0015371575,-0.0207177430
2018-02-08,-0.0025263903,0.0014483665,0.0004105734,-0.0048774560,-0.0010104131,0.0068889873,0.0547775488,0.0360843590,0.0261423004,0.0064631852,-0.0018076413,-0.0198137607
2018-02-09,0.0002869180,0.0028915470,0.0024512377,-0.0008348346,0.0030950048,-0.0062661064,0.0548558477,0.0358526364,0.0256601338,0.0067266670,-0.0012984602,-0.0202871653
2018-02-12,-0.0068190831,-0.0030402086,-0.0033436103,-0.0053957320,-0.0043452026,0.0001596906,0.0545321521,0.0360628271,0.0248659100,0.0059769727,-0.0011091658,-0.0204521223
2018-02-13,-0.0107449249,-0.0007530568,-0.0018202887,0.0001478473,0.0028980141,0.0090177015,0.0541916131,0.0363703348,0.0253443769,0.0057761908,-0.0006375306,-0.0203533057
2018-02-14,0.0036878692,-0.0014643346,-0.0000195851,-0.0013792255,0.0060968251,-0.0002098281,0.0537682968,0.0359585153,0.0259121950,0.0059802956,-0.0012421942,-0.0198712296
2018-02-15,-0.0029498107,-0.0015298381,0.0010068811,0.0037708573,0.0001779856,0.0033817817,0.0533482850,0.0365284965,0.0259123214,0.0058502980,-0.0014247536,-0.0196480377
2018-02-16,0.0016981100,0.0016278318,-0.0037150345,0.0039814470,-0.0051991147,0.0024959453,0.0533891042,0.0363989489,0.0264009140,0.0060429525,-0.0020051808,-0.0199293395
2018-02-19,0.0015400375,-0.0046109003,0.0013796711,0.0008320056,0.0014064796,-0.0018394447,0.0531157706,0.0368444982,0.0268705975,0.0063862263,-0.0018027752,-0.0201900960
2018-02-20,0.0059405818,0.0102966360,0.0033607916,-0.0008681481,0.0031357936,-0.0042452735,0.0536232616,0.0366462304,0.0272999418,0.0061398708,-0.0012794358,-0.0204808417
2018-02-21,-0.0043487146,0.0057246951,-0.0037757219,0.0050440386,0.0018289770,-0.0048777442,0.0538353358,0.0365483831,0.0269989474,0.0057797760,-0.0014633022,-0.0206677577
2018-02-22,0.0006082575,0.0000053246,-0.0061035368,0.0042542060,-0.0058032342,0.0010957582,0.0537069010,0.0369871552,0.0268906591,0.0056095421,-0.0019113840,-0.0211497929
2018-02-23,-0.0044009585,0.0100618266,0.0029416418,0.0006043919,-0.0001616995,-0.0027106241,0.0540378648,0.0365513566,0.0267812213,0.0056051452,-0.0016125689,-0.0216312615
2018-02-26,0.0011027278,0.0021194065,-0.0006050042,-0.0020421591,0.0024469802,0.0016202294,0.0542999865,0.0365880360,0.0270442571,0.0055717099,-0.0011033130,-0.0214385978
2018-02-27,0.0069000961,0.0038376000,0.0048040424,0.0014730908,-0.0008573819,-0.0044655366,0.0547668093,0.0367185731,0.0270085553,0.0059572269,-0.0023138154,-0.0214796913
2018-02-28,-0.0051181314,-0.0025710014,-0.0017320635,-0.0044683901,0.0009845419,0.0014328680,0.0547333743,0.0365318142,0.0274982789,0.0060341687,-0.0027914840,-0.0209495555
2018-03-01,-0.0060767593,0.0034869256,0.0009542587,0.0023630857,-0.0031576135,0.0058413503,0.0549721445,0.0364300161,0.0265431888,0.0067897840,-0.0028692070,-0.0208149719
2018-03-02,-0.0087174442,-0.0049517558,0.0002184359,-0.0036571119,-0.0022892961,0.0026127766,0.0547653143,0.0354564401,0.0265337441,0.0066198487,-0.0036235708,-0.0208119368
2018-03-05,-0.0023345599,-0.0041076626,0.0015549778,-0.0014104493,0.0011564138,0.0034396570,0.0548065379,0.0357332768,0.0256687298,0.0067969734,-0.0042513175,-0.0208787418
2018-03-06,0.0006126153,0.0012254497,-0.0090526855,0.0000498469,-0.0046721240,-0.0018566563,0.0550269218,0.0359487559,0.0254130091,0.0075099987,-0.0045007772,-0.0199442483
2018-03-07,-0.0016357571,-0.0014722054,0.0102935319,0.0033214188,-0.0028653294,-0.0012235214,0.0543395681,0.0355591999,0.0248060126,0.0083743744,-0.0043309990,-0.0197230318
2018-03-08,0.0071771830,-0.0031051597,0.0029703899,0.0039890717,0.0024432866,0.0058087720,0.0537913774,0.0350314117,0.0249849244,0.0083844885,-0.0042426133,-0.0196670577
2018-03-09,0.0048843151,-0.0017495046,0.0013483023,0.0053635113,0.0002514926,-0.0015314600,0.0538152281,0.0351183403,0.0252296088,0.0083040099,-0.0053798771,-0.0192438555
2018-03-12,0.0065862767,-0.0003618561,-0.0031062779,0.0064495325,0.0003142485,0.0001902374,0.0535293863,0.0356010643,0.0256722865,0.0091170111,-0.0050842613,-0.0193871701
2018-03-13,-0.0045059362,0.0029937633,-0.0011873817,-0.0044861703,0.0021736267,-0.0013072730,0.0535197525,0.0347429184,0.0259308995,0.0090279624,-0.0047392086,-0.0197403684
2018-03-14,-0.0044799153,-0.0001685037,-0.0009990697,-0.0090564788,-0.0080421570,-0.0015076400,0.0537561046,0.0345514506,0.0258713756,0.0094489552,-0.0047216629,-0.0197626705
2018-03-15,-0.0016700412,0.0023964728,-0.0006293892,-0.0013067580,0.0005149008,-0.0038151075,0.0538492008,0.0338052956,0.0259738956,0.0089132303,-0.0047473988,-0.0202218898
2018-03-16,0.0011345127,0.0008636876,0.0042438703,-0.0080867994,-0.0050009247,-0.0057097103,0.0536314146,0.0341421407,0.0259535729,0.0091853079,-0.0043958079,-0.0203439224
2018-03-19,0.0008060781,0.0028332104,0.0006634041,-0.0004576395,0.0047726452,-0.0079613537,0.0537024423,0.0339492351,0.0253447983,0.0091618548,-0.0051136842,-0.0202572975
2018-03-20,0.0048370148,-0.0036568692,-0.0007174519,-0.0053518875,0.0016592101,-0.0032846897,0.0538903519,0.0339125147,0.0250251224,0.0093835764,-0.0055917242,-0.0200795885
2018-03-21,-0.0009365688,0.0047924944,0.0043447908,0.0014380341,-0.0029337981,0.0056676295,0.0536067279,0.0343337550,0.0244499748,0.0097316503,-0.0057954456,-0.0202955555
2018-03-22,0.0049292459,-0.0116211934,-0.0015824099,-0.0007734934,0.0024323217,0.0032660587,0.0535341952,0.0350438099,0.0241172844,0.0096775369,-0.0059513507,-0.0199790545
2018-03-23,-0.0033432517,0.0011651258,0.0050201556,0.0051459433,-0.0010804044,0.0016170141,0.0536762871,0.0346864036,0.0244401660,0.0096003060,-0.0053094679,-0.0196362128
2018-03-26,-0.0082085734,-0.0057924876,-0.0009893551,0.0010171542,0.0053954195,0.0091155293,0.0534120572,0.0347982549,0.0245053669,0.0093880291,-0.0063484435,-0.0196687516
2018-03-27,-0.0031557432,-0.0035276411,-0.0053515644,0.0021557252,0.0025153379,-0.0006698606,0.0532096869,0.0348224521,0.0245810065,0.0089416842,-0.0057748302,-0.0202687368
2018-03-28,-0.0001492957,-0.0047793393,-0.0003529403,-0.0014368449,0.0038251464,-0.0026585204,0.0531633363,0.0346742389,0.0245083979,0.0090348292,-0.0052024922,-0.0202133812
2018-03-29,-0.0096630686,0.0016996249,0.0056662967,-0.0025547569,-0.0003498360,0.0012760318,0.0531059942,0.0352048719,0.0241876416,0.0088920597,-0.0061372388,-0.0202335648
2018-03-30,-0.0045208095,0.0110923458,0.0070465025,0.0102947233,-0.0002869279,0.0105655114,0.0532581304,0.0358339817,0.0240708611,0.0090937769,-0.0060985103,-0.0211559449
2018-04-02,-0.0025979305,0.0037221110,0.0073851329,0.0013772589,0.0027527146,0.0019287659,0.0532105382,0.0359137502,0.0246905783,0.0091935470,-0.0060396593,-0.0209735136
2018-04-03,-0.0017752332,0.0007712216,0.0045456875,0.0041792962,-0.0044966351,-0.0009532546,0.0528764485,0.0359539600,0.0248460432,0.0092288495,-0.0056202849,-0.0212694117
2018-04-04,-0.0071378738,-0.0027500938,0.0041389413,0.0014025684,-0.0020396532,0.0039736792,0.0530317757,0.0361259960,0.0253685928,0.0091301939,-0.0061887424,-0.0213015311
2018-04-05,-0.0045540096,-0.0012239125,-0.0027601722,0.0010671454,0.0041066464,0.0002534689,0.0534980233,0.0360133214,0.0260685700,0.0089267902,-0.0064621620,-0.0210350695
2018-04-06,0.0019415213,-0.0038662463,-0.0047812203,-0.0041303942,0.0010966010,-0.0005842260,0.0545138020,0.0361890511,0.0257845101,0.0085233368,-0.0072241903,-0.0210589445
2018-04-09,0.0036921000,-0.0020791247,0.0004791370,-0.0002765343,-0.0024414539,0.0022898057,0.0545750649,0.0359111728,0.0256310407,0.0088054172,-0.0067448409,-0.0207761946
2018-04-10,0.0020866754,0.0028496693,0.0014274616,-0.0040637728,-0.0005283467,-0.0071236569,0.0545129208,0.0355264547,0.0252144412,0.0086726467,-0.0075081305,-0.0205237852
2018-04-11,0.0078801946,-0.0043726849,-0.0026557658,0.0084720689,0.0027334029,-0.0084507861,0.0544534525,0.0353844570,0.0256520677,0.0088193211,-0.0076858387,-0.0201282913
2018-04-12,-0.0039115774,0.0005794497,-0.0028870884,0.0003540390,0.0006928953,0.0028280640,0.0538432819,0.0354475530,0.0254112645,0.0095221834,-0.0080426342,-0.0197938863
2018-04-13,0.0006685339,0.0038574261,-0.0012261689,-0.0028931237,0.0038839600,-0.0040420362,0.0543115158,0.0357846563,0.0251147641,0.0086546723,-0.0077515633,-0.0200774332
2018-04-16,-0.0058668133,-0.0023732022,0.0020098216,-0.0020861976,0.0026644121,0.0037460176,0.0548754912,0.0363147455,0.0246031960,0.0082606575,-0.0078953470,-0.0199730079
2018-04-17,0.0033792837,0.0034833937,-0.0096485531,-0.0092593898,0.0014480945,-0.0051684422,0.0551836277,0.0362512513,0.0251478334,0.0081118237,-0.0080779561,-0.0194225257
2018-04-18,0.0051003863,0.0031799101,-0.0024152615,-0.0014866301,-0.0023475498,0.0017917381,0.0546104578,0.0360592920,0.0254893188,0.0085750752,-0.0078494718,-0.0188518955
2018-04-19,-0.0028128633,0.0004159156,0.0026099035,-0.0012085330,-0.0023315894,0.0007710424,0.0543249848,0.0360343427,0.0262958475,0.0079233062,-0.0078895123,-0.0191763159
2018-04-20,-0.0050720010,-0.0032288709,-0.0010151864,-0.0023936325,-0.0020679296,0.0005788914,0.0547075777,0.0358846453,0.0261169410,0.0080319017,-0.0072664685,-0.0191919898
2018-04-23,0.0052274241,-0.0055988839,0.0002033362,-0.0021515144,-0.0030101528,0.0060885810,0.0548049132,0.0372365920,0.0263206930,0.0080185046,-0.0077980386,-0.0193168838
2018-04-24,-0.0025839981,-0.0007236390,0.0002037741,-0.0004320533,-0.0016862845,0.0029066568,0.0542952552,0.0371337528,0.0268545375,0.0077864860,-0.0081072630,-0.0192513561
2018-04-25,-0.0065133760,-0.0051410638,-0.0079092645,-0.0098369296,0.0008880966,0.0013595494,0.0544338518,0.0372055537,0.0273661751,0.0079271594,-0.0083519620,-0.0187791525
2018-04-26,0.0028988438,-0.0012276486,-0.0008060283,0.0055928097,0.0048863096,0.0117125397,0.0543409214,0.0379748343,0.0271261611,0.0078350816,-0.0085592206,-0.0188158049
2018-04-27,0.0015059929,0.0038553660,0.0027609716,-0.0010695497,0.0063915294,0.0001940840,0.0540327266,0.0376672307,0.0271164546,0.0080838588,-0.0076762015,-0.0195182045
2018-04-30,0.0010504219,-0.0014665663,0.0010270931,0.0061996469,0.0068163859,0.0116231064,0.0542591228,0.0370768259,0.0273202091,0.0077352875,-0.0075582379,-0.0195066509
2018-05-01,-0.0039397491,0.0038775412,-0.0058103142,0.0037681894,-0.0023541337,0.0003490812,0.0540042124,0.0373576134,0.0269870709,0.0079864808,-0.0077229987,-0.0190257075
2018-05-02,0.0022042744,0.0015630605,0.0045682635,-0.0045995584,0.0004030726,-0.0012198208,0.0538049805,0.0369083834,0.0272778311,0.0077193995,-0.0085102269,-0.0190107308
2018-05-03,-0.0039135692,0.0001321746,0.0011752179,0.0037611738,0.0048636982,0.0089951218,0.0533453287,0.0363695936,0.0270997759,0.0081653788,-0.0087460640,-0.0186720863
2018-05-04,-0.0095718847,0.0042159770,-0.0060846047,-0.0029925377,0.0082875974,0.0032784236,0.0530878778,0.0368757818,0.0270785784,0.0077473519,-0.0090290561,-0.0188771206
2018-05-07,-0.0009397175,0.0048900298,-0.0022905240,0.0001357672,0.0042019963,0.0005297796,0.0532608694,0.0365159591,0.0270733424,0.0074999748,-0.0094583406,-0.0186549092
2018-05-08,0.0023721862,-0.0001861570,0.0073998195,0.0005515440,-0.0088456918,0.0031555798,0.0533363107,0.0364645464,0.0270454417,0.0077226038,-0.0101500781,-0.0176517032
2018-05-09,0.0025768931,0.0023249261,0.0063803097,-0.0022303495,0.0069137702,-0.0066298361,0.0532986491,0.0365115143,0.0269708277,0.0077819898,-0.0103193917,-0.0173946272
2018-05-10,0.0014614767,0.0026744524,0.0087919096,-0.0035066231,-0.0029007962,-0.0038979167,0.0536714954,0.0370704988,0.0267832304,0.0074713753,-0.0116990823,-0.0171476548
2018-05-11,-0.0058008614,0.0048602271,-0.0029125559,-0.0009596390,0.0043128875,0.0065078617,0.0537902183,0.0373132604,0.0256700223,0.0080246802,-0.0119220601,-0.0176409251
2018-05-14,0.0013266737,-0.0055336478,-0.0065426612,-0.0038004461,-0.0036745728,0.0016020213,0.0531478478,0.0377789518,0.0259127168,0.0078234273,-0.0120673749,-0.0167600411
2018-05-15,-0.0033983347,0.0004825787,0.0011472806,-0.0005470303,0.0017290472,-0.0025575374,0.0534557489,0.0375033362,0.0259596829,0.0075986470,-0.0123623832,-0.0168511208
2018-05-16,-0.0005117723,0.0040620987,-0.0025367253,0.0097468657,0.0027320676,-0.0024312040,0.0536948295,0.0371703393,0.0263674290,0.0078097559,-0.0130995930,-0.0169694525
2018-05-17,-0.0040917802,0.0071579497,-0.0013698359,-0.0009243751,-0.0021176939,0.0064590133,0.0535098463,0.0376493968,0.0262535599,0.0079767211,-0.0140648402,-0.0177535045
2018-05-18,0.0007457760,0.0065536308,0.0078439254,-0.0005219415,0.0056243329,0.0040748352,0.0536178394,0.0371393596,0.0257008601,0.0082224417,-0.0143536930,-0.0173345821
2018-05-21,-0.0052837785,-0.0015880222,0.0049927938,0.0075788574,0.0003182356,-0.0073125965,0.0532823483,0.0369902845,0.0255170025,0.0078819531,-0.0136893188,-0.0169970586
2018-05-22,-0.0041544486,0.0037727539,0.0023484064,0.0018339461,0.0020756030,0.0004356659,0.0533662038,0.0370059825,0.0246073671,0.0079240449,-0.0131821285,-0.0167952494
2018-05-23,0.0002741028,0.0012753221,0.0049116910,-0.0058868192,0.0007883576,0.0004870324,0.0539667966,0.0368773865,0.0252878343,0.0087664545,-0.0126573148,-0.0170489217
2018-05-24,0.0025994323,0.0017528763,-0.0019931097,-0.0050300483,0.0062422509,0.0011362649,0.0533919126,0.0366949201,0.0247800024,0.0085531455,-0.0121577227,-0.0171796636
2018-05-25,-0.0018143028,-0.0024590337,-0.0028514188,0.0013848984,0.0005730505,0.0008642771,0.0540057203,0.0367802071,0.0249101254,0.0084583289,-0.0120293149,-0.0174731897
2018-05-28,0.0081638536,-0.0011895599,-0.0026781533,0.0040774615,0.0012480148,-0.0000782176,0.0537754589,0.0360224780,0.0252276851,0.0086823124,-0.0125114772,-0.0177114592
2018-05-29,0.0012782539,0.0023461643,-0.0033829630,0.0056953705,0.0006964673,-0.0046313440,0.0536141607,0.0362101283,0.0258244009,0.0088209751,-0.0111392612,-0.0175352397
2018-05-30,-0.0020407414,0.0031116707,0.0003372661,0.0015334520,-0.0008974626,-0.0044468614,0.0536755847,0.0364844630,0.0259918757,0.0080953615,-0.0106831213,-0.0176215780
2018-05-31,-0.0047271523,-0.0052183253,0.0000803304,0.0000582595,-0.0009233469,0.0038516645,0.0542576057,0.0366960389,0.0265767222,0.0086753164,-0.0109102939,-0.0174013649
2018-06-01,-0.0003794390,0.0085456291,-0.0024138387,-0.0032724001,-0.0033867943,-0.0018107003,0.0543206269,0.0375344523,0.0266243268,0.0079826133,-0.0106506840,-0.0176752926
2018-06-04,0.0033892312,0.0002424596,0.0021398927,-0.0048195641,0.0008755235,0.0010049603,0.0534578827,0.0369661585,0.0263411562,0.0074329117,-0.0106073082,-0.0177795790
2018-06-05,0.0018729069,0.0004725742,0.0042903382,-0.0007337300,-0.0002092646,0.0090898599,0.0543218978,0.0373570615,0.0266806659,0.0077196792,-0.0100705416,-0.0174296174
2018-06-06,-0.0018472401,0.0019200608,-0.0013696995,-0.0012558534,0.0045017155,-0.0033305555,0.0544220176,0.0374296776,0.0269902037,0.0078207239,-0.0096074261,-0.0171402783
2018-06-07,0.0016912265,0.0000041263,-0.0025905289,-0.0064066919,-0.0007831261,-0.0013507957,0.0537289602,0.0378362733,0.0271956176,0.0078607299,-0.0093959342,-0.0169164513
2018-06-08,-0.0000066777,0.0021869479,0.0023839293,-0.0021658181,-0.0021885460,-0.0040584771,0.0534729209,0.0374144773,0.0272287927,0.0076910931,-0.0096195390,-0.0170325061
2018-06-11,-0.0039660985,0.0012983995,0.0009274189,0.0045785856,-0.0019539570,-0.0075070597,0.0531333989,0.0366184561,0.0276794101,0.0077102315,-0.0096374576,-0.0180404802
2018-06-12,-0.0004452956,0.0067009527,0.0005446738,0.0009161813,0.0015633692,-0.0013316865,0.0535958684,0.0369479482,0.0276601465,0.0078232338,-0.0105451949,-0.0180506389
2018-06-13,0.0052860220,0.0009779663,-0.0027054466,0.0007799852,0.0008806173,-0.0058623246,0.0537299477,0.0367774081,0.0269332728,0.0074556648,-0.0108959237,-0.0181552817
2018-06-14,-0.0044768235,0.0037088952,-0.0039708859,-0.0026481075,-0.0008207934,0.0018015827,0.0537150867,0.0372181714,0.0271525002,0.0076782061,-0.0108441507,-0.0178718354
2018-06-15,0.0102712581,0.0033182860,0.0060124755,-0.0068145504,0.0013154328,0.0002009152,0.0539279445,0.0371193581,0.0265464345,0.0076736897,-0.0103585631,-0.0177797549
2018-06-18,-0.0013583918,-0.0058012373,-0.0013097838,0.0017538442,-0.0034500314,0.0005956980,0.0540880267,0.0366454741,0.0267596746,0.0077950993,-0.0104655078,-0.0182277592
2018-06-19,-0.0018771621,-0.0053048825,-0.0012748063,-0.0030043700,-0.0018123428,-0.0019280130,0.0544699650,0.0367289325,0.0265630612,0.0081379710,-0.0102711055,-0.0180939519
2018-06-20,0.0031724122,-0.0019111547,-0.0043088426,-0.0031364008,-0.0019027737,0.0018821588,0.0542393697,0.0363782821,0.0265928491,0.0083769656,-0.0100529231,-0.0179360410
2018-06-21,0.0013669316,-0.0023360305,0.0027265380,0.0025530459,-0.0045463574,-0.0010258409,0.0541158816,0.0369401875,0.0264479477,0.0088168074,-0.0106805197,-0.0174872985
2018-06-22,-0.0007219299,0.0031216270,-0.0017459556,0.0020398039,0.0015831332,-0.0054175742,0.0544892425,0.0378009960,0.0264448930,0.0090032705,-0.0101165068,-0.0175291153
2018-06-25,-0.0017590012,0.0075791219,-0.0024469920,0.0029892122,-0.0063574688,0.0007024359,0.0541865910,0.0376622949,0.0267904867,0.0089797436,-0.0096899336,-0.0177517397
2018-06-26,0.0002567399,-0.0023854356,0.0052998496,-0.0027801595,-0.0041696871,-0.0048851760,0.0546953761,0.0379169445,0.0267469684,0.0087550165,-0.0098042546,-0.0168902282
2018-06-27,-0.0021551147,0.0050467435,-0.0032391923,0.0022317500,-0.0004192396,0.0012596945,0.0544205750,0.0380912082,0.0268472773,0.0083311842,-0.0091809670,-0.0167513480
2018-06-28,-0.0034202108,-0.0038941820,-0.0004658023,-0.0065531102,0.0005714246,0.0025541725,0.0547613359,0.0380206347,0.0270395837,0.0077947682,-0.0092476172,-0.0164407197
2018-06-29,0.0050429196,0.0005834851,-0.0027504630,0.0131346959,-0.0025629555,0.0034344058,0.0540398179,0.0382840852,0.0270791580,0.0080932520,-0.0094948169,-0.0173581962
2018-07-02,0.0062854447,-0.0032548751,0.0035162005,0.0000987169,-0.0057240240,-0.0021593804,0.0543779925,0.0385488136,0.0268603895,0.0077228814,-0.0097602819,-0.0173657781
2018-07-03,-0.0013914924,-0.0009027375,0.0036528669,0.0020574544,-0.0020628856,-0.0044135513,0.0540700627,0.0386970670,0.0263060121,0.0073716736,-0.0097603562,-0.0172059996
2018-07-04,-0.0024042610,-0.0048270521,0.0031732915,0.0001664353,0.0019385351,0.0022641523,0.0536194499,0.0383809635,0.0263481775,0.0074919473,-0.0097661856,-0.0169966103
2018-07-05,0.0012427528,0.0061329907,0.0024549809,-0.0029008989,0.0026667765,-0.0033074494,0.0536017753,0.0383196125,0.0265115223,0.0072109879,-0.0101862239,-0.0169052414
2018-07-06,0.0054959171,-0.0013127933,0.0030055504,0.0003419074,-0.0003069029,0.0015149743,0.0526566945,0.0382990275,0.0264733769,0.0072873859,-0.0095262126,-0.0175353705
2018-07-09,-0.0053164692,-0.0000102094,0.0042175325,0.0007521765,0.0036759441,0.0008662251,0.0528002751,0.0383285608,0.0268464573,0.0072943783,-0.0098454331,-0.0182460313
2018-07-10,-0.0016221381,-0.0075809554,-0.0069208109,0.0009664159,-0.0033786314,-0.0040419218,0.0537457862,0.0381628186,0.0268872577,0.0073766041,-0.0098104345,-0.0180817649
2018-07-11,-0.0026938053,-0.0041550098,0.0008998448,-0.0050666830,0.0024139825,-0.0047877427,0.0536621336,0.0382452008,0.0265099882,0.0074346020,-0.0099526652,-0.0180817700
2018-07-12,-0.0009239971,0.0013374736,-0.0003831680,0.0009939683,0.0000448721,0.0010057867,0.0530213008,0.0378636805,0.0261814004,0.0080608462,-0.0096935579,-0.0180446287
2018-07-13,0.0012896430,0.0020883901,0.0032636584,0.0018308175,-0.0023719600,0.0026298022,0.0537261269,0.0376060869,0.0256219420,0.0084026892,-0.0096791971,-0.0179984732
2018-07-16,0.0056082782,0.0024994521,-0.0009869640,-0.0006669472,0.0004245923,-0.0015059760,0.0545036189,0.0371056801,0.0264433359,0.0082177511,-0.0095232696,-0.0181209045
2018-07-17,0.0011589743,0.0037283457,0.0058096479,-0.0010759915,-0.0015627069,-0.0039932503,0.0541482333,0.0369315001,0.0268386012,0.0079402275,-0.0099227898,-0.0184989239
2018-07-18,0.0100717160,0.0065225455,0.0024497688,0.0043270902,-0.0020064447,0.0013105052,0.0536991182,0.0374702589,0.0266718048,0.0082309009,-0.0100345957,-0.0181895372
2018-07-19,0.0019203898,-0.0063905241,-0.0089003243,0.0057364254,-0.0095910251,0.0002767642,0.0528384110,0.0371715654,0.0265971340,0.0080294692,-0.0090985405,-0.0176167445
2018-07-20,-0.0043907817,0.0032767773,0.0046215195,-0.0029525458,-0.0053726348,-0.0011791268,0.0526235840,0.0376798665,0.0264123327,0.0083564667,-0.0082626844,-0.0173463306
2018-07-23,-0.0005535388,0.0031126199,-0.0022589759,-0.0043860936,0.0061672242,-0.0057743888,0.0522697518,0.0385764054,0.0255562909,0.0086867145,-0.0084667248,-0.0171958187
2018-07-24,-0.0063392425,-0.0012611153,-0.0038011206,0.0019181608,-0.0005835210,0.0007014542,0.0526134402,0.0391595682,0.0263325424,0.0086396013,-0.0083117552,-0.0167248674
2018-07-25,0.0042801340,0.0083095320,-0.0003081791,-0.0074503945,0.0034244970,-0.0021636728,0.0523057486,0.0391326593,0.0267098107,0.0087498964,-0.0088658371,-0.0172206469
2018-07-26,-0.0014410632,-0.0050109283,0.0012597602,-0.0019547360,0.0000905997,-0.0025587343,0.0523024109,0.0393918473,0.0265917058,0.0085246081,-0.0093714794,-0.0174795419
2018-07-27,-0.0025511296,0.0020853023,-0.0008854818,-0.0031531761,0.0021550680,0.0013364781,0.0521849346,0.0395615391,0.0278743970,0.0078841457,-0.0091175264,-0.0174143477
2018-07-30,-0.0013098895,-0.0001659371,0.0082104022,0.0002615744,-0.0061482992,-0.0015181550,0.0522383385,0.0394532947,0.0280681288,0.0079184680,-0.0094934311,-0.0180305056
2018-07-31,0.0009693506,0.0004554813,-0.0035547347,0.0024733854,0.0002906701,0.0050322412,0.0517504665,0.0388567723,0.0289095789,0.0076708481,-0.0095032624,-0.0185434373
2018-08-01,0.0005521759,0.0047947020,-0.0003285169,0.0000910570,0.0044573613,-0.0034043255,0.0521877873,0.0392767691,0.0293239334,0.0077472515,-0.0090691910,-0.0186750818
2018-08-02,0.0032019914,-0.0033956550,0.0009473863,-0.0104566031,0.0036859659,0.0022239238,0.0521406989,0.0394534648,0.0293174094,0.0072585806,-0.0089959579,-0.0187704442
2018-08-03,0.0029646018,0.0015191112,-0.0007438867,-0.0126160222,-0.0001489882,0.0023665033,0.0518977616,0.0394041264,0.0296443776,0.0069019247,-0.0091959826,-0.0184283899
2018-08-06,-0.0017739557,-0.0076928148,-0.0038027432,-0.0011141670,0.0015701251,-0.0011469624,0.0514781620,0.0389811089,0.0293752838,0.0070647071,-0.0087132972,-0.0187656271
2018-08-07,0.0055853939,-0.0014144168,-0.0003714225,-0.0033080059,0.0031213807,0.0008800663,0.0510024927,0.0388899609,0.0283201540,0.0067023422,-0.0088630152,-0.0190162711
2018-08-08,-0.0024055939,-0.0006163459,0.0062089526,-0.0015075581,-0.0000877323,0.0024874629,0.0510825376,0.0389143151,0.0282679558,0.0062269133,-0.0084009354,-0.0194397564
2018-08-09,0.0008868165,0.0026452333,0.0045086528,-0.0014879725,-0.0043254615,-0.0016308164,0.0507357207,0.0388326465,0.0286474744,0.0065319815,-0.0082889374,-0.0196975143
2018-08-10,-0.0008995579,-0.0016296639,0.0020353342,0.0003947966,-0.0062474907,-0.0001174690,0.0508670704,0.0383727040,0.0287193426,0.0069192486,-0.0081660113,-0.0198354362
2018-08-13,-0.0033574434,0.0005891281,0.0011494348,0.0009129812,-0.0007947718,-0.0081958715,0.0516447007,0.0383677906,0.0292208231,0.0069690321,-0.0087689326,-0.0199090558
2018-08-14,0.0040178416,-0.0004319689,0.0012484009,0.0030235718,-0.0024521718,-0.0059099708,0.0513299350,0.0382025266,0.0299156230,0.0064474928,-0.0085535065,-0.0192423631
2018-08-15,0.0018671965,-0.0042816333,-0.0008623660,-0.0057828227,0.0038719645,0.0061583690,0.0515022648,0.0387914505,0.0300706814,0.0072630381,-0.0082826904,-0.0193493718
2018-08-16,0.0067635249,0.0033476882,-0.0042942532,-0.0058397072,0.0047528187,-0.0011623196,0.0510747779,0.0381050371,0.0296902674,0.0074179468,-0.0080812992,-0.0192030399
2018-08-17,-0.0000595769,0.0006093381,-0.0005647622,0.0032283975,0.0002293424,-0.0031715018,0.0508377124,0.0384902677,0.0295629568,0.0073546693,-0.0082886564,-0.0194485464
2018-08-20,-0.0021166626,-0.0032280533,0.0008866659,-0.0047513771,0.0008107420,-0.0014349196,0.0509712454,0.0389105775,0.0292724625,0.0081033167,-0.0079232125,-0.0195497593
2018-08-21,0.0013152508,0.0022300603,0.0007087759,0.0051251021,0.0046538520,0.0040679703,0.0507666321,0.0395931335,0.0292365164,0.0079810349,-0.0083155774,-0.0195704983
2018-08-22,-0.0020695736,-0.0004164469,-0.0017332931,0.0015702962,0.0036174560,-0.0012634321,0.0510285279,0.0393650479,0.0290183539,0.0072647527,-0.0079785935,-0.0201712593
2018-08-23,-0.0007910344,-0.0012373232,0.0017671807,-0.0024548888,-0.0026886107,-0.0073273535,0.0506312357,0.0394689044,0.0286646016,0.0066726324,-0.0078848739,-0.0202178556
2018-08-24,0.0056372969,0.0064689920,0.0004469684,0.0050970767,-0.0064045459,-0.0005579246,0.0509385049,0.0397925712,0.0286014897,0.0072619877,-0.0080508765,-0.0202428231
2018-08-27,-0.0007607957,-0.0013756717,-0.0015868721,0.0035791455,0.0005523069,0.0044207684,0.0513893252,0.0397593904,0.0282031411,0.0077597351,-0.0074709797,-0.0204505696
2018-08-28,-0.0091159196,0.0029240279,-0.0028506052,0.0043632105,0.0020499107,-0.0031920595,0.0516102833,0.0398839019,0.0281320969,0.0081315037,-0.0071784610,-0.0198883916
2018-08-29,0.0038825725,0.0022670730,0.0016823235,-0.0017141221,0.0025384367,0.0012710877,0.0516592260,0.0394783468,0.0281142911,0.0079259673,-0.0079205265,-0.0192988711
2018-08-30,-0.0005848109,0.0015025476,-0.0017309569,0.0012138236,-0.0027573614,0.0015189642,0.0513916336,0.0399980453,0.0284997529,0.0077847382,-0.0072795023,-0.0195654195
2018-08-31,-0.0008349801,-0.0011198284,-0.0021884558,-0.0013738138,-0.0005972762,-0.0011652126,0.0512956876,0.0396063910,0.0284408402,0.0079161143,-0.0063501484,-0.0196843385
2018-09-03,0.0074011544,0.0050578119,0.0059103382,-0.0017521421,0.0030910492,-0.0029627391,0.0513358407,0.0386788134,0.0284738535,0.0082584318,-0.0066670070,-0.0189524778
2018-09-04,-0.0041792566,-0.0039958972,-0.0034728073,-0.0000410713,-0.0033246515,0.0005578130,0.0514234259,0.0392589826,0.0284452362,0.0086348054,-0.0069035615,-0.0179900554
2018-09-05,0.0018119183,0.0038823158,0.0062541521,-0.0068598196,-0.0026042731,-0.0037758954,0.0513928445,0.0390904453,0.0284175219,0.0083011944,-0.0070008001,-0.0175441838
2018-09-06,-0.0032324794,0.0032545370,-0.0021013745,0.0103864578,-0.0012751650,-0.0018238081,0.0514744406,0.0383377340,0.0280931928,0.0080882419,-0.0071767940,-0.0177341838
2018-09-07,-0.0001607441,0.0022191566,-0.0007814974,-0.0049406379,-0.0019439990,0.0052919255,0.0505333061,0.0382604156,0.0286650175,0.0083082566,-0.0074247138,-0.0176851941
2018-09-10,0.0041134400,0.0071581346,-0.0025745193,0.0044674673,-0.0029530413,0.0000023965,0.0513952676,0.0383109863,0.0287620681,0.0077627838,-0.0078342565,-0.0179440292
2018-09-11,0.0064712778,-0.0033589991,0.0015657798,-0.0009408619,0.0070346753,0.0017361689,0.0515672729,0.0384790651,0.0284576572,0.0084054246,-0.0077502888,-0.0171317495
2018-09-12,-0.0040533261,-0.0023036042,0.0028372673,0.0005060188,0.0045812122,-0.0061875641,0.0513278814,0.0384722364,0.0279738377,0.0085748365,-0.0081346506,-0.0165670497
2018-09-13,0.0021509315,-0.0011434602,-0.0012095799,0.0036879048,0.0014343612,0.0009471510,0.0509492089,0.0385015880,0.0285150262,0.0079416124,-0.0077905002,-0.0162859480
2018-09-14,0.0032755987,-0.0061797129,-0.0043501741,-0.0067086437,-0.0021423592,-0.0000352503,0.0505159487,0.0382732843,0.0285935390,0.0082137805,-0.0077957370,-0.0160527244
2018-09-17,0.0007669178,-0.0066836844,0.0038154636,0.0010402970,-0.0011025638,-0.0033221643,0.0506444244,0.0383069945,0.0282779837,0.0087827445,-0.0079506259,-0.0155922985
2018-09-18,-0.0002193331,0.0052276653,0.0034863154,-0.0018645899,-0.0031474952,-0.0012715090,0.0511670678,0.0384662518,0.0284354975,0.0084267708,-0.0076407039,-0.0155342796
2018-09-19,-0.0005156127,0.0053036048,-0.0029834621,-0.0073703869,-0.0020410542,0.0017233898,0.0508016234,0.0379677760,0.0287303087,0.0074071713,-0.0074356173,-0.0155802066
2018-09-20,-0.0007674767,0.0005365669,-0.0013034802,-0.0033573698,0.0030623858,-0.0035692965,0.0504967623,0.0379390043,0.0295340070,0.0077163892,-0.0076914659,-0.0159355602
2018-09-21,-0.0023602604,0.0041713076,-0.0016706766,-0.0009875862,0.0050536117,-0.0008470839,0.0507326936,0.0379397659,0.0296855513,0.0071213130,-0.0080303648,-0.0157124535
2018-09-24,0.0014726723,0.0013334939,-0.0009164713,-0.0007855282,-0.0009182205,0.0029511873,0.0513079162,0.0375189008,0.0296376399,0.0076374285,-0.0075186211,-0.0160244729
2018-09-25,-0.0013778452,0.0061653646,-0.0027062932,0.0030791417,0.0013232653,0.0011004879,0.0520174660,0.0375296162,0.0303249088,0.0085675678,-0.0078611281,-0.0168224457
2018-09-26,-0.0036576498,-0.0014884648,0.0032001257,0.0015367817,0.0037261155,-0.0073704176,0.0521556199,0.0378407912,0.0304238062,0.0086333989,-0.0079912401,-0.0163726506
2018-09-27,-0.0101246324,-0.0014802445,-0.0014325764,-0.0021625383,0.0029667537,-0.0024305738,0.0524306281,0.0378488207,0.0301398650,0.0092667334,-0.0088679022,-0.0160081326
2018-09-28,0.0042709684,-0.0077966206,-0.0049300507,0.0033379251,0.0030346939,0.0062144562,0.0524431066,0.0373993371,0.0303887612,0.0090966472,-0.0086200174,-0.0164961001
2018-10-01,0.0009347425,0.0009649639,0.0026952115,-0.0046844482,-0.0002143476,0.0037232565,0.0520076924,0.0368097161,0.0302887254,0.0089960212,-0.0095638337,-0.0163984603
2018-10-02,0.0021111984,-0.0081067945,0.0018129003,-0.0068416599,0.0033570155,0.0004324782,0.0525124503,0.0368705455,0.0305784354,0.0086544361,-0.0095525144,-0.0161252240
2018-10-03,0.0089461063,-0.0037870842,-0.0013191020,0.0051509370,-0.0027972792,-0.0052849863,0.0529237609,0.0365308967,0.0302421306,0.0088763853,-0.0094693626,-0.0156821597
2018-10-04,0.0045865119,0.0002542964,0.0077949775,0.0075423885,-0.0099631025,0.0006605786,0.0533955483,0.0367092124,0.0299308362,0.0082074626,-0.0095764638,-0.0161359654
2018-10-05,-0.0015027812,-0.0012339101,-0.0014482576,-0.0004428904,-0.0041767765,-0.0010246854,0.0528028950,0.0365359529,0.0296752595,0.0080035872,-0.0101411360,-0.0162892036
2018-10-08,0.0014357459,-0.0007149567,-0.0045681690,0.0053015872,0.0002602483,-0.0027418583,0.0521325854,0.0376583700,0.0291521783,0.0071467247,-0.0099206784,-0.0162748573
2018-10-09,-0.0079305712,-0.0007054971,-0.0013981799,-0.0092378677,0.0004133434,-0.0034310345,0.0524014069,0.0373542276,0.0292020714,0.0074122569,-0.0101233619,-0.0169870338
2018-10-10,0.0051604938,-0.0042469583,-0.0032910318,-0.0033676969,-0.0003702881,-0.0035728153,0.0529913477,0.0372069738,0.0291394094,0.0074345616,-0.0102028254,-0.0165777820
2018-10-11,0.0022425134,0.0048336721,0.0010533950,-0.0059456446,-0.0016088295,-0.0073748623,0.0526424686,0.0369885792,0.0284803951,0.0075294770,-0.0098429845,-0.0162205285
2018-10-12,-0.0091012385,0.0003384635,0.0036429848,-0.0000435058,-0.0011743965,-0.0005151250,0.0534195057,0.0376041952,0.0285810733,0.0074574876,-0.0101602263,-0.0161822175
2018-10-15,-0.0006050209,0.0015727893,-0.0069385373,0.0065879664,-0.0033774002,-0.0006198971,0.0530205669,0.0380179065,0.0281333292,0.0077485142,-0.0099342554,-0.0163124009
2018-10-16,-0.0014414706,-0.0005164904,0.0008473222,0.0091970366,0.0009835763,-0.0024648525,0.0526202027,0.0383523888,0.0282620376,0.0071682947,-0.0102460860,-0.0163959777
2018-10-17,0.0007929443,0.0081412826,0.0068545789,-0.0028652272,-0.0019864517,-0.0013958985,0.0527100504,0.0393424201,0.0280880726,0.0065825454,-0.0096971184,-0.0155585779
2018-10-18,-0.0016814795,0.0010296189,-0.0017248525,-0.0060167152,0.0031012351,-0.0059442671,0.0527790012,0.0392012596,0.0285533790,0.0070483522,-0.0093797574,-0.0151754105
2018-10-19,0.0021928359,-0.0016652621,-0.0036039711,-0.0001382193,0.0006034977,0.0032118844,0.0523286031,0.0391433666,0.0285186349,0.0061118962,-0.0086673230,-0.0151858746
2018-10-22,-0.0012023483,-0.0005000388,0.0069441870,-0.0006194830,-0.0044800194,-0.0022215051,0.0520297591,0.0395567779,0.0286389436,0.0063397724,-0.0087675980,-0.0153886207
2018-10-23,-0.0008225065,-0.0008212379,-0.0030571281,-0.0013232074,0.0028174526,-0.0013644296,0.0523619358,0.0396206681,0.0282254702,0.0059614840,-0.0087337099,-0.0150948417
2018-10-24,-0.0029783379,0.0054592036,0.0000838315,0.0015752976,-0.0009838988,0.0025210305,0.0524957650,0.0400846284,0.0280126487,0.0059134099,-0.0088000963,-0.0154741480
2018-10-25,-0.0038424554,0.0003579221,0.0004373911,-0.0039346496,0.0010237172,0.0023135457,0.0525790298,0.0404046695,0.0281514953,0.0058401186,-0.0086453763,-0.0154502466
2018-10-26,0.0035221089,-0.0004098362,0.0063773509,0.0002955705,-0.0000269741,0.0014635942,0.0532692912,0.0396360403,0.0291241157,0.0061028366,-0.0087569106,-0.0154244325
2018-10-29,0.0039113951,-0.0043305710,-0.0000357494,-0.0027811310,0.0028597264,0.0034258936,0.0533697336,0.0394030839,0.0288500943,0.0055212407,-0.0079340857,-0.0155587196
2018-10-30,0.0017091504,0.0046191628,-0.0054806699,-0.0045652438,-0.0015130736,0.0023803687,0.0530752430,0.0393099867,0.0295532017,0.0062145776,-0.0073834071,-0.0156438689
2018-10-31,-0.0015006552,-0.0017937586,-0.0029168822,0.0035145867,-0.0029184949,0.0007145723,0.0534748896,0.0395628268,0.0289958389,0.0060843306,-0.0075492048,-0.0154236209
2018-11-01,0.0017889526,-0.0055982633,-0.0035892150,0.0046976601,-0.0003661021,-0.0013372655,0.0533788727,0.0399515542,0.0286154345,0.0061164911,-0.0086105597,-0.0158642217
2018-11-02,0.0004638942,0.0017870145,-0.0042940867,-0.0038381886,-0.0019824059,0.0053469036,0.0540688959,0.0391506508,0.0281035468,0.0056398310,-0.0092187235,-0.0166191023
2018-11-05,0.0010782369,-0.0041799366,0.0018304334,0.0038117893,-0.0038994384,-0.0007812352,0.0541268750,0.0388638225,0.0285068964,0.0063317537,-0.0091925787,-0.0174923086
2018-11-06,-0.0019164125,-0.0049445184,-0.0042007126,0.0001990099,-0.0000335925,-0.0034605620,0.0538400496,0.0393258900,0.0283577888,0.0065913946,-0.0091062617,-0.0172851402
2018-11-07,0.0045262388,-0.0001234790,-0.0019002216,-0.0095530234,0.0026447833,-0.0063484165,0.0540996708,0.0394890249,0.0291772853,0.0057849670,-0.0088599436,-0.0171482608
2018-11-08,0.0031044825,-0.0056354060,-0.0005580821,0.0069230517,-0.0055765532,-0.0043450348,0.0541207700,0.0399347820,0.0286510606,0.0064380529,-0.0085495380,-0.0176649359
2018-11-09,0.0087506205,-0.0033973914,-0.0027395681,0.0038701221,-0.0010244731,0.0034857805,0.0540304932,0.0404201628,0.0290475534,0.0062480305,-0.0082348047,-0.0171848707
2018-11-12,0.0047236868,0.0049440536,-0.0103325560,-0.0014595472,0.0010428303,0.0126291460,0.0543046569,0.0398025616,0.0290135327,0.0061299002,-0.0094225826,-0.0174369772
2018-11-13,-0.0088818555,0.0001392969,0.0029236292,0.0055955282,-0.0033562434,-0.0094603350,0.0536961299,0.0394896932,0.0286833480,0.0067385172,-0.0088732132,-0.0176943745
2018-11-14,0.0007572155,0.0023304795,-0.0006968243,-0.0119530004,0.0038750178,0.0029299188,0.0531724179,0.0391697671,0.0286379957,0.0062269728,-0.0088186227,-0.0173397995
2018-11-15,0.0084854327,0.0078900950,0.0119558899,0.0031957768,0.0046800155,0.0010708790,0.0529459036,0.0386457901,0.0289253276,0.0065216840,-0.0083129941,-0.0172143683
2018-11-16,0.0024527970,-0.0014867339,-0.0015095066,-0.0110493766,0.0002063835,-0.0030460028,0.0535091066,0.0385845183,0.0289743434,0.0061130324,-0.0083099634,-0.0165529805
2018-11-19,-0.0087351646,0.0007984467,0.0143588116,0.0031501806,0.0133369478,-0.0008584185,0.0536663689,0.0389961102,0.0292400020,0.0067621457,-0.0088803516,-0.0159359244
2018-11-20,0.0037207075,0.0073284024,-0.0071552621,-0.0000948308,0.0048029036,0.0025514576,0.0537497883,0.0392622738,0.0294291046,0.0067449055,-0.0082813036,-0.0161526540
2018-11-21,0.0035263719,-0.0028548905,-0.0013840399,0.0015396497,-0.0062930569,0.0019955448,0.0541842177,0.0395422392,0.0294104065,0.0063962164,-0.0081484773,-0.0169439193
2018-11-22,0.0025826968,0.0028551515,-0.0075753119,0.0051630593,0.0094223288,0.0061656395,0.0542242508,0.0394020532,0.0292561697,0.0063765210,-0.0075811277,-0.0177919082
2018-11-23,0.0133789893,-0.0017836392,0.0050658589,-0.0063208569,0.0010741049,-0.0007205249,0.0539231584,0.0396767690,0.0288412769,0.0066201501,-0.0073793304,-0.0175170203
2018-11-26,-0.0036225158,0.0036263758,0.0161432004,-0.0100787823,-0.0014196754,0.0007005740,0.0532586940,0.0401140617,0.0290022049,0.0071866582,-0.0071220855,-0.0172976264
2018-11-27,0.0009682375,-0.0094496491,0.0098943367,-0.0025781364,-0.0049685154,-0.0021708507,0.0533677075,0.0399649675,0.0287350308,0.0072779612,-0.0070412098,-0.0168667451
2018-11-28,0.0053699471,-0.0004108836,-0.0003327940,0.0077524972,-0.0038978122,-0.0100066244,0.0536388097,0.0392914815,0.0282342109,0.0072858207,-0.0076882737,-0.0166701459
2018-11-29,0.0018954535,0.0063206078,-0.0044717752,-0.0026581455,-0.0059808429,0.0075563498,0.0534752562,0.0395672764,0.0280912650,0.0070392071,-0.0080185702,-0.0165077773
2018-11-30,0.0056328100,-0.0061375556,0.0013428305,0.0126258363,-0.0115121789,0.0022852136,0.0531243741,0.0397511249,0.0283341602,0.0066736100,-0.0078452348,-0.0163897370
2018-12-03,0.0052117165,-0.0056991031,0.0193882238,0.0006522142,-0.0015068733,0.0043066716,0.0525299241,0.0396483454,0.0288499094,0.0067247643,-0.0070620061,-0.0156899465
2018-12-04,0.0022273768,0.0052721747,0.0065621414,0.0012489721,-0.0003077340,0.0021283055,0.0522440536,0.0395476338,0.0291625158,0.0068507234,-0.0072084564,-0.0150395508
2018-12-05,0.0018341211,-0.0051088915,-0.0064748903,0.0040437758,-0.0075817478,-0.0029774948,0.0519902486,0.0396290294,0.0291565398,0.0073185094,-0.0070786897,-0.0146315251
2018-12-06,-0.0020340455,-0.0024912943,0.0058043956,-0.0032927391,0.0045350809,-0.0102637613,0.0515335677,0.0391807902,0.0289092897,0.0071927175,-0.0074851492,-0.0145600888
2018-12-07,-0.0015127078,-0.0129276593,-0.0067824043,-0.0008940802,-0.0048553820,0.0088564545,0.0521489553,0.0390603078,0.0290268178,0.0067967269,-0.0078597791,-0.0146618841
2018-12-10,0.0064521813,-0.0092048617,0.0082320685,0.0008356392,0.0063185428,-0.0005893072,0.0524417662,0.0385388838,0.0285947051,0.0072945256,-0.0079782151,-0.0146207486
2018-12-11,0.0014301056,0.0066067174,-0.0045542041,-0.0104406458,-0.0037449687,-0.0105874888,0.0519486010,0.0388955228,0.0282231332,0.0077090137,-0.0081536698,-0.0145358609
2018-12-12,0.0131876825,-0.0025886208,0.0008886784,-0.0067205980,-0.0005900200,-0.0047160729,0.0516533100,0.0388056275,0.0289466626,0.0075099633,-0.0077866246,-0.0143396369
2018-12-13,-0.0056044644,-0.0096079584,0.0034806482,0.0118144999,-0.0062086954,-0.0002685336,0.0523074338,0.0394141086,0.0289972010,0.0071960445,-0.0075528213,-0.0141678607
2018-12-14,-0.0006364672,0.0025508706,-0.0001341517,0.0022008792,0.0123818039,0.0007609789,0.0525923015,0.0393846454,0.0291325149,0.0069416302,-0.0075238055,-0.0139348769
2018-12-17,-0.0044362608,0.0221306920,0.0122610657,-0.0076750272,-0.0175626039,0.0212258147,0.0526530975,0.0393005839,0.0295853199,0.0065785308,-0.0069961828,-0.0147174401
2018-12-18,0.0080137333,-0.0063703207,0.0064953159,-0.0017086646,-0.0103327626,-0.0013211490,0.0534892029,0.0400315318,0.0290057982,0.0067519898,-0.0074526193,-0.0151498407
2018-12-19,0.0112337658,0.0234945203,-0.0106191625,0.0099750647,0.0069376671,0.0007842777,0.0540097706,0.0399237893,0.0283186828,0.0065369507,-0.0082535388,-0.0157371522
2018-12-20,0.0163947585,-0.0200246690,0.0028242442,0.0002422014,-0.0032122293,0.0060901369,0.0531335070,0.0403671971,0.0285344269,0.0065665192,-0.0078389327,-0.0158856266
2018-12-21,-0.0019576349,-0.0010225383,0.0016000083,-0.0027687581,-0.0004000514,0.0085090565,0.0529701624,0.0409329870,0.0289416305,0.0070176074,-0.0083158199,-0.0160339590
2018-12-24,0.0178079033,0.0098722306,-0.0089665252,-0.0031566271,-0.0169004970,0.0030601988,0.0526559077,0.0409039120,0.0287797571,0.0072671717,-0.0087661815,-0.0163427305
2018-12-25,-0.0062730888,0.0111746520,0.0069872539,-0.0161861806,0.0043685821,0.0295427603,0.0530834563,0.0407210461,0.0286918734,0.0073752628,-0.0084495454,-0.0161644303
2018-12-26,-0.0007964013,0.0000348150,0.0023085296,-0.0157304520,-0.0117451887,-0.0214384249,0.0536199530,0.0407620071,0.0289442869,0.0073558192,-0.0084957745,-0.0153791666
2018-12-27,0.0069469701,0.0055823947,-0.0041925303,-0.0034306496,0.0009309456,0.0092406096,0.0535717148,0.0409083960,0.0288383710,0.0074842571,-0.0085024690,-0.0149966468
2018-12-28,0.0027178760,-0.0040705599,0.0009176528,-0.0108045148,-0.0054035400,-0.0038142436,0.0536322878,0.0401080540,0.0286374560,0.0073057316,-0.0087222250,-0.0156115816
2018-12-31,0.0058730976,-0.0036264611,0.0086587809,0.0021449755,-0.0115582528,-0.0087260342,0.0537025984,0.0401284919,0.0291802901,0.0077032550,-0.0077469529,-0.0160441614
2019-01-01,-0.0010705094,0.0044206525,-0.0084878536,0.0164125555,-0.0068353606,0.0044857055,0.0533409556,0.0395882655,0.0292289191,0.0082485911,-0.0072909015,-0.0162946257
2019-01-02,-0.0044785306,-0.0046541083,0.0118099590,0.0069491033,-0.0044286664,-0.0090892737,0.0527030557,0.0397710485,0.0297748783,0.0080648422,-0.0072166438,-0.0161871625
2019-01-03,0.0136850585,-0.0083516974,-0.0064744362,-0.0010388742,-0.0031702451,-0.0132086381,0.0520282878,0.0392136729,0.0295750587,0.0085756039,-0.0070038301,-0.0168862416
2019-01-04,0.0103365829,-0.0017488934,-0.0022563773,0.0036332703,-0.0100285828,-0.0005000562,0.0515600466,0.0398144918,0.0297946724,0.0081660094,-0.0064448510,-0.0173947286
2019-01-07,-0.0003855011,0.0013662009,0.0035814805,0.0086542064,-0.0113381357,-0.0015334110,0.0516547165,0.0395578467,0.0289928020,0.0079278008,-0.0060358145,-0.0174042394
2019-01-08,-0.0019886102,-0.0000623092,0.0013533058,-0.0017440763,0.0030681795,0.0048548477,0.0516821577,0.0399664457,0.0294297272,0.0086903888,-0.0055464357,-0.0176391894
2019-01-09,-0.0051087903,0.0007340806,0.0047192335,-0.0010451480,0.0019158306,0.0071704611,0.0516792689,0.0402191388,0.0289892984,0.0087735092,-0.0060064177,-0.0175596550
2019-01-10,-0.0103379220,-0.0042845612,0.0064225451,-0.0099472887,-0.0030960867,-0.0046882066,0.0516952061,0.0398913936,0.0293802589,0.0087033706,-0.0065635496,-0.0169066707
2019-01-11,0.0035635598,-0.0033327318,-0.0030737623,-0.0031577254,0.0086984375,-0.0041136462,0.0515274820,0.0403570680,0.0291447804,0.0089166713,-0.0064335681,-0.0161990841
2019-01-14,-0.0047594489,0.0016205073,0.0032230330,-0.0163090737,-0.0064798180,0.0000308149,0.0520495141,0.0402542040,0.0290789187,0.0090236533,-0.0063054895,-0.0159010820
2019-01-15,0.0048652502,0.0033259824,-0.0089589682,0.0148062972,-0.0039013308,0.0073158516,0.0518797028,0.0403021003,0.0290364097,0.0086948629,-0.0064392078,-0.0156827743
2019-01-16,0.0020389129,0.0078557559,0.0017645597,-0.0120239321,0.0072900692,0.0041100060,0.0513980864,0.0399765211,0.0288394957,0.0086544946,-0.0060625101,-0.0156689366
2019-01-17,-0.0030603853,0.0014887808,-0.0001609008,0.0031552754,0.0003193044,0.0047856665,0.0515799739,0.0404622526,0.0290508602,0.0082861563,-0.0059378372,-0.0161154019
2019-01-18,-0.0027106139,-0.0073136699,-0.0007677285,-0.0021415347,-0.0000787629,-0.0000721686,0.0517703400,0.0406313003,0.0295159318,0.0081698285,-0.0066244343,-0.0159344328
2019-01-21,0.0080209937,-0.0067135402,0.0086269585,-0.0034009522,-0.0025935078,0.0001043489,0.0518580590,0.0410578555,0.0297010625,0.0086368779,-0.0068227491,-0.0154305364
2019-01-22,0.0118513304,0.0069272936,-0.0086335009,-0.0081739294,0.0146531408,0.0036687581,0.0527762638,0.0409262547,0.0297484246,0.0090696598,-0.0070514020,-0.0152349320
2019-01-23,-0.0052107901,-0.0034955993,0.0047838428,0.0068509084,-0.0024817607,0.0087285898,0.0532792000,0.0410372027,0.0296379922,0.0084377661,-0.0075021545,-0.0153811576
2019-01-24,-0.0008185120,0.0070285420,-0.0062129775,-0.0050448070,-0.0145216960,0.0058499154,0.0531875012,0.0410565296,0.0293370060,0.0085891467,-0.0071592021,-0.0149120198
2019-01-25,0.0004896818,0.0009762150,-0.0014665375,0.0014206713,0.0051961463,-0.0002966846,0.0529690726,0.0417984925,0.0293006495,0.0097733151,-0.0076439500,-0.0153713751
2019-01-28,0.0019883284,-0.0056484573,0.0028478358,-0.0018394747,-0.0050011936,-0.0023868959,0.0523713095,0.0418075863,0.0289845993,0.0102297040,-0.0076686531,-0.0154722665
2019-01-29,0.0011577064,-0.0029462450,0.0000958225,0.0008150266,0.0076455801,-0.0020298382,0.0520348070,0.0424963322,0.0285622227,0.0105728930,-0.0075102751,-0.0153849375
2019-01-30,-0.0016180530,-0.0049278523,0.0143181357,-0.0000237511,-0.0003537583,0.0024268491,0.0516860510,0.0424708296,0.0289390405,0.0101686743,-0.0079920562,-0.0160725662
2019-01-31,-0.0002779960,0.0142090001,0.0059920521,-0.0012045959,0.0030418914,-0.0088001260,0.0518069938,0.0423166540,0.0287046265,0.0103303233,-0.0069913728,-0.0164039138
2019-02-01,-0.0030376679,-0.0002842695,0.0045450276,-0.0015940737,0.0012732911,-0.0006236373,0.0524741605,0.0422426963,0.0287064643,0.0106791891,-0.0070413501,-0.0169768876
2019-02-04,0.0034628167,-0.0013587522,0.0011889865,0.0062687971,-0.0114521631,0.0009435150,0.0530619624,0.0419866498,0.0282328309,0.0099892307,-0.0070433935,-0.0173844500
2019-02-05,0.0011677262,0.0005786415,0.0006125625,0.0004934914,0.0015767279,-0.0022580959,0.0535092010,0.0422647913,0.0286389613,0.0101270858,-0.0076458877,-0.0176228839
2019-02-06,-0.0077336482,-0.0000228110,0.0019941239,-0.0089842681,-0.0062561781,0.0057091488,0.0526434300,0.0425418506,0.0286853466,0.0105617167,-0.0073734872,-0.0171610894
2019-02-07,-0.0035536373,-0.0044749023,-0.0033955281,0.0037764833,-0.0006280344,-0.0035958972,0.0524932350,0.0425270593,0.0290567608,0.0102713599,-0.0077101562,-0.0174836743
2019-02-08,0.0041603238,-0.0023248632,-0.0083326280,-0.0033246354,0.0077610925,0.0070393782,0.0526821150,0.0419283297,0.0285233374,0.0112491252,-0.0073140281,-0.0174711316
2019-02-11,0.0113225374,-0.0076158293,0.0095137527,0.0038062996,0.0080349518,-0.0029180904,0.0526395004,0.0415867173,0.0281886044,0.0110964124,-0.0079718254,-0.0173100381
2019-02-12,-0.0010590699,-0.0020089401,0.0087127466,-0.0047318330,0.0086334539,0.0131515983,0.0527842899,0.0416724848,0.0284532741,0.0109960816,-0.0075979357,-0.0172821007
2019-02-13,0.0031639743,0.0018055294,-0.0075050632,0.0059279535,0.0048973869,-0.0060809790,0.0526367052,0.0416786663,0.0286697451,0.0112189805,-0.0077918821,-0.0169257700
2019-02-14,-0.0097492032,-0.0008125447,-0.0024175424,-0.0058400205,-0.0059449918,0.0003611182,0.0521859120,0.0416760674,0.0290603653,0.0112040372,-0.0074680472,-0.0167296547
2019-02-15,0.0010264671,0.0030723794,0.0044275132,0.0016011640,-0.0026270035,0.0006422082,0.0526914360,0.0414796648,0.0293430070,0.0111517575,-0.0078857842,-0.0168674476
2019-02-18,0.0000476201,0.0046267704,0.0064648962,0.0021504934,-0.0081323033,0.0045768030,0.0528876932,0.0418845604,0.0298870353,0.0120594481,-0.0075481651,-0.0170432194
2019-02-19,0.0021205497,-0.0002353722,-0.0039898324,0.0021815911,-0.0037956861,-0.0017024033,0.0538707137,0.0417362774,0.0294804475,0.0111956067,-0.0069943151,-0.0169655982
2019-02-20,-0.0028519085,0.0003766550,-0.0020826268,0.0091335349,-0.0027706497,-0.0008441056,0.0538862362,0.0418920930,0.0293814409,0.0106834795,-0.0071018918,-0.0168992289
2019-02-21,0.0076185786,-0.0072481554,0.0101948971,-0.0111048545,0.0052587151,-0.0090099849,0.0538162648,0.0417429022,0.0297017746,0.0106248958,-0.0066478503,-0.0175366300
2019-02-22,0.0013546589,0.0019783806,0.0034875120,0.0034895585,0.0049585125,0.0052107918,0.0533553656,0.0413550766,0.0302383013,0.0110916003,-0.0070007420,-0.0175540786
2019-02-25,-0.0049721639,-0.0046551935,-0.0032139812,-0.0029672006,0.0149229739,0.0016172324,0.0533086306,0.0411946222,0.0295429487,0.0109015316,-0.0079556809,-0.0178919566
2019-02-26,-0.0022953747,0.0086287843,-0.0037422183,0.0080096202,0.0092897393,-0.0045323018,0.0527575573,0.0410847884,0.0302468695,0.0111064932,-0.0082423458,-0.0176128457
2019-02-27,-0.0005134265,0.0019282406,0.0040644408,-0.0043461462,0.0041289827,0.0000542031,0.0530706969,0.0406421424,0.0307773978,0.0115206483,-0.0080070754,-0.0180523918
2019-02-28,-0.0064637000,-0.0027436116,0.0049231671,-0.0015783877,-0.0035539843,-0.0084557679,0.0531781119,0.0403094737,0.0306800107,0.0112880822,-0.0084012985,-0.0174007497
2019-03-01,0.0042217552,-0.0013366803,-0.0000746096,-0.0012474203,-0.0084968473,0.0156203336,0.0534726352,0.0409212645,0.0309951086,0.0113881443,-0.0084837586,-0.0168842079
2019-03-04,-0.0028113281,-0.0091010288,-0.0067721690,0.0097181716,0.0095706661,-0.0088313466,0.0530477551,0.0404882378,0.0308839105,0.0115022981,-0.0081003635,-0.0165734344
2019-03-05,0.0021392878,-0.0051555386,0.0091842261,0.0107404734,0.0071610806,-0.0001547352,0.0533081319,0.0399317293,0.0307358878,0.0112228749,-0.0083764575,-0.0176011831
2019-03-06,-0.0024513419,0.0015067158,0.0132675773,0.0036243250,0.0026654016,-0.0147380605,0.0537606667,0.0388838317,0.0302502309,0.0115857039,-0.0084608891,-0.0175644694
2019-03-07,-0.0076485156,-0.0003844558,-0.0032119588,-0.0034998100,-0.0063964910,0.0019343125,0.0540137838,0.0389835397,0.0306029562,0.0114080685,-0.0090176415,-0.0183115946
2019-03-08,-0.0016865039,0.0027158856,0.0017553315,-0.0006010584,0.0107378484,-0.0029372066,0.0541530574,0.0389450655,0.0305374898,0.0119050505,-0.0088687055,-0.0183927831
2019-03-11,-0.0017333210,0.0009928680,0.0004302294,0.0039718702,-0.0068279614,0.0010962324,0.0539340421,0.0397905054,0.0299998958,0.0121215876,-0.0088129939,-0.0187145237
2019-03-12,0.0033482244,0.0075000206,0.0068004124,0.0044161539,0.0014301456,-0.0039981645,0.0546018116,0.0393447589,0.0301072019,0.0124635322,-0.0088232700,-0.0184388077
2019-03-13,-0.0023868549,0.0015512658,-0.0078684237,0.0008509268,-0.0004812163,0.0069420142,0.0542941116,0.0391598295,0.0300860090,0.0120977099,-0.0090095128,-0.0185014190
2019-03-14,0.0068306605,0.0020871026,-0.0048010729,0.0060451277,0.0003037543,-0.0005450160,0.0543742576,0.0395389695,0.0297916613,0.0118709997,-0.0090286986,-0.0189095935
2019-03-15,-0.0016322574,-0.0156392118,-0.0085554256,-0.0035141428,-0.0092381736,-0.0035547449,0.0544678566,0.0401709690,0.0293434686,0.0118070404,-0.0085437221,-0.0189101575
2019-03-18,0.0016346019,-0.0052834916,0.0087506977,-0.0025843930,0.0093668594,-0.0075359241,0.0544614137,0.0396961646,0.0291387755,0.0117061425,-0.0085588803,-0.0186137995
2019-03-19,0.0091602075,-0.0098045890,0.0035275460,0.0184572000,-0.0023293767,-0.0034039634,0.0548569649,0.0394591604,0.0294836636,0.0113818137,-0.0085476340,-0.0188833405
2019-03-20,-0.0058374982,0.0014312624,-0.0051774413,-0.0030511205,0.0002763144,0.0028713225,0.0541183282,0.0388958497,0.0292726232,0.0121751529,-0.0081134241,-0.0192475325
2019-03-21,0.0033553600,0.0013238162,0.0061225761,0.0034656460,-0.0002030221,0.0008376335,0.0539824933,0.0390375449,0.0293004013,0.0117895808,-0.0086805635,-0.0193056129
2019-03-22,0.0056842080,-0.0014605226,-0.0069664742,0.0002658668,-0.0047353581,-0.0072787464,0.0539283718,0.0394448621,0.0292991519,0.0121855491,-0.0083693305,-0.0187612448
2019-03-25,-0.0065680027,-0.0008640718,0.0112958552,-0.0052545185,-0.0019586440,-0.0126152923,0.0538730717,0.0392859075,0.0297995258,0.0126021850,-0.0088713477,-0.0195509475
2019-03-26,0.0010312493,0.0050049622,0.0061161752,0.0076520803,-0.0008072916,0.0041807838,0.0542711240,0.0390006747,0.0300497151,0.0115585568,-0.0088880736,-0.0198931941
2019-03-27,-0.0084484457,-0.0023767170,0.0041162651,-0.0018769030,-0.0111353061,-0.0017594641,0.0545890931,0.0395163397,0.0295839805,0.0116183534,-0.0087704895,-0.0194271204
2019-03-28,0.0006992075,0.0126273845,-0.0090806511,0.0041810953,-0.0049363491,0.0026905696,0.0547355456,0.0398587314,0.0292580816,0.0116056020,-0.0088416474,-0.0194593254
2019-03-29,0.0011193206,-0.0077664985,0.0041414978,-0.0008819191,-0.0013791585,0.0014050259,0.0553253124,0.0398186225,0.0293472337,0.0109952876,-0.0082660964,-0.0192965882
2019-04-01,-0.0017949355,0.0035354479,-0.0043152892,-0.0079810040,-0.0095088955,0.0050529048,0.0547355064,0.0398545241,0.0294066262,0.0114545763,-0.0080657897,-0.0191579757
2019-04-02,-0.0012730550,-0.0049763189,-0.0073957649,-0.0027184678,-0.0058866070,0.0063741237,0.0549303867,0.0399709738,0.0301391948,0.0113331169,-0.0081842896,-0.0192316650
2019-04-03,0.0027670983,-0.0004352544,0.0034335424,-0.0014466418,0.0001418030,-0.0025629516,0.0549379188,0.0406160017,0.0299067560,0.0113012157,-0.0086996751,-0.0196833927
2019-04-04,-0.0036677816,0.0128268279,0.0017530018,0.0060252693,-0.0024539695,0.0016345041,0.0550943906,0.0408103646,0.0298614508,0.0118032832,-0.0088413677,-0.0198425747
2019-04-05,-0.0031880761,0.0035129341,0.0093665602,-0.0009289420,-0.0006077151,-0.0006741712,0.0557844574,0.0404626372,0.0301780732,0.0113999264,-0.0087488260,-0.0197738995
2019-04-08,0.0030373259,-0.0053454491,-0.0091341972,-0.0003855858,0.0032606989,-0.0061533406,0.0552624523,0.0408199485,0.0294957248,0.0104071544,-0.0088166783,-0.0195943228
2019-04-09,0.0002459646,0.0133742731,-0.0041287793,-0.0091510653,-0.0033679018,0.0041701388,0.0558526298,0.0408745735,0.0297012142,0.0100641372,-0.0093892200,-0.0192850028
2019-04-10,-0.0064884794,0.0016506632,-0.0050848585,0.0001043183,0.0015230090,-0.0120265192,0.0562589669,0.0403880678,0.0290628228,0.0101276272,-0.0098487806,-0.0187770886
2019-04-11,0.0088721022,0.0015885724,-0.0061885763,-0.0090730089,0.0032979764,0.0107911770,0.0560222776,0.0407717001,0.0278759907,0.0095695389,-0.0093695410,-0.0191407424
2019-04-12,0.0018534126,-0.0051125672,-0.0146830434,-0.0069625770,-0.0005154827,-0.0027792889,0.0559702502,0.0414600480,0.0275993561,0.0092588958,-0.0094419172,-0.0192372948
2019-04-15,0.0051200221,0.0085586227,-0.0085749837,-0.0028867673,-0.0030167979,0.0015726344,0.0561165018,0.0413104812,0.0273940828,0.0097415563,-0.0089912021,-0.0188706240
2019-04-16,0.0042193358,-0.0034036512,-0.0014480181,0.0013341572,0.0024216729,-0.0090012857,0.0565518477,0.0413027198,0.0272296032,0.0096035946,-0.0082628900,-0.0183826965
2019-04-17,-0.0045501897,0.0007998821,-0.0007621149,0.0020079568,0.0011228235,-0.0083018243,0.0566156621,0.0411176944,0.0277252804,0.0087072662,-0.0081346225,-0.0184442203
2019-04-18,-0.0047809609,-0.0077179501,-0.0040772541,0.0056148765,-0.0035259832,-0.0048160564,0.0570800843,0.0409336440,0.0277567525,0.0083084963,-0.0079855347,-0.0176392773
2019-04-19,0.0005272810,0.0046962399,-0.0003196702,0.0039351024,-0.0078626549,-0.0019113327,0.0569288553,0.0411366162,0.0280089454,0.0084396368,-0.0080270405,-0.0170868656
2019-04-22,-0.0049212744,-0.0018640681,0.0012976200,-0.0048936114,-0.0043869272,-0.0088136367,0.0569604488,0.0414414720,0.0279830308,0.0079682746,-0.0075787393,-0.0170190511
2019-04-23,-0.0051381245,-0.0034267366,0.0007827495,-0.0052680336,-0.0097356603,0.0032370999,0.0577439872,0.0427864504,0.0282030127,0.0082949340,-0.0072065676,-0.0168874978
2019-04-24,0.0079733973,-0.0021473281,0.0013449593,-0.0019528624,-0.0000893270,0.0041075701,0.0577436971,0.0430647230,0.0279407700,0.0089489408,-0.0063567591,-0.0159838241
2019-04-25,0.0086299716,-0.0043721525,0.0022875965,0.0018010473,-0.0023169873,0.0066540083,0.0574893506,0.0431800393,0.0280670713,0.0085719689,-0.0063393240,-0.0167010321
2019-04-26,0.0042777548,-0.0030063480,-0.0003487458,-0.0030117752,0.0175066631,0.0003700615,0.0569534015,0.0436817406,0.0281001403,0.0088504105,-0.0060474671,-0.0167335796
2019-04-29,-0.0032543594,-0.0024927885,0.0034642908,-0.0016030331,-0.0070010636,0.0022600209,0.0571992439,0.0436291477,0.0284984770,0.0094737473,-0.0059367213,-0.0170052922
2019-04-30,-0.0084057172,-0.0101698233,0.0064421787,-0.0058883895,-0.0162616382,-0.0000550183,0.0574057734,0.0437062145,0.0288385113,0.0094285638,-0.0063203655,-0.0175608405
2019-05-01,0.0011977759,0.0008889025,-0.0141093782,0.0019778187,0.0015157417,0.0017837446,0.0578520169,0.0426994066,0.0292641023,0.0090928534,-0.0059086751,-0.0177025685
2019-05-02,0.0000420685,-0.0079346446,-0.0023190117,0.0050499397,0.0010371742,-0.0054048932,0.0581756713,0.0428243378,0.0291733833,0.0095260631,-0.0055719008,-0.0173946657
2019-05-03,0.0006974969,0.0021087102,0.0061653112,0.0025053740,-0.0072408394,-0.0045075925,0.0581720969,0.0433641570,0.0296593455,0.0092835503,-0.0057540828,-0.0181236300
2019-05-06,-0.0038667180,0.0011354392,0.0024365938,-0.0018823262,-0.0042152670,0.0008350051,0.0583784652,0.0424618802,0.0288312765,0.0090697359,-0.0056614509,-0.0189579551
2019-05-07,-0.0031433416,-0.0018028172,0.0002939305,-0.0001609450,0.0005376346,-0.0008662960,0.0580044936,0.0426234668,0.0287532314,0.0092485405,-0.0056268080,-0.0196963524
2019-05-08,-0.0033305490,-0.0046702842,0.0020054073,0.0077440381,-0.0003705661,0.0044778317,0.0579952086,0.0427245372,0.0289605739,0.0101366952,-0.0056204432,-0.0186505098
2019-05-09,-0.0035536547,-0.0059013558,0.0083395516,-0.0036930336,0.0035905561,0.0032077496,0.0585793474,0.0428810741,0.0286814270,0.0100692286,-0.0053903160,-0.0190184055
2019-05-10,-0.0048292615,-0.0006724673,0.0004091829,-0.0102313556,0.0004351149,-0.0039167119,0.0580879486,0.0432606547,0.0293021025,0.0094385267,-0.0055442926,-0.0179348344
2019-05-13,0.0055343297,-0.0099570812,0.0046959811,-0.0013516726,-0.0002871856,-0.0002584069,0.0579306723,0.0436589052,0.0294916648,0.0089056884,-0.0049983595,-0.0182073061
2019-05-14,-0.0077985759,-0.0021406259,0.0025696816,-0.0070357834,0.0021652429,-0.0034530621,0.0584066340,0.0432471126,0.0291970882,0.0087936873,-0.0048711795,-0.0184703256
2019-05-15,-0.0074358406,0.0061011532,0.0031186176,0.0037907514,-0.0096875549,-0.0077192332,0.0583044849,0.0434754768,0.0290461007,0.0087681124,-0.0048089040,-0.0184913747
2019-05-16,0.0068068333,0.0063851952,0.0003551573,0.0009561173,-0.0038865723,-0.0063929566,0.0583933932,0.0437808727,0.0288428492,0.0088226826,-0.0042576339,-0.0183763232
2019-05-17,0.0085338553,0.0040496337,0.0047654504,-0.0053189168,-0.0036664433,-0.0031201245,0.0581557078,0.0439923206,0.0287712722,0.0091558555,-0.0041225224,-0.0183574695
2019-05-20,0.0055600932,0.0055203785,0.0065210711,0.0042127286,-0.0043231508,-0.0050201052,0.0578384032,0.0441379632,0.0286898683,0.0093313611,-0.0036566872,-0.0181760989
2019-05-21,0.0073266469,-0.0021505939,0.0027074911,0.0011015127,0.0049844700,-0.0098679815,0.0576664580,0.0440112292,0.0285390172,0.0090539681,-0.0034544921,-0.0180244845
2019-05-22,0.0063228490,0.0037137895,0.0041748483,-0.0080730985,0.0019380883,-0.0034888829,0.0570519031,0.0438151626,0.0289097334,0.0091109894,-0.0025609371,-0.0175085927
2019-05-23,0.0012537255,-0.0007268336,0.0070475609,0.0009882019,0.0015339587,0.0000339359,0.0577542186,0.0442268861,0.0290219688,0.0084680756,-0.0034368757,-0.0181620010
2019-05-24,-0.0005431007,0.0069928193,0.0041050691,0.0007742565,-0.0009237270,0.0080443199,0.0573670129,0.0432603910,0.0285058422,0.0093682699,-0.0033427408,-0.0181375555
2019-05-27,0.0070383099,0.0035216598,-0.0021858804,-0.0094786288,0.0007520393,-0.0075485010,0.0573583359,0.0430829715,0.0287905958,0.0088282486,-0.0030343595,-0.0184471004
2019-05-28,-0.0057283774,0.0070653992,-0.0057458834,-0.0003876463,-0.0041205019,-0.0006674037,0.0579059954,0.0433821392,0.0293132159,0.0088780222,-0.0023981103,-0.0184558654
2019-05-29,-0.0081550512,0.0142741279,0.0040883253,0.0047593148,-0.0092689584,-0.0083709135,0.0574941131,0.0432191135,0.0291941915,0.0085955010,-0.0024657460,-0.0185578074
2019-05-30,-0.0035537202,0.0002757323,-0.0002204821,0.0061309440,-0.0024918673,0.0068171169,0.0578823083,0.0424537244,0.0294235704,0.0084264308,-0.0026991009,-0.0186063954
2019-05-31,-0.0023072395,-0.0021049557,-0.0017196042,0.0036800656,-0.0008829567,0.0026923910,0.0577623859,0.0429666784,0.0299741957,0.0080919804,-0.0018967508,-0.0186491143
2019-06-03,-0.0021163640,-0.0090567215,-0.0115801764,-0.0034454308,0.0006935838,-0.0008708226,0.0577468799,0.0431065804,0.0299964858,0.0078499193,-0.0020078982,-0.0188846013
2019-06-04,-0.0034853932,-0.0059096098,0.0048352244,0.0061581266,-0.0004518984,0.0056033191,0.0583789248,0.0425853184,0.0292759373,0.0083193595,-0.0023196602,-0.0194388673
2019-06-05,-0.0044227853,-0.0043279754,-0.0027058224,0.0127870437,0.0052478413,-0.0007313737,0.0588066058,0.0427253448,0.0292386555,0.0085295814,-0.0020700883,-0.0190628686
2019-06-06,0.0005942928,0.0014032792,0.0045339705,0.0013354965,-0.0099118265,0.0056113827,0.0587358802,0.0425246674,0.0289704984,0.0088251537,-0.0015635912,-0.0193200117
2019-06-07,0.0046674757,-0.0010476701,0.0026404471,0.0049296932,0.0017037331,0.0090306823,0.0588679404,0.0418463358,0.0292143582,0.0093798801,-0.0011572625,-0.0198924727
2019-06-10,-0.0067753799,-0.0019970488,0.0038112351,0.0050023596,0.0058786073,0.0072614102,0.0590834107,0.0421658411,0.0295434440,0.0092373270,-0.0011402673,-0.0198722011
2019-06-11,0.0096440911,-0.0042071640,-0.0119940616,0.0037470818,0.0037821197,-0.0144046317,0.0587780330,0.0418083756,0.0303018170,0.0095251498,-0.0012488900,-0.0197581716
2019-06-12,0.0078125810,-0.0041620630,0.0138929521,-0.0012165005,0.0050330473,0.0017572080,0.0591947690,0.0421750943,0.0295474549,0.0099612755,-0.0018645712,-0.0200740350
2019-06-13,-0.0056985726,0.0043867820,-0.0003095215,0.0096087001,0.0078707146,0.0025350696,0.0587269951,0.0419472787,0.0299735073,0.0098518632,-0.0018704984,-0.0195049654
2019-06-14,0.0044796965,0.0047802319,-0.0026385927,0.0019348957,0.0156850173,0.0010874077,0.0582608566,0.0422803662,0.0297258677,0.0093397011,-0.0021074628,-0.0196368644
2019-06-17,-0.0040508784,-0.0003996101,0.0011728500,0.0034115891,0.0022831206,-0.0042577910,0.0584266269,0.0420525198,0.0296435546,0.0091916358,-0.0022337763,-0.0196785408
2019-06-18,0.0022858490,0.0019344251,-0.0063696270,0.0036930624,-0.0059101719,-0.0032063389,0.0578592025,0.0423824852,0.0288283796,0.0094381541,-0.0022460048,-0.0196062100
2019-06-19,-0.0034413609,-0.0064253612,0.0076331081,0.0064228757,0.0036062463,-0.0068794587,0.0580725011,0.0418033035,0.0294258041,0.0095849187,-0.0019475561,-0.0196742580
2019-06-20,0.0031648284,0.0067087637,0.0020364296,-0.0066347712,0.0030760423,0.0063424015,0.0579870940,0.0418507089,0.0302225318,0.0090353335,-0.0022369617,-0.0197293473
2019-06-21,-0.0090061904,-0.0051695904,0.0040723305,0.0001473758,0.0004108095,-0.0008599519,0.0585767235,0.0415431089,0.0299183273,0.0087953537,-0.0021549647,-0.0195734091
2019-06-24,-0.0070748700,-0.0014426931,0.0032965068,0.0009355501,0.0024873811,-0.0104517085,0.0584839703,0.0412412659,0.0295571642,0.0092973243,-0.0016159027,-0.0197201269
2019-06-25,-0.0064231101,-0.0012673853,0.0059308420,0.0039180342,-0.0043174953,-0.0018051226,0.0588094862,0.0410649109,0.0300534740,0.0097067843,-0.0022208058,-0.0194584767
2019-06-26,0.0004234679,-0.0010073906,0.0014578068,-0.0013187539,-0.0067548746,-0.0040861226,0.0588605901,0.0407296435,0.0303621496,0.0102331740,-0.0016271153,-0.0191050465
2019-06-27,-0.0001424067,-0.0005656460,0.0012978960,-0.0046045797,-0.0005994217,-0.0052245921,0.0592959635,0.0414171837,0.0307113316,0.0102777094,-0.0013836947,-0.0189235036
2019-06-28,0.0051602769,0.0100143305,0.0057740807,0.0002959911,0.0053528128,-0.0008756639,0.0594568232,0.0412851619,0.0308714543,0.0108102799,-0.0010138019,-0.0189460418
2019-07-01,0.0064137116,-0.0014500444,0.0024435035,-0.0048474114,0.0003367485,0.0081925007,0.0597138991,0.0413192259,0.0308103458,0.0101433623,-0.0015773329,-0.0189358421
2019-07-02,-0.0046676699,-0.0048100723,-0.0108121057,0.0047706007,0.0005458415,-0.0046373432,0.0601498787,0.0413142070,0.0316688539,0.0091388951,-0.0017705808,-0.0189352555
2019-07-03,0.0010645000,-0.0024030074,0.0008012666,0.0018831244,-0.0029510330,0.0068835252,0.0606864720,0.0413831524,0.0315905337,0.0097757713,-0.0023473017,-0.0187288974
2019-07-04,0.0031377521,-0.0027400802,-0.0044653156,0.0114979074,-0.0041008363,0.0071664822,0.0601847527,0.0416107468,0.0318552711,0.0102516602,-0.0024463295,-0.0183032097
2019-07-05,0.0004459991,-0.0004403195,-0.0030335199,0.0007285832,0.0000488308,-0.0005311468,0.0611029784,0.0428085325,0.0316583047,0.0105179394,-0.0020775916,-0.0177423386
2019-07-08,0.0126958543,-0.0004552163,0.0078054149,0.0027421678,0.0003226651,-0.0040723101,0.0602392923,0.0429001582,0.0316350908,0.0101382982,-0.0014794048,-0.0175664406
2019-07-09,-0.0067463805,0.0033317689,-0.0004745609,-0.0000748079,0.0043886295,-0.0031825200,0.0601644844,0.0429136268,0.0317837521,0.0107176361,-0.0013528334,-0.0173779878
2019-07-10,0.0035282230,0.0009372790,0.0022665388,-0.0039244563,0.0048677160,0.0032980727,0.0602910278,0.0429618124,0.0314991800,0.0109243717,-0.0011404263,-0.0170662329
2019-07-11,-0.0074062442,-0.0019857619,-0.0015231070,0.0017398233,-0.0002556469,0.0011369182,0.0603856995,0.0420935118,0.0311746057,0.0108120296,-0.0011412381,-0.0160722805
2019-07-12,0.0015678875,0.0013876715,0.0070051084,-0.0029832716,0.0009116192,-0.0042935468,0.0608652127,0.0424837663,0.0313966915,0.0107561965,-0.0009735785,-0.0157297833
2019-07-15,-0.0004274699,0.0022759255,-0.0024038943,-0.0033732095,-0.0023845027,0.0013043665,0.0602435411,0.0423803844,0.0308027379,0.0107400493,-0.0004180271,-0.0157371590
2019-07-16,-0.0022066666,0.0049103247,-0.0029932342,-0.0008585326,-0.0008102830,-0.0007197851,0.0603189572,0.0425668411,0.0303971176,0.0108785870,0.0004094936,-0.0158743859
2019-07-17,-0.0056865058,-0.0017037717,-0.0011808949,0.0067217560,0.0037566853,-0.0053901408,0.0608571292,0.0431979094,0.0299919463,0.0108049492,0.0006875435,-0.0163032014
2019-07-18,0.0039807580,0.0036268048,-0.0036498844,0.0007568865,-0.0045263691,0.0072689286,0.0609330674,0.0433267307,0.0298762901,0.0110809005,0.0008011775,-0.0166011052
2019-07-19,-0.0041511411,-0.0023899385,-0.0017961120,-0.0101040517,0.0032880347,-0.0039264400,0.0613427678,0.0435213204,0.0297282590,0.0110357167,0.0009861438,-0.0165012962
2019-07-22,-0.0004476167,-0.0023023833,0.0014083418,-0.0078605793,0.0010566951,0.0043424225,0.0613511337,0.0442403892,0.0292596216,0.0103058135,0.0012455262,-0.0161525398
2019-07-23,0.0004756136,-0.0027216088,-0.0012862046,-0.0027799438,-0.0012079341,0.0027246357,0.0611084313,0.0449666796,0.0293661565,0.0103970083,0.0015373867,-0.0156970593
2019-07-24,-0.0006490247,-0.0014114796,0.0007543181,-0.0002116472,-0.0001313545,-0.0028204775,0.0610113950,0.0448345665,0.0300581728,0.0103426484,0.0017357492,-0.0166827371
2019-07-25,0.0063005777,-0.0020610183,-0.0046086657,-0.0053409010,-0.0051469191,-0.0034419190,0.0605619685,0.0443491516,0.0295621310,0.0107461719,0.0013340970,-0.0169734964
2019-07-26,-0.0030158738,-0.0010090556,-0.0040600770,-0.0039609688,-0.0013918371,-0.0005174093,0.0605731933,0.0439062089,0.0294252526,0.0110008496,0.0016020756,-0.0173264336
2019-07-29,0.0027342261,0.0021012699,-0.0013936234,0.0072653276,-0.0058656391,-0.0055085920,0.0611943556,0.0438299317,0.0293457106,0.0109399421,0.0015158778,-0.0172836156
2019-07-30,-0.0057305637,-0.0034527459,0.0046017361,0.0036902285,-0.0066003751,0.0001352652,0.0608790192,0.0438174393,0.0290720501,0.0117915967,0.0017705952,-0.0168673120
2019-07-31,-0.0012922488,0.0006387710,0.0004896213,0.0000874048,-0.0052296720,-0.0051527232,0.0606259886,0.0437180214,0.0291609073,0.0119343121,0.0018815777,-0.0168365102
2019-08-01,0.0007240034,0.0118132406,-0.0000374970,-0.0006643953,0.0052476646,-0.0011920036,0.0605007260,0.0440812773,0.0289302582,0.0116191091,0.0019163116,-0.0174118052
2019-08-02,-0.0048962876,0.0019405660,0.0039028468,-0.0018080655,0.0006699155,-0.0104567063,0.0603314816,0.0442972601,0.0288457904,0.0115081346,0.0009990768,-0.0172927879
2019-08-05,0.0003000384,-0.0016091685,0.0070448976,-0.0052079203,0.0024494255,0.0009289594,0.0602937844,0.0449145861,0.0293593113,0.0114963701,0.0013358987,-0.0172255320
2019-08-06,0.0017705147,-0.0054859846,-0.0017768806,0.0024217344,-0.0018764307,0.0056385699,0.0604063021,0.0444318131,0.0286781700,0.0121233507,0.0009967932,-0.0174142342
2019-08-07,0.0039555371,0.0007455243,-0.0050313440,0.0004730915,-0.0018558090,-0.0045053365,0.0607529018,0.0447485724,0.0281268179,0.0121560493,0.0011913098,-0.0168689790
2019-08-08,-0.0042979195,0.0014522720,-0.0028714628,0.0002929591,-0.0077795763,0.0002051670,0.0603375472,0.0449325209,0.0276871365,0.0119141664,0.0005579966,-0.0166173789
2019-08-09,0.0057960600,-0.0030816558,-0.0051270109,-0.0109275182,0.0012467528,0.0016651926,0.0602724592,0.0449123776,0.0274916392,0.0124281604,0.0012836197,-0.0163302185
2019-08-12,-0.0015916899,-0.0012852383,-0.0028043283,-0.0002618996,0.0037037843,0.0003314018,0.0606050820,0.0448113148,0.0279280064,0.0121970227,0.0011530888,-0.0170948914
2019-08-13,-0.0024976996,0.0061796415,0.0046668243,-0.0040241670,0.0001214750,0.0010855827,0.0610553733,0.0450677818,0.0276748862,0.0114569087,0.0011144627,-0.0169880550
2019-08-14,-0.0074619145,0.0019432388,-0.0014448679,0.0001433309,-0.0022362314,0.0025312534,0.0616632885,0.0446897943,0.0280483129,0.0117753307,0.0011108147,-0.0172354945
2019-08-15,-0.0007948342,-0.0055573672,-0.0014677658,-0.0015744564,0.0045982591,0.0004338357,0.0619457848,0.0453811683,0.0281921325,0.0113855998,0.0005066721,-0.0180538276
2019-08-16,0.0009875091,-0.0020619361,-0.0018867543,-0.0028036718,0.0035793683,0.0027693259,0.0620954780,0.0454022553,0.0288332326,0.0110933486,0.0000155990,-0.0188544285
2019-08-19,-0.0008436611,0.0008570975,0.0058536261,0.0048585220,0.0032361381,0.0029041031,0.0628333377,0.0457375668,0.0285781364,0.0106387128,0.0006871103,-0.0185213043
2019-08-20,-0.0015624888,0.0012579510,0.0044486608,0.0080649664,-0.0046964630,0.0018990197,0.0625422675,0.0448584038,0.0290487965,0.0102918396,0.0007998483,-0.0184581369
2019-08-21,0.0020758737,0.0007989277,-0.0052250378,0.0057171316,-0.0002907759,-0.0042293851,0.0626408758,0.0451250141,0.0292273725,0.0105994103,0.0011048571,-0.0186810059
2019-08-22,0.0001946318,-0.0030684819,-0.0049444407,-0.0001759955,0.0056271962,-0.0055706543,0.0621750022,0.0444148867,0.0295950262,0.0107906429,0.0007463537,-0.0195030168
2019-08-23,0.0026103261,0.0024964216,0.0032366552,0.0037055717,0.0044750892,-0.0043771678,0.0623129710,0.0443431074,0.0294923332,0.0110654525,0.0004510222,-0.0193508991
2019-08-26,-0.0036562624,0.0011672849,0.0007880576,0.0038196502,-0.0011423011,-0.0066942892,0.0625384513,0.0447854773,0.0290432792,0.0101247260,0.0003616761,-0.0201976699
2019-08-27,0.0038308718,0.0033460992,-0.0072501883,-0.0014068323,-0.0018106304,-0.0001914704,0.0624129764,0.0439641995,0.0292329103,0.0102519481,0.0005392650,-0.0211955340
2019-08-28,-0.0016483976,0.0015199376,-0.0016428708,-0.0008458168,0.0056959806,0.0005798412,0.0628425516,0.0429604724,0.0290293473,0.0105430999,0.0003689433,-0.0209283410
2019-08-29,-0.0019192657,-0.0042379778,0.0003007761,0.0077299889,-0.0042853809,0.0053833511,0.0623671070,0.0426100415,0.0287684938,0.0109694329,0.0005969796,-0.0209854359
2019-08-30,0.0012705466,0.0060111694,-0.0003867532,-0.0014549504,-0.0036826639,-0.0055047624,0.0625439277,0.0420732960,0.0282599323,0.0108733040,0.0013520894,-0.0213317990
2019-09-02,0.0088983360,-0.0067298623,0.0000436254,-0.0003220038,0.0036046441,0.0097424017,0.0621637518,0.0420012333,0.0277567078,0.0104608517,0.0019155463,-0.0214558527
2019-09-03,-0.0002404428,0.0058402001,0.0003183080,-0.0058830347,-0.0062775188,-0.0012661416,0.0620211191,0.0419885098,0.0275470495,0.0113140357,0.0020117685,-0.0215520302
2019-09-04,-0.0000954290,-0.0014888133,-0.0005568692,0.0049676117,-0.0012246543,-0.0011890351,0.0614975871,0.0418530915,0.0269528933,0.0115093892,0.0024600492,-0.0215418691
2019-09-05,-0.0073958695,0.0047627410,0.0010662226,-0.0019706993,-0.0007553054,0.0043990324,0.0607509280,0.0415157899,0.0273584026,0.0114895156,0.0023168053,-0.0214088457
2019-09-06,-0.0043936430,-0.0001106687,0.0031016991,-0.0005214963,0.0016865484,-0.0058351208,0.0600865742,0.0419795991,0.0274008510,0.0112550112,0.0027060320,-0.0213653056
2019-09-09,0.0018543116,-0.0066247401,-0.0006437210,0.0001062857,-0.0013785658,-0.0012116326,0.0601713279,0.0418711217,0.0275804082,0.0109092316,0.0030890503,-0.0211102766
2019-09-10,0.0066186982,-0.0007160676,-0.0005085295,0.0049089122,-0.0020453549,-0.0036589320,0.0599478434,0.0418530800,0.0275430547,0.0109701531,0.0034564134,-0.0208867290
2019-09-11,0.0043830503,0.0048065320,0.0013265416,-0.0024936533,0.0004293270,-0.0044177627,0.0603543662,0.0413933077,0.0274058988,0.0106405375,0.0045035158,-0.0206857041
2019-09-12,-0.0020002879,0.0021466808,-0.0015245914,0.0068417850,-0.0032916793,0.0021277282,0.0601214081,0.0415003251,0.0270233017,0.0107767204,0.0047228362,-0.0206104586
2019-09-13,0.0017179666,-0.0003259422,-0.0007902490,-0.0030600738,0.0021309752,0.0030937105,0.0604415895,0.0413779304,0.0274406863,0.0107947945,0.0052785872,-0.0202729284
2019-09-16,0.0049377504,-0.0012358405,0.0046566121,-0.0041577403,0.0013263940,0.0006976926,0.0600690439,0.0414548195,0.0278853097,0.0114492443,0.0051727454,-0.0198895871
2019-09-17,0.0032404842,0.0011605194,0.0040756295,-0.0001656176,0.0047763104,-0.0006379507,0.0600359947,0.0408889710,0.0284488281,0.0113640005,0.0049262502,-0.0196131589
2019-09-18,-0.0009951136,0.0013918340,-0.0040204746,-0.0084099607,0.0035028291,0.0067989695,0.0599127873,0.0407956075,0.0280887480,0.0109625821,0.0045735648,-0.0193612226
2019-09-19,0.0088602382,-0.0036751454,0.0054005690,0.0025537221,0.0036140668,-0.0035433259,0.0598928726,0.0411199179,0.0286257521,0.0113720577,0.0047458375,-0.0194827199
2019-09-20,0.0005491212,0.0029396052,0.0111287167,-0.0078157849,-0.0044063411,0.0005875429,0.0604952460,0.0408121817,0.0280544890,0.0117036705,0.0042207467,-0.0197554049
2019-09-23,0.0027785246,-0.0033532896,-0.0021534737,-0.0058527586,-0.0069144555,0.0062594945,0.0594076029,0.0403515237,0.0279815784,0.0118785287,0.0046488599,-0.0195914511
2019-09-24,-0.0068605607,-0.0012472593,0.0057855621,-0.0074736357,-0.0010712751,-0.0011855735,0.0594595096,0.0400763613,0.0279350926,0.0121383678,0.0049510533,-0.0192882584
2019-09-25,-0.0071914169,0.0061398674,0.0079424944,-0.0027915831,0.0033310276,0.0068390848,0.0585854764,0.0399238457,0.0279238602,0.0121443784,0.0052027489,-0.0192799821
2019-09-26,0.0008461523,-0.0044983528,0.0015245374,0.0042278250,0.0068840161,0.0066757135,0.0576676666,0.0399822110,0.0279294859,0.0120941180,0.0048232733,-0.0189526395
2019-09-27,0.0020352628,-0.0035936967,0.0009813755,0.0017180231,-0.0002862889,0.0012199579,0.0575984906,0.0398817361,0.0278912809,0.0118760656,0.0047105190,-0.0191990647
2019-09-30,-0.0028989443,0.0061402063,0.0027723505,-0.0013384904,-0.0054738800,0.0096710695,0.0572852903,0.0399233725,0.0272275233,0.0118230546,0.0049137083,-0.0195621407
2019-10-01,0.0005976572,-0.0021938726,0.0074322066,0.0101474029,0.0070136253,0.0018060173,0.0575188631,0.0399550848,0.0275719186,0.0117607508,0.0047911656,-0.0192033046
2019-10-02,-0.0057628501,-0.0014328880,0.0046026857,0.0012337209,-0.0041805238,-0.0119541345,0.0577873115,0.0403662980,0.0275971636,0.0112227766,0.0052683206,-0.0198389637
2019-10-03,0.0057182392,-0.0109815474,-0.0048692436,-0.0058018869,-0.0100157504,-0.0031836905,0.0581537546,0.0398594618,0.0270520036,0.0110827476,0.0045696772,-0.0198319946
2019-10-04,0.0038756807,-0.0012117553,-0.0053057353,0.0011599686,0.0002996424,0.0091640361,0.0585353886,0.0392619919,0.0269999523,0.0110643523,0.0048161815,-0.0202232106
2019-10-07,0.0007074931,-0.0046274322,0.0129722152,0.0042388596,0.0032620982,-0.0072892552,0.0588913838,0.0390372685,0.0274888034,0.0104356772,0.0047947556,-0.0206202063
2019-10-08,0.0025817647,-0.0067180537,0.0122381506,0.0016633184,0.0018611255,-0.0017876204,0.0588705452,0.0385326651,0.0274049281,0.0104673123,0.0053244597,-0.0208907153
2019-10-09,-0.0113401279,0.0113412613,-0.0044668665,-0.0119154657,0.0004062023,0.0001385248,0.0587376093,0.0380121193,0.0278567072,0.0111297073,0.0046163866,-0.0210643399
2019-10-10,0.0046385639,0.0034401092,0.0022649889,0.0003725098,-0.0045733604,-0.0012777905,0.0581957726,0.0383012991,0.0279640661,0.0107386685,0.0047448419,-0.0210994939
2019-10-11,0.0015295702,0.0011358827,-0.0031234460,-0.0000775189,-0.0015433446,0.0021430537,0.0586849253,0.0381534500,0.0281965602,0.0108896687,0.0049863772,-0.0211766187
2019-10-14,-0.0115013222,-0.0010540336,0.0082598750,-0.0022552533,0.0047428227,-0.0014991521,0.0582589251,0.0381936499,0.0278264245,0.0101025987,0.0050343619,-0.0214352498
2019-10-15,0.0073745956,0.0059829476,-0.0024974580,0.0008503594,0.0032272731,0.0075090787,0.0580164138,0.0380647284,0.0274395046,0.0100118594,0.0051005688,-0.0209524871
2019-10-16,0.0047211761,0.0074830225,0.0076711015,-0.0022394624,-0.0021372640,0.0009715955,0.0577815402,0.0372498655,0.0286800457,0.0102143135,0.0049956869,-0.0213355307
2019-10-17,-0.0056730102,0.0003620926,-0.0007962345,-0.0011968248,-0.0079393634,0.0051362402,0.0586283106,0.0369820907,0.0286016621,0.0104579362,0.0052553310,-0.0213187633
2019-10-18,-0.0043752770,0.0038717595,-0.0083343821,0.0110794931,0.0102404334,-0.0076930170,0.0581769706,0.0364325228,0.0292963032,0.0100349622,0.0044249894,-0.0210019185
2019-10-21,-0.0085091929,0.0020166016,0.0097071661,0.0026871064,0.0031936567,0.0021496132,0.0578591568,0.0362874512,0.0291871804,0.0098842511,0.0045393752,-0.0209058390
2019-10-22,0.0141715956,0.0038337842,0.0003284599,0.0029031093,-0.0089350760,-0.0039462521,0.0578965746,0.0365547400,0.0294665076,0.0100344231,0.0049438472,-0.0210832310
2019-10-23,0.0001370574,0.0036684051,0.0000394642,0.0178175232,0.0079592904,-0.0016570723,0.0575561318,0.0367059016,0.0287066130,0.0099145637,0.0044444598,-0.0212070826
2019-10-24,0.0003243005,-0.0042150789,-0.0114550791,0.0001879546,-0.0015821119,-0.0065260891,0.0571473122,0.0365720203,0.0292393709,0.0095362649,0.0042220052,-0.0214857555
2019-10-25,0.0046548975,-0.0043437056,0.0005101675,0.0126589542,0.0035354677,-0.0034508791,0.0574349657,0.0366344448,0.0290477606,0.0097724608,0.0039276055,-0.0211346235
2019-10-28,-0.0055304761,-0.0055178064,0.0006915901,0.0028547801,-0.0024083091,-0.0027659448,0.0571577092,0.0363166393,0.0294224670,0.0099271597,0.0040986527,-0.0212529448
2019-10-29,-0.0023366882,-0.0098067689,-0.0012095525,0.0084005459,-0.0053786647,-0.0029192801,0.0571713434,0.0365503341,0.0291503833,0.0096824847,0.0042780737,-0.0217157862
2019-10-30,0.0010729998,-0.0036182278,-0.0082071665,0.0040379084,0.0036599027,-0.0000081904,0.0566132709,0.0366338849,0.0297431765,0.0091820501,0.0039338749,-0.0219846193
2019-10-31,0.0054443495,0.0156256877,0.0028023315,0.0025513788,-0.0069928353,-0.0035764721,0.0563374816,0.0369235386,0.0296527488,0.0096919732,0.0039030270,-0.0222961102
2019-11-01,0.0024350428,0.0008057728,-0.0072439644,0.0027824044,-0.0094832858,-0.0008648288,0.0576192278,0.0369144261,0.0300820806,0.0097265985,0.0033887001,-0.0232685551
2019-11-04,0.0069988479,0.0092165309,0.0123705363,0.0030181876,0.0097515953,-0.0056974920,0.0581182034,0.0376888675,0.0297743892,0.0091288746,0.0034561588,-0.0236965463
2019-11-05,0.0000803768,-0.0062176423,0.0085158421,-0.0050741052,-0.0042828719,-0.0014661033,0.0577414722,0.0376371680,0.0296088024,0.0101011796,0.0034825664,-0.0233909036
2019-11-06,-0.0024150647,0.0065108166,-0.0024447126,0.0000617062,0.0094250445,0.0064150548,0.0572971737,0.0376284192,0.0295643511,0.0100887118,0.0039198845,-0.0234546822
2019-11-07,0.0001011153,-0.0067467066,0.0005393557,-0.0033681933,-0.0108249392,-0.0041369648,0.0573064176,0.0378211945,0.0293292633,0.0100141170,0.0038133067,-0.0239112935
2019-11-08,0.0033515222,-0.0094864885,0.0060096799,-0.0022381755,-0.0030133670,-0.0011799617,0.0565926372,0.0383669052,0.0293121882,0.0103317338,0.0036656091,-0.0236852912
2019-11-11,0.0013466675,-0.0052634000,0.0011183368,-0.0004657966,-0.0045322798,-0.0040003920,0.0568851784,0.0383020380,0.0290978540,0.0100571236,0.0033589148,-0.0239825995
2019-11-12,0.0021201648,-0.0040850763,-0.0060360661,-0.0063778148,0.0021965727,-0.0009102684,0.0566253170,0.0380495425,0.0287977125,0.0108824626,0.0037428729,-0.0240586143
2019-11-13,-0.0070729370,-0.0013198409,-0.0010264037,-0.0092746956,0.0045927501,0.0123810989,0.0565308150,0.0382005008,0.0281154761,0.0104249191,0.0038074330,-0.0240770738
2019-11-14,0.0000548845,-0.0025020733,-0.0087331863,0.0004903218,0.0027354268,0.0015311061,0.0561520846,0.0368774674,0.0281477910,0.0100075446,0.0039831313,-0.0243676035
2019-11-15,0.0028933782,-0.0028583277,0.0056821963,0.0061702573,0.0069372187,0.0006454250,0.0561596571,0.0368662394,0.0278500627,0.0094322931,0.0039794714,-0.0244723163
2019-11-18,0.0083997989,-0.0004600664,-0.0008012508,-0.0031718675,0.0074607121,0.0045915833,0.0560378887,0.0371855628,0.0278234896,0.0091593876,0.0033896537,-0.0248184988
2019-11-19,0.0007370052,0.0128468971,-0.0169308917,0.0196886383,0.0112495308,-0.0039703291,0.0551758129,0.0379532113,0.0274716699,0.0095066194,0.0037565527,-0.0244249651
2019-11-20,-0.0045377525,-0.0165450510,-0.0171674387,-0.0176472575,-0.0253316470,-0.0168986574,0.0555815276,0.0375461772,0.0272873745,0.0096769464,0.0028005795,-0.0248411571
2019-11-21,0.0095313974,-0.0122399155,0.0072903108,0.0101957778,-0.0032672420,0.0179526948,0.0546533986,0.0374181656,0.0275303794,0.0091769489,0.0025291336,-0.0251736323
2019-11-22,-0.0083740761,0.0090866126,-0.0043822594,0.0165918021,0.0310509580,-0.0009246380,0.0544502361,0.0381002908,0.0269491274,0.0091066710,0.0023644142,-0.0252496036
2019-11-25,-0.0000334918,0.0016311376,0.0097322774,0.0153523282,0.0056984665,-0.0208828041,0.0547121691,0.0379303557,0.0276698069,0.0098806151,0.0029519176,-0.0252331660
2019-11-26,0.0007078430,0.0068063243,0.0079876691,0.0085846374,0.0040507322,-0.0013178301,0.0551134988,0.0378956493,0.0271684296,0.0097436560,0.0030180549,-0.0245676078
2019-11-27,0.0041559467,0.0377085970,-0.0047515395,-0.0055630368,-0.0237667774,-0.0099570875,0.0561468711,0.0383128601,0.0272988957,0.0098108743,0.0036028139,-0.0254423466
2019-11-28,-0.0219016879,-0.0164778124,-0.0000128860,-0.0050358724,-0.0452603331,0.0064642786,0.0561293171,0.0378841864,0.0276263736,0.0097322587,0.0035549558,-0.0251574807
2019-11-29,-0.0050157195,-0.0031748561,0.0024360717,-0.0121167479,-0.0093022435,0.0046522538,0.0563208242,0.0376567929,0.0275544403,0.0092842352,0.0038031474,-0.0250392945
2019-12-02,-0.0127469713,0.0244681010,0.0074832875,0.0108465807,-0.0142223596,-0.0001334380,0.0567359220,0.0377130561,0.0269822660,0.0085860094,0.0038198621,-0.0249805769
2019-12-03,0.0077307019,-0.0198533223,-0.0088295039,-0.0168457359,0.0099539774,-0.0267191994,0.0564755419,0.0379720842,0.0266793927,0.0077418600,0.0035902223,-0.0253094309
2019-12-04,0.0018550408,0.0209031851,0.0111558683,0.0163012143,-0.0003137863,0.0139288841,0.0567419595,0.0377028382,0.0266185733,0.0081811504,0.0042865506,-0.0249827933
2019-12-05,-0.0070932311,0.0095506282,0.0180223281,0.0087644448,0.0181705704,0.0098265512,0.0571370933,0.0376766674,0.0268503724,0.0082175491,0.0039481213,-0.0250940248
2019-12-06,0.0228810448,0.0103354389,0.0117800865,-0.0084412606,-0.0083702949,0.0330139036,0.0573538793,0.0379826423,0.0269479056,0.0081397043,0.0037781699,-0.0249099182
2019-12-09,0.0108232693,-0.0048600430,-0.0193285579,-0.0093178274,-0.0210976587,0.0402482035,0.0569866185,0.0382376481,0.0267055130,0.0077505965,0.0040513727,-0.0251273644
2019-12-10,-0.0114264308,-0.0190587136,0.0241637103,0.0245909380,0.0018906264,-0.0192987258,0.0569401620,0.0387474318,0.0270810710,0.0071146808,0.0040825692,-0.0256120957
2019-12-11,0.0026516492,0.0087510496,0.0034034362,-0.0124974930,-0.0003392058,0.0041808739,0.0566698941,0.0384826828,0.0274252513,0.0077113587,0.0043126137,-0.0257457663
2019-12-12,-0.0166473162,-0.0156941839,0.0131263347,-0.0075641297,0.0114731435,0.0203636194,0.0563020674,0.0384448959,0.0278020382,0.0083087121,0.0042905104,-0.0256833567
2019-12-13,-0.0040114933,-0.0022804133,0.0112967211,-0.0288378341,0.0101666710,0.0137234578,0.0552257475,0.0382711942,0.0280091331,0.0082454970,0.0041600546,-0.0253870705
2019-12-16,0.0117107475,0.0239022405,0.0150803747,-0.0019898139,-0.0057592210,-0.0022469206,0.0552604227,0.0380449586,0.0284610933,0.0076023875,0.0044114879,-0.0257777286
2019-12-17,-0.0052650275,0.0016856951,0.0122191893,-0.0124943003,0.0040093465,-0.0116707449,0.0555624328,0.0384009798,0.0294192552,0.0073801687,0.0036049084,-0.0259727453
2019-12-18,-0.0232884878,-0.0064361908,-0.0092110223,-0.0234600791,-0.0042779738,-0.0043634020,0.0556140005,0.0386916689,0.0291997609,0.0071390134,0.0031174400,-0.0261856431
2019-12-19,-0.0067287893,0.0069934995,0.0135043890,-0.0035621159,-0.0032474778,-0.0076339768,0.0549554292,0.0381385575,0.0292802080,0.0075212956,0.0035036679,-0.0261014589
2019-12-20,0.0097037803,0.0169634757,-0.0026610636,-0.0036771484,-0.0012546360,0.0029527281,0.0547116517,0.0375120673,0.0287560656,0.0076883242,0.0040010025,-0.0265986882
2019-12-23,0.0049443169,0.0002280660,-0.0015883047,-0.0052998645,-0.0037474731,-0.0061963567,0.0543388614,0.0378497324,0.0291931121,0.0076936004,0.0045304973,-0.0273904496
2019-12-24,0.0110956624,0.0070636032,-0.0057514349,0.0064227370,0.0096050122,-0.0026389962,0.0538628421,0.0382690900,0.0289915445,0.0073068260,0.0041876222,-0.0271601195
2019-12-25,0.0071110686,-0.0134171478,-0.0009151326,-0.0019434735,-0.0004318322,-0.0035453569,0.0537599457,0.0386096255,0.0298381419,0.0072620222,0.0040671192,-0.0271517611
2019-12-26,-0.0071208631,0.0089129139,-0.0027935461,-0.0008547982,0.0009224022,-0.0010030237,0.0530238951,0.0385665045,0.0301315046,0.0071966209,0.0046502146,-0.0275387476
2019-12-27,0.0157720565,0.0066691187,-0.0025515936,-0.0077140543,0.0091509490,-0.0077357889,0.0537949870,0.0381215372,0.0305689846,0.0072857376,0.0046918357,-0.0271220668
2019-12-30,-0.0032367813,-0.0019837824,-0.0028753986,-0.0016047978,-0.0049385550,-0.0078838266,0.0538172029,0.0382178684,0.0297498538,0.0070676014,0.0041827040,-0.0269558269
2019-12-31,0.0004511028,-0.0050619618,0.0021581445,0.0005905566,-0.0030598007,-0.0023102845,0.0539592901,0.0392483667,0.0297260154,0.0072262371,0.0041303857,-0.0270375965
2020-01-01,0.0000007133,-0.0027336571,0.0096421308,-0.0020452143,0.0040976100,0.0051133793,0.0537108033,0.0389572976,0.0299255289,0.0064121381,0.0040287698,-0.0269394033
2020-01-02,0.0051124983,-0.0013372822,0.0007615338,0.0086199146,-0.0049339665,-0.0038734110,0.0532923441,0.0388656587,0.0300255069,0.0059481721,0.0037834917,-0.0275418829
2020-01-03,-0.0003319376,-0.0033545836,0.0084175701,0.0088285901,-0.0011235797,-0.0000298848,0.0542137497,0.0388968331,0.0300459073,0.0051819220,0.0040783128,-0.0277891557
2020-01-06,0.0029591158,0.0015272903,0.0019894556,0.0019044425,-0.0050715227,-0.0093364247,0.0542304361,0.0391866286,0.0300857766,0.0046819457,0.0044764605,-0.0274088594
2020-01-07,-0.0094793910,-0.0134579888,-0.0079702130,0.0008908843,0.0154868759,-0.0113548616,0.0547542727,0.0392913137,0.0308161370,0.0051159435,0.0034026353,-0.0282197682
2020-01-08,0.0005305530,-0.0044504524,-0.0006378410,-0.0074728773,0.0055081667,-0.0039502460,0.0547674149,0.0393916235,0.0303046029,0.0049784711,0.0030999860,-0.0285845076
2020-01-09,-0.0040537157,0.0126047590,-0.0093232381,-0.0020994395,0.0056261017,0.0028284676,0.0546895601,0.0390961077,0.0303953236,0.0045833383,0.0027481384,-0.0281999489
2020-01-10,0.0098931005,0.0017410592,0.0062876896,0.0020014941,0.0035961058,0.0121537321,0.0546966022,0.0388604287,0.0306137728,0.0040232037,0.0026472977,-0.0285831270
2020-01-13,-0.0014276073,0.0005774614,0.0002499987,0.0005000592,-0.0074951236,-0.0096884952,0.0549173785,0.0385247695,0.0306782151,0.0038361694,0.0029660017,-0.0281350872
2020-01-14,0.0065343326,0.0054710288,-0.0008477436,-0.0143566120,-0.0002338617,0.0052389251,0.0550211750,0.0383151380,0.0311311119,0.0042584634,0.0025448001,-0.0280721801
2020-01-15,0.0025641458,0.0087190496,0.0001026653,0.0058439482,0.0032086203,-0.0017696029,0.0546637132,0.0382525224,0.0309035259,0.0038824299,0.0024558331,-0.0284486848
2020-01-16,0.0053196182,0.0011847146,-0.0094853696,0.0040925556,0.0159465959,0.0048357364,0.0547561636,0.0387265486,0.0309080164,0.0038175367,0.0015959345,-0.0285702371
2020-01-17,0.0073203937,-0.0001270456,0.0040858478,0.0024428690,-0.0031840879,0.0063570480,0.0552147158,0.0384207278,0.0309637234,0.0036902987,0.0016200715,-0.0280463585
2020-01-20,-0.0254406036,-0.0102294610,-0.0033570877,0.0142582009,0.0206165413,0.0002216118,0.0551966799,0.0384182837,0.0309755607,0.0039786390,0.0012863675,-0.0277294399
2020-01-21,0.0110914026,-0.0119810200,-0.0081361590,-0.0072192530,-0.0036342926,0.0009239045,0.0556196895,0.0384932329,0.0304435705,0.0039018798,0.0014312418,-0.0278666528
2020-01-22,0.0018084695,-0.0169241090,0.0053304396,-0.0011099063,0.0097227631,-0.0089808352,0.0563371499,0.0384445373,0.0297103047,0.0031524221,0.0020690087,-0.0275518275
2020-01-23,0.0299944451,-0.0131473042,0.0093515562,-0.0253355895,0.0055307943,-0.0266221405,0.0559623830,0.0381111355,0.0294576411,0.0037080983,0.0019851041,-0.0267268654
2020-01-24,-0.0182888511,-0.0047468415,-0.0034807605,0.0070073874,0.0013153735,-0.0009109682,0.0563470827,0.0389425025,0.0292685388,0.0035217059,0.0022308368,-0.0275842684
2020-01-27,-0.0057907014,0.0332612303,-0.0298532737,-0.0113247381,0.0086660639,0.0102217925,0.0564472212,0.0388330304,0.0293807940,0.0033471710,0.0022355611,-0.0269295640
2020-01-28,-0.0172366399,0.0078919150,0.0053241008,-0.0128146509,0.0102601227,-0.0183719328,0.0566762953,0.0388789527,0.0297948155,0.0037561042,0.0022343339,-0.0262328728
2020-01-29,0.0027869449,-0.0115046756,0.0077547575,-0.0126765930,-0.0006625264,-0.0084825113,0.0571017885,0.0393594131,0.0293332687,0.0042789207,0.0024945726,-0.0266844590
2020-01-30,-0.0034127739,-0.0094562268,-0.0120068278,0.0130202730,0.0005310937,0.0030273608,0.0566976283,0.0393478996,0.0292319205,0.0035430046,0.0033127142,-0.0268111506
2020-01-31,-0.0005662050,0.0005077106,0.0068321155,0.0048219579,-0.0043657985,0.0019978742,0.0568540058,0.0397831111,0.0287950546,0.0034985845,0.0036622478,-0.0267469261
2020-02-03,0.0036260716,-0.0025861544,0.0006403924,0.0005267698,-0.0015343249,-0.0035414719,0.0570060677,0.0395785501,0.0283365106,0.0038257958,0.0032648400,-0.0266740814
2020-02-04,-0.0025897446,-0.0023626513,-0.0005824101,0.0034968888,0.0062448406,-0.0058091920,0.0575556829,0.0394012644,0.0280288829,0.0052492165,0.0035158805,-0.0266309835
2020-02-05,-0.0012096100,0.0079188320,-0.0024112048,0.0039507110,0.0023043578,-0.0018374319,0.0575263713,0.0395096995,0.0277471770,0.0054671580,0.0029752664,-0.0270358809
2020-02-06,-0.0018755005,0.0007872275,-0.0127532527,-0.0018919915,0.0041155084,-0.0043246205,0.0575907635,0.0397342382,0.0274325438,0.0058119411,0.0034496976,-0.0274215214
2020-02-07,-0.0022877478,-0.0058061734,-0.0019523189,-0.0036664363,0.0016878016,-0.0026235368,0.0574052557,0.0397025225,0.0271853267,0.0055810597,0.0033604350,-0.0266480495
2020-02-10,0.0015841016,0.0002421021,-0.0016302423,-0.0035256845,-0.0037371037,0.0002255948,0.0572061219,0.0401074048,0.0269804272,0.0056790166,0.0035706299,-0.0266118293
2020-02-11,-0.0006738614,0.0013352493,-0.0016642765,-0.0022407950,-0.0039112240,-0.0054872476,0.0573842762,0.0398995552,0.0270752160,0.0057754187,0.0037046270,-0.0266197726
2020-02-12,0.0037192338,-0.0000442906,0.0045580231,-0.0013278237,-0.0004871852,-0.0010543245,0.0574372045,0.0404114463,0.0267964287,0.0058916583,0.0038856909,-0.0270807354
2020-02-13,-0.0006321786,-0.0080149000,-0.0039850216,-0.0023927150,-0.0007519800,0.0036123277,0.0572377292,0.0406283564,0.0270084534,0.0049905530,0.0046934802,-0.0273642255
2020-02-14,0.0027355110,0.0024217743,-0.0063286251,0.0029375692,0.0012256264,-0.0029539758,0.0574478238,0.0398214687,0.0270417416,0.0044111338,0.0041225213,-0.0277965111
2020-02-17,0.0044641788,-0.0013249210,-0.0027067479,-0.0027359517,-0.0055936438,-0.0033294898,0.0567858305,0.0402792296,0.0273144676,0.0042800372,0.0044169224,-0.0276149908
2020-02-18,-0.0030073036,0.0010209229,0.0014026491,-0.0046054687,-0.0087605798,-0.0000021940,0.0565918792,0.0397014399,0.0277867439,0.0035334483,0.0048244060,-0.0274781433
2020-02-19,-0.0052380464,-0.0016501492,0.0006817791,-0.0016217922,0.0023112905,0.0023979334,0.0567253292,0.0400394983,0.0280646479,0.0024156416,0.0041716861,-0.0273614060
2020-02-20,0.0051923503,-0.0032168561,0.0015008199,-0.0007360164,-0.0039041061,0.0025075147,0.0558617557,0.0401950908,0.0280928979,0.0017878696,0.0042055016,-0.0272356583
2020-02-21,0.0010682500,0.0026581738,0.0053497464,-0.0118410469,0.0006942016,0.0013797035,0.0555105562,0.0396006938,0.0285940841,0.0021717008,0.0042527624,-0.0274904881
2020-02-24,0.0031717797,-0.0032840242,-0.0013373230,0.0000815440,-0.0004126238,-0.0006804132,0.0545675980,0.0394308743,0.0292891271,0.0020857062,0.0037208828,-0.0282416221
2020-02-25,0.0034866814,0.0033921823,0.0022895719,0.0004419464,0.0001118966,0.0068052105,0.0546898481,0.0387288542,0.0289466536,0.0018317154,0.0036890583,-0.0279219212
2020-02-26,-0.0009199644,0.0025074717,-0.0019490614,0.0013182423,0.0129120495,0.0036859932,0.0547112958,0.0382230158,0.0287764683,0.0011504222,0.0046433633,-0.0282039669
2020-02-27,-0.0001869481,0.0006623532,-0.0019167674,0.0017254486,0.0008887643,0.0011468910,0.0544100952,0.0379910400,0.0298891093,0.0007605915,0.0050699833,-0.0276478313
2020-02-28,0.0049033488,-0.0035766726,-0.0024809985,-0.0062783142,0.0025232237,0.0002343146,0.0548823697,0.0376984431,0.0295277331,0.0013308940,0.0049259869,-0.0277378380
2020-03-02,-0.0366020390,0.0093613319,0.0083980523,-0.0159375719,0.0016097018,-0.0061453551,0.0547811248,0.0376758151,0.0297675802,0.0011915093,0.0051980497,-0.0274559967
2020-03-03,-0.0155581533,-0.0091768786,-0.0030037163,-0.0037551365,-0.0125225449,-0.0061765841,0.0548632152,0.0382810040,0.0295414113,0.0009609491,0.0057506973,-0.0272947215
2020-03-04,-0.0098973358,0.0045400897,0.0058856755,-0.0172714049,0.0015341486,0.0025542927,0.0548485857,0.0379744554,0.0286778662,0.0011425739,0.0057624321,-0.0269054517
2020-03-05,-0.0002229621,0.0023737730,-0.0002626502,0.0095431016,-0.0354527039,0.0082047777,0.0554649066,0.0382041744,0.0280599370,0.0018090392,0.0061458560,-0.0273087427
2020-03-06,-0.0274726655,-0.0006570360,-0.0087189964,-0.0026276948,0.0099871429,-0.0065832027,0.0552491564,0.0382379322,0.0277936780,0.0015890483,0.0064294914,-0.0281110424
2020-03-09,0.0085285226,-0.0051415216,-0.0052162852,-0.0043117881,0.0282559208,0.0135941102,0.0542856857,0.0383083579,0.0273685194,0.0016171889,0.0060780353,-0.0285477509
2020-03-10,0.0024183689,0.0158420252,-0.0041805128,-0.0148464652,0.0027555951,-0.0026262138,0.0535084166,0.0383445264,0.0276752305,0.0010208023,0.0063100012,-0.0291467804
2020-03-11,-0.0172216453,0.0111423748,-0.0104102764,-0.0183567885,0.0008079258,0.0098702690,0.0538174051,0.0379493409,0.0272130653,0.0002505112,0.0062292965,-0.0289557816
2020-03-12,-0.0016045193,-0.0204392262,0.0026047018,0.0106508952,-0.0002180182,0.0179191073,0.0543817872,0.0377227585,0.0268322743,-0.0001460835,0.0061490639,-0.0285509614
2020-03-13,-0.0190583990,0.0103272851,0.0183542254,0.0369179804,-0.0231273100,0.0013813905,0.0543439561,0.0376085186,0.0268818966,0.0008606032,0.0071802042,-0.0281734589
2020-03-16,0.0088588015,-0.0146923516,0.0053754136,-0.0249225105,-0.0047587176,-0.0073699386,0.0545848200,0.0373725236,0.0269882924,0.0013472730,0.0073483209,-0.0289156983
2020-03-17,0.0022371228,-0.0130907797,-0.0160968992,0.0010127744,0.0006013898,0.0042012234,0.0539765839,0.0375711114,0.0265961326,0.0014202219,0.0071057706,-0.0297821709
2020-03-18,-0.0063502193,-0.0078765770,-0.0205970008,-0.0273271964,0.0050316851,-0.0121551930,0.0540713716,0.0375937961,0.0266661929,0.0014311245,0.0075198040,-0.0293773463
2020-03-19,-0.0130641758,0.0050279347,0.0100089176,0.0092747058,0.0080803052,0.0016436670,0.0539747587,0.0380409825,0.0268025144,0.0012134298,0.0076981077,-0.0295580579
2020-03-20,0.0099592142,-0.0053069836,0.0173204173,0.0209336759,-0.0271266659,0.0146889265,0.0542101438,0.0381154549,0.0266460018,0.0008146197,0.0076855416,-0.0294250076
2020-03-23,-0.0009719437,0.0255128896,0.0091834167,-0.0151818032,0.0088058086,0.0034100795,0.0539864944,0.0383713136,0.0271823554,0.0009725132,0.0079839829,-0.0287747915
2020-03-24,-0.0197467740,-0.0194414795,0.0176218372,0.0059436491,-0.0049188534,-0.0213304879,0.0539590529,0.0387227531,0.0270889757,0.0000789152,0.0080327241,-0.0286882696
2020-03-25,-0.0004287781,0.0164374056,-0.0050396875,0.0028560099,-0.0007931610,-0.0003646110,0.0547629007,0.0387020890,0.0270440020,0.0005028925,0.0081895222,-0.0286139631
2020-03-26,-0.0065420137,-0.0364144787,0.0182509647,0.0286946630,-0.0210602141,-0.0037228017,0.0548379752,0.0383154338,0.0272177167,0.0003251163,0.0081563607,-0.0287029875
2020-03-27,-0.0222340403,-0.0025985264,-0.0028670724,0.0251155774,-0.0067175070,-0.0140291325,0.0550066121,0.0382671322,0.0268975804,0.0003954365,0.0074261409,-0.0284550059
2020-03-30,0.0002479514,-0.0121782120,0.0077236510,0.0066480538,-0.0299538483,0.0077748560,0.0549986240,0.0385634650,0.0265638773,0.0004679969,0.0074153840,-0.0287785862
2020-03-31,-0.0020392177,0.0087189454,0.0001780872,-0.0260833091,0.0004867713,-0.0007046791,0.0543954534,0.0392364815,0.0270993526,0.0010996059,0.0064450697,-0.0282275569
2020-04-01,0.0047400283,-0.0179708620,0.0216400338,-0.0053877350,-0.0173569742,-0.0167915399,0.0544700372,0.0390653431,0.0281729178,0.0009131360,0.0067816574,-0.0275684033
2020-04-02,0.0187583561,0.0080315398,0.0121276545,0.0083214942,0.0109456913,0.0190747505,0.0544982591,0.0388765460,0.0280029949,0.0012411435,0.0068924191,-0.0270220696
2020-04-03,0.0276261533,0.0072192516,-0.0045388306,0.0104806067,0.0132392191,0.0215615007,0.0545946464,0.0394120714,0.0278585446,0.0009063945,0.0068380467,-0.0271476414
2020-04-06,-0.0012194260,0.0079641440,0.0225696103,-0.0213841854,0.0326426485,-0.0116758812,0.0545128434,0.0395573666,0.0283498173,0.0009717539,0.0068824218,-0.0268856481
2020-04-07,0.0245646707,0.0146472646,-0.0077372459,-0.0035420376,0.0143426825,-0.0036792248,0.0547382651,0.0392557630,0.0285683549,0.0005933380,0.0066057239,-0.0265326875
2020-04-08,-0.0042225907,-0.0093635517,0.0000426243,0.0017282532,0.0025858299,0.0069605171,0.0548040098,0.0400791542,0.0285632038,0.0012154470,0.0070553718,-0.0267191401
2020-04-09,0.0046447647,-0.0005370959,-0.0113895632,-0.0045144540,0.0021124217,0.0014312214,0.0550779231,0.0397308971,0.0280182667,0.0014871105,0.0068617329,-0.0270731457
2020-04-10,0.0038370953,-0.0021455326,-0.0050714749,-0.0086913683,-0.0024349353,-0.0016503425,0.0542878829,0.0392377952,0.0279226558,0.0009681203,0.0071435942,-0.0267507938
2020-04-13,-0.0012599792,0.0029078107,-0.0045676618,0.0058595495,0.0012000228,-0.0039066592,0.0539392059,0.0394235923,0.0274480955,0.0006721616,0.0071502940,-0.0267105109
2020-04-14,0.0006233839,-0.0047230573,0.0065352970,-0.0030126454,0.0058121860,-0.0001911604,0.0541685627,0.0390253387,0.0276971256,0.0007517783,0.0068413529,-0.0268174413
2020-04-15,-0.0002872290,0.0050061109,-0.0077807165,-0.0069529566,-0.0039787112,-0.0018622219,0.0541529322,0.0389292894,0.0271603360,0.0010723852,0.0065404715,-0.0267568933
2020-04-16,-0.0011727997,-0.0001950225,0.0041989762,-0.0001445581,-0.0038818660,0.0032838168,0.0547252652,0.0387736284,0.0271682827,0.0013755874,0.0069909622,-0.0268668383
2020-04-17,-0.0034112554,-0.0070325573,-0.0067038049,-0.0089442304,-0.0001965293,0.0056911366,0.0545666742,0.0376305281,0.0271397744,0.0020451194,0.0079165112,-0.0272648756
2020-04-20,-0.0053317985,-0.0016547414,0.0023054004,-0.0024126239,-0.0021412485,-0.0011984777,0.0550238458,0.0375689544,0.0265350666,0.0025096697,0.0079874538,-0.0273737895
2020-04-21,-0.0055465623,0.0070105091,-0.0080852498,0.0010406109,0.0060389430,0.0015836378,0.0553757205,0.0382639939,0.0264764138,0.0026147670,0.0075276930,-0.0275182611
2020-04-22,-0.0069307307,0.0025671476,-0.0012499401,-0.0064937265,-0.0077553148,-0.0011238139,0.0551387660,0.0391258802,0.0261840652,0.0027914365,0.0074332360,-0.0271737182
2020-04-23,0.0069037746,-0.0010053045,-0.0059283859,-0.0053459080,-0.0033800238,0.0008392224,0.0552076326,0.0395196275,0.0268227908,0.0032460692,0.0079782384,-0.0272493094
2020-04-24,0.0021455075,-0.0025588021,0.0026426063,-0.0074812049,0.0014366299,0.0010920509,0.0545160097,0.0392061417,0.0274331118,0.0033527047,0.0080558294,-0.0275015031
2020-04-27,0.0046759868,-0.0058130229,-0.0002221971,0.0018667353,0.0023819420,-0.0025839622,0.0543798940,0.0391419269,0.0273329735,0.0034220743,0.0084901104,-0.0271788063
2020-04-28,0.0008319213,0.0034897799,-0.0033010803,-0.0023509445,0.0036765487,-0.0026689099,0.0551034969,0.0390770462,0.0269340869,0.0039158806,0.0081511806,-0.0267309463
2020-04-29,-0.0050748609,0.0001553207,-0.0003545389,-0.0024402014,0.0064883622,-0.0026170928,0.0559284184,0.0390588981,0.0275822468,0.0039324501,0.0075138183,-0.0266165258
2020-04-30,-0.0032912937,0.0015489826,0.0012377159,-0.0032774837,-0.0036431576,-0.0033838680,0.0552946994,0.0386801806,0.0272286729,0.0043391667,0.0075882262,-0.0262424814
2020-05-01,-0.0035491019,0.0013866685,-0.0015320143,-0.0024970496,0.0014192887,0.0020197332,0.0555420465,0.0382906046,0.0271004918,0.0041172129,0.0083455834,-0.0261890007
2020-05-04,-0.0003119331,-0.0035913579,0.0067624470,-0.0008524426,-0.0045293961,0.0060404107,0.0552577721,0.0377536666,0.0268476096,0.0040542729,0.0087061378,-0.0262760067
2020-05-05,-0.0068403524,-0.0092285547,0.0050856304,-0.0103068256,-0.0062092007,0.0021495380,0.0542765336,0.0375469170,0.0267630683,0.0039295784,0.0088665351,-0.0263996493
2020-05-06,0.0027535953,-0.0031339522,-0.0049919576,-0.0029391128,0.0029363012,0.0025907803,0.0540012524,0.0374307358,0.0269596844,0.0038623608,0.0084287472,-0.0268948804
2020-05-07,0.0013265203,0.0062085354,-0.0049955463,0.0005104327,-0.0020480450,-0.0018226444,0.0540002554,0.0372290137,0.0264969673,0.0041527072,0.0083569963,-0.0267104304
2020-05-08,0.0042043741,-0.0076704148,0.0014601093,-0.0007791389,-0.0049338069,-0.0027511487,0.0541205740,0.0366837229,0.0262043827,0.0042205600,0.0084277155,-0.0269630258
2020-05-11,-0.0047685554,-0.0072810928,-0.0076976547,-0.0021564155,-0.0087696740,0.0081816562,0.0545774805,0.0373909461,0.0262058899,0.0043853048,0.0087023754,-0.0269483040
2020-05-12,-0.0011453632,0.0001445616,0.0039199629,-0.0088088692,0.0002162741,-0.0011189381,0.0542320493,0.0374901992,0.0267000452,0.0042786079,0.0087350502,-0.0273067445
2020-05-13,-0.0001292898,-0.0012725551,-0.0073576695,0.0056765904,-0.0046542192,-0.0031964071,0.0540370742,0.0376220061,0.0269200181,0.0041181379,0.0094294214,-0.0271920818
2020-05-14,-0.0070516572,-0.0009209384,-0.0025194883,-0.0020882329,-0.0032787120,-0.0008712625,0.0536690589,0.0374207012,0.0268737791,0.0041537559,0.0089947087,-0.0267078922
2020-05-15,-0.0068347595,-0.0013644820,-0.0021042071,0.0027541711,0.0028302998,-0.0003230480,0.0531370841,0.0375077138,0.0267834467,0.0043301105,0.0088758988,-0.0262765129
2020-05-18,-0.0063580802,0.0040146143,0.0049839837,0.0032326624,0.0013015107,0.0027296393,0.0532721413,0.0373229731,0.0271477265,0.0042933749,0.0081435495,-0.0262100419
2020-05-19,-0.0049147363,-0.0036284500,0.0005481132,0.0005951997,0.0003490525,0.0038890883,0.0533590002,0.0376519824,0.0272137034,0.0033331447,0.0084352632,-0.0265254171
2020-05-20,0.0085426643,0.0028641343,0.0013302391,-0.0043638024,-0.0003647354,0.0017126008,0.0537613244,0.0379168079,0.0271329863,0.0034427132,0.0078599039,-0.0267340294
2020-05-21,-0.0054377389,-0.0034372726,0.0038512750,-0.0059160659,0.0015376819,0.0039098883,0.0537839020,0.0380467669,0.0267071464,0.0035782042,0.0078474394,-0.0264778603
2020-05-22,-0.0015573375,0.0046275024,0.0014673965,0.0017937143,0.0031054624,-0.0007039718,0.0534207823,0.0385466946,0.0269381972,0.0035741402,0.0079863510,-0.0263479020
2020-05-25,-0.0019424839,-0.0073800782,-0.0046011632,0.0051860244,-0.0058941530,0.0030776504,0.0534458983,0.0380636857,0.0270652431,0.0034183430,0.0078638516,-0.0264014999
2020-05-26,-0.0024779839,-0.0019176733,0.0055362510,0.0020903152,0.0038773048,-0.0012404510,0.0537343463,0.0382052947,0.0267023646,0.0030244977,0.0084685927,-0.0270336030
2020-05-27,0.0043173762,-0.0030304262,-0.0009720913,0.0021457321,-0.0025242284,-0.0009010949,0.0541024774,0.0377798360,0.0269561347,0.0026293448,0.0081508524,-0.0264076787
2020-05-28,0.0010456221,-0.0003007219,0.0005434728,-0.0039451259,-0.0008209692,0.0010313878,0.0542415674,0.0385394859,0.0266431115,0.0019797706,0.0074335564,-0.0266939724
2020-05-29,-0.0008730584,-0.0041472898,0.0068927215,0.0010614744,0.0057392872,-0.0084078419,0.0553856645,0.0385936300,0.0268250288,0.0017279982,0.0071872645,-0.0271899906
2020-06-01,-0.0024040969,-0.0004990340,0.0015952134,0.0022231632,-0.0004256842,-0.0008812653,0.0558619619,0.0384551591,0.0266882887,0.0010175756,0.0073370218,-0.0261400823
2020-06-02,0.0054760543,-0.0006484982,0.0057961109,0.0033316698,-0.0015462488,0.0031921398,0.0553116766,0.0385385868,0.0271352533,0.0016472503,0.0072253122,-0.0263991011
2020-06-03,-0.0046443414,0.0095792848,-0.0040591121,0.0014164029,0.0010345397,0.0021489762,0.0553798130,0.0380296949,0.0270242203,0.0026109056,0.0074645594,-0.0267345792
2020-06-04,-0.0019201946,-0.0020890505,0.0038769440,0.0060566892,-0.0018029710,-0.0063010718,0.0548041618,0.0381930901,0.0268210998,0.0020473131,0.0074606463,-0.0282119677
2020-06-05,-0.0047215303,0.0056713280,0.0077275320,-0.0015068158,-0.0048688203,0.0021682228,0.0548916721,0.0385453712,0.0264829681,0.0021281285,0.0070286787,-0.0279932993
2020-06-08,0.0060944333,-0.0065939430,-0.0028744182,-0.0047660505,0.0054319804,0.0031280483,0.0547510933,0.0385854894,0.0264662262,0.0025171162,0.0072204075,-0.0286310824
2020-06-09,-0.0010929385,-0.0000715191,-0.0009119513,-0.0056244173,-0.0037149970,0.0071621848,0.0539609698,0.0385873659,0.0263489503,0.0022351080,0.0071535040,-0.0291270554
2020-06-10,0.0020480844,0.0016879735,0.0054517465,-0.0015978596,-0.0001280946,0.0057403073,0.0538285373,0.0388734120,0.0262847248,0.0028580442,0.0072316452,-0.0299827691
2020-06-11,0.0008432232,0.0015761463,-0.0028186942,-0.0028275527,-0.0028757089,0.0080343956,0.0529785910,0.0393127351,0.0259306947,0.0025010766,0.0071104862,-0.0302258890
2020-06-12,0.0027916865,0.0047122935,-0.0036705998,0.0015750389,0.0034920744,-0.0008293418,0.0524715404,0.0390602677,0.0255996613,0.0021697094,0.0068203390,-0.0303494707
2020-06-15,0.0004480620,-0.0036214284,-0.0014263625,-0.0051470543,0.0035614359,-0.0016838726,0.0523550947,0.0390160775,0.0252387043,0.0020808859,0.0062429448,-0.0303969681
2020-06-16,0.0014023702,0.0010293027,-0.0050391887,0.0053969927,0.0028212068,-0.0000353264,0.0516093594,0.0384425179,0.0259145164,0.0019636047,0.0064603819,-0.0300466201
2020-06-17,0.0032598812,0.0043449310,0.0004292307,0.0027013108,0.0004272240,0.0051109740,0.0523284704,0.0381260006,0.0258346197,0.0025871450,0.0068860283,-0.0303397313
2020-06-18,-0.0094793374,0.0002786831,0.0110553599,0.0028723979,-0.0005800839,-0.0045433350,0.0519966776,0.0381392957,0.0266478393,0.0028108524,0.0068245931,-0.0309307866
2020-06-19,0.0074920233,0.0044433746,-0.0022756355,0.0047475649,-0.0011972557,0.0004422896,0.0518864162,0.0383895092,0.0266043139,0.0028230281,0.0060724618,-0.0304782837
2020-06-22,0.0011956887,0.0003193096,0.0004817477,0.0026057964,-0.0037384038,0.0020678142,0.0522504726,0.0379387648,0.0263994208,0.0025355225,0.0062812210,-0.0305440069
2020-06-23,0.0011258192,-0.0043639524,0.0010694401,0.0046428740,-0.0046886266,0.0001100444,0.0516649122,0.0377293439,0.0261786882,0.0029595075,0.0067784145,-0.0312344600
2020-06-24,-0.0022907926,-0.0040956423,-0.0010657504,0.0017650727,-0.0044188858,-0.0021080492,0.0513118973,0.0381683208,0.0255661935,0.0023875685,0.0059426262,-0.0304053476
2020-06-25,-0.0013872448,0.0021426093,0.0012183445,-0.0045944903,-0.0049311397,0.0011396488,0.0515018129,0.0382556236,0.0250595551,0.0028142654,0.0056491311,-0.0306780547
2020-06-26,-0.0015697454,-0.0033164585,-0.0024938865,0.0013430265,0.0018907094,-0.0014220295,0.0514465276,0.0383458129,0.0244048862,0.0024558981,0.0055120885,-0.0307344583
2020-06-29,-0.0060045673,-0.0000911966,-0.0034702176,-0.0046568526,0.0051912803,0.0034715553,0.0515706005,0.0380496428,0.0248907106,0.0026638814,0.0058960401,-0.0303045713
2020-06-30,0.0000443905,0.0016044640,0.0029656257,-0.0035920259,0.0016563832,-0.0056265257,0.0515030548,0.0378692264,0.0247953499,0.0038406924,0.0056004558,-0.0304604331
2020-07-01,-0.0020580064,0.0025135044,-0.0013589745,0.0034839038,-0.0013223451,-0.0000481394,0.0521167643,0.0375539954,0.0251988953,0.0032820908,0.0048929587,-0.0303194484
2020-07-02,0.0022628284,-0.0015742034,-0.0074108887,0.0049611399,-0.0090586626,0.0007678834,0.0523479092,0.0373650631,0.0247858908,0.0035185208,0.0051062706,-0.0303335393
2020-07-03,0.0031326879,-0.0041659800,0.0072294095,0.0044833608,0.0023657942,-0.0041713661,0.0519676389,0.0370560024,0.0250833799,0.0031011830,0.0049062436,-0.0308948877
2020-07-06,-0.0046704564,0.0061391248,0.0048804244,0.0047810347,0.0019366523,-0.0062164715,0.0520011437,0.0371310093,0.0249937898,0.0035928613,0.0043414644,-0.0307822554
2020-07-07,0.0019419135,0.0002981743,-0.0010499616,-0.0031929322,0.0090153805,0.0034506988,0.0516227435,0.0373531368,0.0258569997,0.0040253303,0.0041809789,-0.0305078569
2020-07-08,-0.0018174895,0.0103707320,-0.0014108453,-0.0002611730,-0.0039376829,0.0041494047,0.0512801938,0.0366788142,0.0261524004,0.0039147368,0.0036654298,-0.0307207317
2020-07-09,0.0067578058,0.0023340461,0.0037205407,-0.0003124862,0.0070394219,-0.0121210898,0.0508019460,0.0366889669,0.0264868331,0.0037868734,0.0034737474,-0.0305955996
2020-07-10,0.0020774200,0.0045231045,-0.0019433299,0.0051140150,0.0021254291,-0.0016043633,0.0511880275,0.0372237732,0.0272274289,0.0041156744,0.0032887322,-0.0306142487
2020-07-13,0.0028915688,0.0058170823,-0.0028171154,0.0056480097,0.0025633473,-0.0063371701,0.0514474408,0.0369316840,0.0274560648,0.0040157987,0.0032280352,-0.0310051321
2020-07-14,-0.0028401213,-0.0011398738,0.0049144144,0.0041947653,0.0040557953,-0.0018187404,0.0511535464,0.0372310423,0.0270076543,0.0036374253,0.0028144473,-0.0309007809
2020-07-15,0.0096702841,0.0034789786,-0.0067057940,-0.0049182260,0.0004970027,-0.0028362205,0.0512105897,0.0369442880,0.0270248247,0.0039517456,0.0024193359,-0.0309122382
2020-07-16,-0.0013458757,-0.0045828392,0.0039563658,0.0030620532,-0.0007292727,0.0019520873,0.0514885099,0.0370023649,0.0267846057,0.0043787186,0.0024804573,-0.0307449396
2020-07-17,0.0086254488,-0.0049577457,-0.0041451908,-0.0012241481,0.0060367372,0.0067953348,0.0513261747,0.0369587532,0.0266972765,0.0038967738,0.0019367366,-0.0304672043
2020-07-20,0.0003357299,-0.0001840790,0.0010116229,0.0027150539,-0.0045179729,-0.0026691225,0.0512773401,0.0369749828,0.0262662737,0.0040941275,0.0023996606,-0.0301692475
2020-07-21,-0.0016426483,0.0022956985,0.0088459979,-0.0006836099,-0.0027788657,0.0011025105,0.0512021204,0.0378094622,0.0265707159,0.0045022265,0.0021170122,-0.0303659281
2020-07-22,-0.0018338948,-0.0046662406,0.0041266556,0.0008241969,-0.0039532507,-0.0037153426,0.0512028309,0.0377641576,0.0263836128,0.0048236223,0.0018991716,-0.0297786266
2020-07-23,0.0027345137,0.0009433275,-0.0003769885,0.0006053236,-0.0001988789,-0.0046554503,0.0511426024,0.0374054449,0.0258733347,0.0045349570,0.0028759788,-0.0291471282
2020-07-24,0.0049532394,0.0042694710,0.0039136497,0.0007990110,0.0086837331,-0.0034872840,0.0507850527,0.0373714076,0.0253246749,0.0047906433,0.0027873884,-0.0292297516
2020-07-27,0.0033610029,-0.0015495858,0.0006847870,-0.0063100734,0.0004297827,-0.0009855568,0.0515251681,0.0373063796,0.0252529150,0.0045241967,0.0024648420,-0.0298541713
2020-07-28,-0.0033375281,0.0010143132,-0.0081316211,-0.0036469053,-0.0037260690,0.0066600091,0.0514182443,0.0370121981,0.0248861768,0.0043217410,0.0026756043,-0.0301124055
2020-07-29,0.0052697790,-0.0051762058,-0.0084983114,0.0018100696,0.0083766268,-0.0016468943,0.0516367952,0.0380105779,0.0242987603,0.0042348396,0.0030556207,-0.0298665573
2020-07-30,0.0050192056,-0.0031232880,-0.0001189056,-0.0005652411,0.0034336676,0.0026864598,0.0511337218,0.0380095380,0.0245552081,0.0042299640,0.0026462578,-0.0301999580
2020-07-31,-0.0052282258,-0.0019434037,0.0095901359,0.0001984726,-0.0012424577,0.0001927422,0.0512160106,0.0381760707,0.0249183081,0.0041762960,0.0027034584,-0.0305843871
2020-08-03,0.0025777400,-0.0032462524,-0.0021375935,-0.0005211874,0.0053023781,-0.0020057077,0.0513317217,0.0386042854,0.0247874462,0.0038168729,0.0028925507,-0.0306319234
2020-08-04,0.0048053645,-0.0066296566,0.0025437969,-0.0000711472,-0.0028515427,-0.0009361642,0.0512721088,0.0387953775,0.0251818252,0.0035583730,0.0022461325,-0.0309547120
2020-08-05,0.0044933856,-0.0016498356,0.0054252793,0.0016842804,-0.0003715987,0.0015139697,0.0508351223,0.0386402508,0.0253241581,0.0036901590,0.0014341500,-0.0316434930
2020-08-06,0.0017880325,-0.0007364059,0.0001842915,-0.0001621755,0.0000057729,0.0007698241,0.0509462569,0.0386384062,0.0257143812,0.0037487895,0.0007267951,-0.0309875356
2020-08-07,0.0041647343,0.0014055434,0.0019772116,-0.0032047651,0.0113133621,-0.0002708843,0.0509806883,0.0387163820,0.0251036674,0.0029617412,0.0003522446,-0.0313457477
2020-08-10,0.0032622156,0.0020833206,-0.0003627786,0.0030719282,0.0023717140,0.0025959923,0.0514956622,0.0382434098,0.0249084306,0.0030206443,0.0005219987,-0.0312749306
2020-08-11,-0.0059421335,-0.0080804378,0.0020764010,-0.0053387990,-0.0006255803,0.0065218613,0.0500467240,0.0384225508,0.0253308880,0.0030824461,0.0004345654,-0.0311937703
2020-08-12,-0.0015027412,-0.0017628769,-0.0002688404,-0.0050779580,0.0014036461,-0.0006123359,0.0501673849,0.0382107205,0.0257373790,0.0031425405,0.0006678627,-0.0315823839
2020-08-13,-0.0005420382,-0.0038148088,0.0016588866,0.0017720240,-0.0024885840,0.0029092885,0.0499606138,0.0379833389,0.0261559135,0.0027977410,0.0004296483,-0.0314956330
2020-08-14,-0.0052331830,-0.0077800337,-0.0026806403,-0.0023240095,0.0056473701,0.0009731104,0.0495308571,0.0375791374,0.0265836339,0.0031086710,0.0003426282,-0.0316795402
2020-08-17,0.0025053039,0.0062405197,0.0036849626,-0.0047374908,-0.0065938965,0.0018899775,0.0497322424,0.0379791915,0.0265055526,0.0033749456,-0.0007361953,-0.0307714400
2020-08-18,0.0001133324,-0.0005571760,-0.0075833619,0.0054894965,0.0009919122,0.0007621383,0.0497634190,0.0377163255,0.0263497918,0.0027300119,-0.0000326858,-0.0309188032
2020-08-19,0.0021932589,-0.0019589979,0.0005906864,-0.0058386428,0.0000435341,-0.0036995031,0.0502986242,0.0380885313,0.0267640561,0.0030085021,0.0000816519,-0.0309064599
2020-08-20,0.0013944913,-0.0024514367,-0.0052638850,-0.0003160399,-0.0051687060,0.0043309842,0.0500159815,0.0377350285,0.0266970359,0.0030534690,-0.0003515664,-0.0308979873
2020-08-21,0.0027320520,0.0025877231,-0.0000985654,-0.0022182256,0.0040100971,-0.0022046100,0.0506764504,0.0376911730,0.0270997340,0.0026806758,-0.0006137335,-0.0307454456
2020-08-24,-0.0028204079,-0.0032795263,0.0005132616,0.0025176746,0.0043297857,0.0018460314,0.0508991707,0.0379779691,0.0272004065,0.0025393308,-0.0007863116,-0.0303405933
2020-08-25,-0.0102429841,0.0087865374,0.0068243431,-0.0000278012,-0.0071596064,0.0030497321,0.0509342207,0.0378854998,0.0278263359,0.0021231424,-0.0009242189,-0.0304300052
2020-08-26,0.0061033834,-0.0114097190,-0.0055543371,0.0045801005,0.0019698935,0.0008764364,0.0511983140,0.0379729724,0.0273244157,0.0019934711,-0.0018658574,-0.0301952749
2020-08-27,0.0024840614,0.0054867989,0.0034305206,0.0038637252,0.0016753562,0.0008477719,0.0520989817,0.0376012279,0.0272402503,0.0020201091,-0.0018414133,-0.0303288941
2020-08-28,0.0004806740,0.0021892850,0.0032826866,-0.0040820703,-0.0026792637,-0.0006010947,0.0518840267,0.0371321946,0.0271269442,0.0024000938,-0.0021586734,-0.0298271650
2020-08-31,-0.0004517796,0.0061600819,-0.0014655643,0.0066351025,-0.0013040655,-0.0004765433,0.0519647735,0.0375213561,0.0279143606,0.0020459543,-0.0024115487,-0.0295924944
2020-09-01,-0.0025699611,-0.0035723719,0.0008545341,-0.0049223378,0.0051961517,-0.0083694152,0.0520643695,0.0372500719,0.0282059198,0.0023776619,-0.0018087875,-0.0293747841
2020-09-02,0.0040400553,-0.0039402131,-0.0004385265,-0.0007596256,-0.0009226561,-0.0017351419,0.0519846266,0.0370660282,0.0280533069,0.0017736053,-0.0017305369,-0.0288773481
2020-09-03,0.0039900311,0.0026696387,0.0015383959,0.0018872855,-0.0080707890,0.0022814058,0.0518740714,0.0374763330,0.0281683696,0.0013972111,-0.0022522097,-0.0288566328
2020-09-04,-0.0017223501,0.0007129992,-0.0025395839,-0.0031703126,0.0012635798,-0.0019996752,0.0517856153,0.0377478671,0.0284042008,0.0011045038,-0.0017504435,-0.0284155564
2020-09-07,-0.0030804962,-0.0020156447,-0.0023114604,-0.0026834894,-0.0032845722,0.0008366787,0.0518597545,0.0377114938,0.0280557605,0.0011311258,-0.0019228278,-0.0284012026
2020-09-08,0.0110437318,0.0071216599,-0.0003115261,0.0028670252,0.0026850934,-0.0022937007,0.0509393785,0.0382122318,0.0278937830,0.0011673172,-0.0014961330,-0.0284750804
2020-09-09,-0.0040461032,0.0087790541,-0.0033599031,-0.0032593872,0.0015445314,-0.0017277829,0.0507448515,0.0380733216,0.0276176529,0.0016416326,-0.0019650116,-0.0287537815
2020-09-10,0.0008139957,0.0014242517,-0.0017257231,0.0010659361,0.0033588919,-0.0035052524,0.0503390246,0.0381437838,0.0273743154,0.0013124331,-0.0019291477,-0.0287462405
2020-09-11,-0.0027078091,0.0010491802,-0.0000528971,-0.0015855871,0.0003109502,0.0012761910,0.0509839904,0.0384453725,0.0278121726,0.0015049519,-0.0017656593,-0.0289846911
2020-09-14,0.0015375843,-0.0092729797,0.0012893670,0.0012133284,-0.0020246246,-0.0075228571,0.0509405685,0.0378187405,0.0267458976,0.0014239076,-0.0022044647,-0.0288617600
2020-09-15,0.0014956544,0.0064821547,0.0044808713,0.0031521351,0.0040270573,-0.0014072085,0.0513642769,0.0375158285,0.0257809143,0.0014197369,-0.0020753527,-0.0284793335
2020-09-16,0.0029261237,-0.0008954247,0.0077650951,0.0007984427,0.0040834783,-0.0001332973,0.0517174302,0.0374076495,0.0252622765,0.0012195970,-0.0023402384,-0.0280625532
2020-09-17,-0.0006225338,-0.0024866379,-0.0040655391,0.0006872479,0.0014275195,-0.0045675950,0.0515689968,0.0376916684,0.0253828961,0.0012845930,-0.0028678570,-0.0279725377
2020-09-18,0.0008350731,0.0066155905,-0.0024020674,-0.0023757535,-0.0042882462,-0.0001572310,0.0514470278,0.0382591653,0.0245068607,0.0012976587,-0.0024773029,-0.0277514002
2020-09-21,0.0010199736,0.0005555690,-0.0015257826,0.0107365736,0.0016906443,0.0032362812,0.0522356000,0.0379156861,0.0241774746,0.0008679749,-0.0020659793,-0.0275681465
2020-09-22,0.0056743838,0.0032934076,0.0008449749,0.0016705546,0.0056316319,-0.0013368708,0.0525401104,0.0378534618,0.0246574502,0.0011176250,-0.0021519489,-0.0277467514
2020-09-23,-0.0056660154,-0.0007886786,0.0011028592,0.0003336725,0.0009793431,0.0029047138,0.0525540099,0.0381725010,0.0249220533,0.0013134142,-0.0019461933,-0.0282867950
2020-09-24,-0.0061802139,0.0030132347,-0.0091675580,0.0063339941,-0.0071284352,-0.0013996529,0.0533297338,0.0376744497,0.0245703078,0.0001871813,-0.0015144530,-0.0288851350
2020-09-25,-0.0047202682,0.0008105039,-0.0011812701,0.0012573932,-0.0025840279,-0.0036879562,0.0538736897,0.0379730625,0.0248122006,0.0008640996,-0.0014493985,-0.0289165994
2020-09-28,-0.0071773124,0.0119004922,0.0027623555,-0.0025396962,0.0025836581,-0.0064148129,0.0541573261,0.0377793960,0.0249461525,0.0010293512,-0.0008895460,-0.0288890499
2020-09-29,0.0020853215,0.0000036688,-0.0012808126,0.0006366861,-0.0064150690,-0.0054519481,0.0542835578,0.0381585065,0.0253760099,0.0015739073,-0.0014570800,-0.0291145801
2020-09-30,-0.0014612497,-0.0033071393,-0.0003262974,-0.0011908322,0.0023901817,0.0021408551,0.0546038356,0.0381166180,0.0254068280,0.0011942024,-0.0015033719,-0.0293166046
2020-10-01,-0.0003701828,-0.0006818012,0.0016456490,0.0085463203,-0.0006373308,0.0033468922,0.0540200579,0.0391636447,0.0245509973,0.0015623504,-0.0025689236,-0.0292700566
2020-10-02,0.0039841817,-0.0036655389,0.0018009258,0.0001260559,-0.0005519193,0.0066057336,0.0543575745,0.0389901686,0.0244339367,0.0011882201,-0.0026211739,-0.0290883050
2020-10-05,0.0036907106,0.0009708685,-0.0037139602,-0.0014527800,0.0012217167,-0.0061620344,0.0540183339,0.0393871495,0.0249404641,0.0014496986,-0.0027808937,-0.0288804272
2020-10-06,0.0015869335,-0.0011957384,0.0023669343,-0.0010615017,0.0049247135,-0.0020848999,0.0535243865,0.0392610907,0.0253673700,0.0014110116,-0.0025080397,-0.0294564372
2020-10-07,-0.0036981852,-0.0001444427,-0.0027893015,0.0039522790,0.0002727442,-0.0010513815,0.0532475805,0.0381165244,0.0260580646,0.0019939451,-0.0028926547,-0.0291322525
2020-10-08,-0.0036807260,-0.0066654825,-0.0026593359,0.0029182028,-0.0019929729,-0.0024530596,0.0532849960,0.0383754453,0.0268100273,0.0015595940,-0.0029726391,-0.0288748203
2020-10-09,-0.0010290215,-0.0043697784,0.0064528038,-0.0041294824,0.0015834939,-0.0010883950,0.0532814386,0.0379624309,0.0269685408,0.0011962619,-0.0020343949,-0.0283784517
2020-10-12,-0.0042840913,-0.0021890015,0.0064475066,-0.0040247548,-0.0042170391,-0.0008023735,0.0536697785,0.0385849494,0.0276326396,0.0015771648,-0.0022276058,-0.0280509842
2020-10-13,0.0022369200,0.0007113804,0.0027811634,0.0011876864,-0.0035105354,-0.0078846594,0.0534159256,0.0381838089,0.0283714395,0.0016804068,-0.0017093548,-0.0280885568
2020-10-14,0.0018205759,-0.0076094689,0.0029284400,-0.0031513078,-0.0032403560,-0.0014956140,0.0527379509,0.0378779468,0.0277911114,0.0021652775,-0.0016565984,-0.0279677686
2020-10-15,-0.0024284028,-0.0009369107,0.0055234826,0.0080131550,0.0000051270,-0.0020015399,0.0531869706,0.0378331211,0.0276284765,0.0026791013,-0.0016294246,-0.0281947870
2020-10-16,-0.0029050880,-0.0008692385,-0.0066531727,-0.0027192528,0.0009134484,-0.0004733727,0.0533951058,0.0380205419,0.0276611096,0.0026466424,-0.0019370801,-0.0282066982
2020-10-19,-0.0014595909,-0.0003586585,0.0057669195,-0.0014229721,-0.0016334723,0.0005830016,0.0527574010,0.0381738975,0.0277393236,0.0023364255,-0.0016973871,-0.0276870223
2020-10-20,0.0015316111,0.0050804504,0.0003416154,-0.0031338600,0.0017913655,-0.0065226195,0.0530521004,0.0382560892,0.0279796161,0.0023077658,-0.0019397288,-0.0280282480
2020-10-21,-0.0019913379,-0.0051949058,0.0008284925,0.0040272043,-0.0014777228,-0.0055134101,0.0528624294,0.0384458688,0.0281993170,0.0025425610,-0.0017983102,-0.0279373659
2020-10-22,-0.0022007990,0.0053731925,0.0031061932,0.0006771649,0.0057254921,0.0030013470,0.0528132101,0.0381343843,0.0287246124,0.0024452174,-0.0017812667,-0.0275157454
2020-10-23,-0.0041347284,0.0001990727,0.0029103098,-0.0022036286,-0.0009553709,0.0054249766,0.0533025293,0.0381856560,0.0283333088,0.0022610757,-0.0020526183,-0.0278304150
2020-10-26,0.0033677924,0.0030742492,-0.0033720820,0.0067749384,0.0010981311,0.0071611930,0.0525991922,0.0384814189,0.0281195998,0.0023492515,-0.0023776506,-0.0279551177
2020-10-27,-0.0026761797,-0.0033896406,-0.0000676818,-0.0001795937,0.0008231946,0.0027188376,0.0522783463,0.0387005902,0.0281098059,0.0029872457,-0.0028853497,-0.0282161375
2020-10-28,0.0010633468,0.0007126092,-0.0007229998,0.0064134092,-0.0044025491,-0.0025729546,0.0519953362,0.0389346059,0.0280383413,0.0028619105,-0.0033982244,-0.0280281107
2020-10-29,-0.0020970461,-0.0019031502,-0.0020855112,0.0038421189,0.0002167814,0.0012463935,0.0513350651,0.0388440718,0.0284257986,0.0030510691,-0.0031600301,-0.0283332868
2020-10-30,-0.0106198486,0.0016927376,0.0020320196,0.0028284595,0.0004322522,-0.0043597583,0.0519023890,0.0386032106,0.0285462791,0.0031487949,-0.0034871274,-0.0282105450
2020-11-02,0.0028636434,0.0015255221,0.0042406309,-0.0013169735,-0.0001979645,-0.0041311754,0.0517915533,0.0393152768,0.0286570130,0.0032221901,-0.0032899947,-0.0292268478
2020-11-03,0.0039516866,-0.0039080890,-0.0025819861,-0.0010344316,0.0027495776,-0.0001922508,0.0522633578,0.0394326886,0.0283699176,0.0029443042,-0.0033002450,-0.0293567595
2020-11-04,-0.0025131912,-0.0028386357,0.0008436219,-0.0040507437,-0.0057693152,-0.0036153582,0.0519592526,0.0382902229,0.0281957209,0.0031763060,-0.0032008287,-0.0297486013
2020-11-05,0.0022758605,0.0007180408,0.0008138835,-0.0012449775,-0.0016961324,-0.0049819644,0.0519485427,0.0386854178,0.0282345515,0.0031379021,-0.0034004087,-0.0295473039
2020-11-06,0.0006663053,-0.0029270968,0.0023115292,-0.0020259824,-0.0004599521,0.0019149911,0.0517696424,0.0387103170,0.0289146241,0.0035947582,-0.0033751168,-0.0301724799
2020-11-09,0.0024983693,-0.0005995829,-0.0041286535,-0.0000677555,-0.0009339698,-0.0077717404,0.0519013403,0.0383387291,0.0289794953,0.0032766956,-0.0032085300,-0.0300036705
2020-11-10,-0.0000278188,-0.0007625526,-0.0050299288,-0.0062344693,0.0005902611,0.0008716072,0.0528610772,0.0380410432,0.0287369241,0.0029561823,-0.0031219628,-0.0300231008
2020-11-11,-0.0053439732,0.0000583249,0.0021390808,0.0028477962,0.0031880634,-0.0030599767,0.0536088495,0.0374824623,0.0290764016,0.0035161400,-0.0041667505,-0.0296312197
2020-11-12,0.0058937634,0.0081724961,0.0024362679,0.0007870742,0.0021664903,-0.0026577310,0.0533288763,0.0373167142,0.0290664530,0.0038814704,-0.0041974070,-0.0292416252
2020-11-13,-0.0038301101,-0.0005480968,0.0005303636,-0.0022840722,0.0082121940,0.0007751864,0.0530984933,0.0371404402,0.0290843175,0.0038367187,-0.0047331874,-0.0294807592
2020-11-16,-0.0016872185,-0.0115183245,-0.0032455283,0.0005296023,-0.0001910396,0.0060388538,0.0532251537,0.0375186706,0.0288756364,0.0037694735,-0.0044462948,-0.0291573375
2020-11-17,-0.0071003784,-0.0051008098,0.0016345770,0.0024638967,-0.0035889915,-0.0055482570,0.0537939140,0.0376910160,0.0294008902,0.0033728880,-0.0043347962,-0.0291851915
2020-11-18,-0.0006915125,0.0019041409,-0.0036434059,0.0094790624,-0.0007536901,0.0009770914,0.0542811949,0.0384010092,0.0288654157,0.0030451292,-0.0046958912,-0.0292991406
2020-11-19,-0.0009774109,-0.0019311319,-0.0040730280,0.0020081950,-0.0088176436,0.0042244684,0.0543674408,0.0374540198,0.0289279060,0.0031739055,-0.0049723705,-0.0284947817
2020-11-20,0.0057605915,0.0001989628,0.0000981811,0.0026479430,-0.0047554146,0.0049303085,0.0544378764,0.0376053128,0.0286227992,0.0033817107,-0.0049288135,-0.0285836341
2020-11-23,0.0054466748,-0.0000293685,0.0017431665,-0.0033217922,0.0001191975,-0.0027091073,0.0546679476,0.0381066083,0.0282728645,0.0032506570,-0.0050931433,-0.0285805636
2020-11-24,-0.0036252182,0.0028496891,0.0022666231,-0.0063793833,-0.0015075186,0.0022624692,0.0550998009,0.0376906928,0.0285118234,0.0035953632,-0.0049330988,-0.0290429770
2020-11-25,0.0006124915,0.0021538273,-0.0042208875,0.0032926189,-0.0018892290,0.0019763519,0.0553191081,0.0371881970,0.0279034712,0.0038649329,-0.0055525002,-0.0291509864
2020-11-26,-0.0019473128,-0.0021328058,0.0002735009,-0.0113376281,-0.0040440295,0.0063503705,0.0562931838,0.0378086323,0.0277654571,0.0039287054,-0.0047646486,-0.0294114160
2020-11-27,-0.0019897724,0.0006333216,-0.0039427566,-0.0022167631,-0.0043138530,-0.0050984337,0.0557623495,0.0383641313,0.0278860546,0.0039549635,-0.0045355592,-0.0301031332
2020-11-30,0.0003724975,-0.0003796977,-0.0026266555,-0.0095172550,-0.0033555408,-0.0005306080,0.0557272156,0.0381414066,0.0276980379,0.0041717399,-0.0054637283,-0.0303389912
2020-12-01,0.0051232334,-0.0016682804,-0.0026380804,-0.0000978877,-0.0000365608,0.0003512720,0.0554997391,0.0386747813,0.0280719997,0.0046728528,-0.0048747424,-0.0294429568
2020-12-02,-0.0067334374,0.0009747776,0.0011004532,0.0006523338,0.0024074414,0.0073606370,0.0546154178,0.0387360008,0.0277891939,0.0046833847,-0.0053897702,-0.0296287151
2020-12-03,-0.0115780397,0.0010662448,-0.0013938741,-0.0065044231,0.0052031935,-0.0033870641,0.0546892962,0.0380166913,0.0277156493,0.0042614547,-0.0056201255,-0.0292731180
2020-12-04,0.0041668012,0.0057431405,-0.0063897035,0.0053275671,-0.0064794422,-0.0016253463,0.0541267042,0.0382463920,0.0272331416,0.0033525450,-0.0055243201,-0.0294098419
2020-12-07,0.0009890697,-0.0023458296,-0.0008466275,0.0085138041,0.0067989836,0.0008506977,0.0547460308,0.0386854242,0.0270681144,0.0033500282,-0.0050116210,-0.0298642030
2020-12-08,-0.0043613208,-0.0041253437,-0.0019098959,0.0019830067,-0.0030557720,0.0019987510,0.0551478927,0.0396609133,0.0275322100,0.0037603480,-0.0050808376,-0.0295824478
2020-12-09,-0.0048498478,0.0048710977,-0.0049747100,0.0100009126,0.0058239499,-0.0002532803,0.0547219489,0.0399405035,0.0273239064,0.0040818606,-0.0049135945,-0.0293207034
2020-12-10,0.0018208882,-0.0072037560,0.0018806486,0.0069440920,-0.0093526880,-0.0075322997,0.0544862950,0.0403040589,0.0269211862,0.0038113499,-0.0050166793,-0.0297330506
2020-12-11,-0.0003082045,0.0010957166,0.0057930362,-0.0018504351,-0.0001447698,0.0048043833,0.0539854883,0.0401497415,0.0276874413,0.0042579200,-0.0047129738,-0.0299409146
2020-12-14,0.0066443250,-0.0047197637,0.0019176327,0.0024869460,0.0002878968,-0.0086173743,0.0535803211,0.0404809340,0.0280685787,0.0043074124,-0.0046386771,-0.0299676341
2020-12-15,0.0076606325,0.0000528968,-0.0024560580,0.0009044623,0.0047282426,-0.0068148028,0.0528250456,0.0406587907,0.0268884105,0.0049406847,-0.0044308138,-0.0297321163
2020-12-16,0.0057340083,0.0015822886,0.0003919928,0.0049590088,0.0014507242,0.0034054676,0.0532826138,0.0407737133,0.0266879229,0.0049623912,-0.0043485307,-0.0298645961
2020-12-17,0.0094580865,-0.0050781826,-0.0035961649,-0.0075258685,0.0025430773,-0.0054395634,0.0537436597,0.0399854332,0.0269372868,0.0043983655,-0.0048152666,-0.0303454217
2020-12-18,-0.0074843117,-0.0032839911,-0.0002464060,0.0056246960,0.0037802024,-0.0047336765,0.0532490994,0.0394546282,0.0265937707,0.0044332926,-0.0051930358,-0.0307674718
2020-12-21,0.0047805657,0.0045386380,-0.0049447651,-0.0015099103,0.0000746121,-0.0034531882,0.0532157810,0.0393849828,0.0271714386,0.0042506132,-0.0056435117,-0.0310603759
2020-12-22,0.0019282303,-0.0026468164,-0.0011685128,0.0091766918,0.0051650291,0.0017444933,0.0526331625,0.0393222862,0.0268695273,0.0042227760,-0.0052809357,-0.0320265836
2020-12-23,0.0043952700,-0.0032097189,-0.0021450801,0.0000596990,0.0053414109,0.0059209135,0.0522622969,0.0395282195,0.0266047239,0.0039345430,-0.0053473209,-0.0321795533
2020-12-24,0.0035143776,-0.0004603998,-0.0036481630,-0.0037722524,-0.0050792024,0.0012100434,0.0522298598,0.0387979094,0.0270301051,0.0036710534,-0.0052558384,-0.0325722902
2020-12-25,0.0019364554,0.0030965514,0.0012146713,-0.0007404410,0.0033013321,0.0016112892,0.0524544091,0.0398484625,0.0266498050,0.0031503736,-0.0056061060,-0.0323784811
2020-12-28,0.0016140088,-0.0036578013,0.0009138147,0.0043244715,0.0050288026,-0.0034137655,0.0515976948,0.0393261474,0.0267592923,0.0029529790,-0.0055076355,-0.0327705314
2020-12-29,0.0030645227,0.0047278055,0.0043176369,0.0103173533,0.0065499764,0.0072903937,0.0518853574,0.0388717208,0.0258474340,0.0037093996,-0.0052617253,-0.0333342906
2020-12-30,-0.0057080849,-0.0016899939,-0.0011811827,-0.0012152674,-0.0034537615,0.0022411049,0.0522016853,0.0384235008,0.0253597090,0.0039517441,-0.0048518364,-0.0333561358
2020-12-31,-0.0057470565,0.0094500696,-0.0037678265,-0.0009688268,-0.0005748945,-0.0066715818,0.0529403809,0.0384172213,0.0246217562,0.0034892925,-0.0045337162,-0.0334687868
2021-01-01,-0.0018985778,-0.0020636653,-0.0007461645,0.0033114067,0.0007603582,-0.0027169478,0.0526778542,0.0389978773,0.0242266616,0.0026709650,-0.0045407350,-0.0333959616
2021-01-04,0.0010808642,0.0025951833,0.0085149946,0.0019902738,-0.0037637407,0.0007525397,0.0524935915,0.0392276641,0.0249028951,0.0029793301,-0.0051747930,-0.0339103947
2021-01-05,0.0054870680,-0.0037564975,0.0034844678,0.0063002734,-0.0080282674,-0.0027072413,0.0526765226,0.0396693173,0.0255337744,0.0031501707,-0.0057813828,-0.0336826783
2021-01-06,0.0010470721,0.0013149949,-0.0050803095,0.0024450053,0.0014467127,0.0050548196,0.0526422856,0.0395395165,0.0250705393,0.0030174192,-0.0054742481,-0.0341227167
2021-01-07,0.0035061997,0.0006174170,0.0022143489,0.0107464166,0.0006478269,-0.0021441116,0.0520138940,0.0385559306,0.0246453121,0.0030163627,-0.0050592659,-0.0344941186
2021-01-08,0.0062464995,0.0010210088,0.0019852533,-0.0081178713,0.0007847321,-0.0024941142,0.0517828645,0.0387342496,0.0239039442,0.0028415639,-0.0048997000,-0.0337770591
2021-01-11,-0.0113337728,0.0040810264,0.0024057914,-0.0021641665,-0.0025810179,-0.0004265163,0.0519560008,0.0392856626,0.0234394918,0.0031349429,-0.0053691459,-0.0340676973
2021-01-12,0.0084765058,-0.0023354320,0.0049404232,0.0039624554,-0.0024205335,0.0025698521,0.0517203930,0.0391127589,0.0231609571,0.0035466578,-0.0049611238,-0.0341840650
2021-01-13,-0.0025839725,0.0036878422,0.0014120318,0.0088571650,-0.0065334851,0.0010372412,0.0520825534,0.0391325932,0.0233848490,0.0025263621,-0.0052575431,-0.0339242316
2021-01-14,-0.0000363947,0.0027796264,-0.0061849349,-0.0035410296,-0.0045115990,0.0002576022,0.0514817903,0.0389732056,0.0233470751,0.0020250764,-0.0060642350,-0.0343686859
2021-01-15,0.0017228590,0.0092482591,0.0104278585,0.0012455071,-0.0008890119,-0.0101145878,0.0520745604,0.0389675186,0.0233968120,0.0025311392,-0.0051661306,-0.0344141146
2021-01-18,-0.0015784942,-0.0005150035,-0.0026932936,-0.0051806357,0.0057181384,0.0052607578,0.0520393352,0.0389968791,0.0231533758,0.0021662171,-0.0050318532,-0.0345380452
2021-01-19,-0.0021258429,-0.0015741995,0.0038516503,0.0028442422,-0.0007201129,-0.0081565063,0.0517656460,0.0383495251,0.0236534403,0.0015751243,-0.0059504821,-0.0349731615
2021-01-20,-0.0087204644,-0.0018894809,0.0008842427,0.0052817043,-0.0034512980,0.0065106616,0.0510902431,0.0387002766,0.0242033874,0.0020637941,-0.0059153893,-0.0351564258
2021-01-21,0.0074718090,0.0091700989,0.0015273366,-0.0012350516,-0.0005438520,-0.0065025061,0.0512557496,0.0388468674,0.0242532999,0.0021751584,-0.0055428389,-0.0355073932
2021-01-22,0.0017199816,-0.0088061670,-0.0013361946,-0.0024819465,0.0000371331,0.0068589531,0.0512109488,0.0392718910,0.0242072967,0.0023402701,-0.0060440853,-0.0362891373
2021-01-25,0.0014209938,0.0025468221,0.0012276781,0.0107334858,-0.0043805843,-0.0004798384,0.0512992076,0.0397942509,0.0242809688,0.0022369094,-0.0061267994,-0.0360271278
2021-01-26,-0.0026256009,-0.0073644438,0.0070037471,-0.0112190604,0.0097362407,-0.0098751102,0.0511980868,0.0394327686,0.0242511182,0.0025538219,-0.0054717940,-0.0361242762
2021-01-27,0.0138240773,-0.0042083652,0.0011683897,0.0041631635,-0.0004717555,-0.0011515079,0.0514148508,0.0393806923,0.0240433033,0.0023863563,-0.0055741867,-0.0356257905
2021-01-28,0.0061661778,-0.0035521358,-0.0068516156,-0.0106788288,0.0056347878,0.0041945559,0.0514134673,0.0392137450,0.0236977539,0.0022073500,-0.0048384527,-0.0358708572
2021-01-29,-0.0013259713,-0.0011060432,-0.0093644514,-0.0020038899,0.0000244940,-0.0070206400,0.0509856615,0.0392980474,0.0237722343,0.0028127912,-0.0056606004,-0.0362966568
2021-02-01,-0.0004819301,-0.0044371072,0.0019756317,-0.0064954773,0.0022326896,-0.0014990212,0.0512211769,0.0391960558,0.0235548740,0.0022859913,-0.0056878211,-0.0365073647
2021-02-02,-0.0001137199,-0.0038117628,-0.0042608954,0.0018434339,-0.0051515736,0.0050225619,0.0502217267,0.0389283517,0.0236580746,0.0018192958,-0.0061075916,-0.0357436914
2021-02-03,-0.0012715368,-0.0009863101,-0.0055089152,0.0044331971,0.0043249962,-0.0006798287,0.0500612869,0.0392222580,0.0234407857,0.0007195707,-0.0055773373,-0.0356681901
2021-02-04,0.0014727059,0.0039408797,-0.0091568977,-0.0014279249,0.0043232623,0.0047293671,0.0497465604,0.0389141068,0.0237307323,0.0005538087,-0.0056841255,-0.0354432922
2021-02-05,-0.0027713230,0.0074993965,-0.0022214520,0.0003326447,-0.0039438961,-0.0049542910,0.0497024319,0.0390694550,0.0225983358,0.0002288104,-0.0057827391,-0.0357445983
2021-02-08,-0.0063165785,0.0006987981,0.0099818828,0.0053953420,0.0030045499,0.0008380350,0.0504144408,0.0384509746,0.0221188271,-0.0003344122,-0.0059580370,-0.0351939796
2021-02-09,-0.0021137417,-0.0042308628,0.0050951609,0.0021752927,0.0139865734,0.0040453834,0.0508713553,0.0390597212,0.0219041962,-0.0001016171,-0.0060865764,-0.0352193072
2021-02-10,-0.0059204119,-0.0023893278,0.0033712969,0.0038632794,0.0026771969,-0.0079894715,0.0511697253,0.0385517645,0.0223147769,-0.0005288844,-0.0059017928,-0.0355508717
2021-02-11,0.0002547788,-0.0017697648,-0.0003985236,0.0041587184,0.0008283495,-0.0102286596,0.0514467896,0.0384227648,0.0221909322,-0.0004394341,-0.0056338554,-0.0362007268
2021-02-12,0.0030586945,0.0036740063,0.0002960726,-0.0056838900,-0.0023030708,-0.0057677496,0.0507978885,0.0388154550,0.0221426127,-0.0004394456,-0.0056047893,-0.0366092879
2021-02-15,0.0033485255,-0.0019439030,0.0007588920,-0.0034455752,-0.0022185583,0.0025272235,0.0509921903,0.0387427381,0.0220256003,-0.0003219460,-0.0053520681,-0.0368801192
2021-02-16,0.0134444572,0.0031177018,0.0004624697,0.0041966655,0.0044052218,-0.0024224066,0.0510661865,0.0384547170,0.0219440615,-0.0004143430,-0.0052719054,-0.0369979426
2021-02-17,-0.0004139016,0.0004563858,0.0010620851,-0.0049413323,-0.0031074771,0.0022522458,0.0519359679,0.0384939642,0.0220809412,-0.0008281953,-0.0057597390,-0.0371003075
2021-02-18,0.0031645477,0.0083428490,0.0069971379,0.0009140859,0.0038335460,-0.0002358130,0.0521352452,0.0383547170,0.0217535810,-0.0003997849,-0.0052056062,-0.0368574082
2021-02-19,-0.0021167887,-0.0006210180,0.0027692043,-0.0027944121,-0.0036879552,-0.0041854229,0.0525110522,0.0379865507,0.0210032624,-0.0007226509,-0.0055090243,-0.0366480329
2021-02-22,0.0025279624,0.0015298358,0.0075598462,-0.0026576128,-0.0007557461,-0.0007992807,0.0521481681,0.0378321658,0.0206316643,-0.0012184243,-0.0052520943,-0.0363661167
2021-02-23,0.0054452538,-0.0093250216,0.0070876302,-0.0000241153,-0.0003789532,0.0016512283,0.0524553608,0.0376958585,0.0209661845,-0.0008404780,-0.0048251142,-0.0364323236
2021-02-24,0.0023572907,-0.0061914215,0.0027820155,-0.0062309222,-0.0057165998,0.0000340357,0.0523027173,0.0379100769,0.0208111542,-0.0016280455,-0.0048328225,-0.0358603737
2021-02-25,-0.0042208617,0.0017916307,-0.0029521171,-0.0018480468,0.0093629273,-0.0031947532,0.0525508118,0.0373211850,0.0210807528,-0.0019384214,-0.0046278909,-0.0364672912
2021-02-26,-0.0006687762,-0.0002647855,0.0010187063,0.0004992554,-0.0024543098,0.0006161176,0.0519913150,0.0366036189,0.0210903195,-0.0025359404,-0.0044002179,-0.0367056368
2021-03-01,-0.0004916537,-0.0037116700,0.0015325927,-0.0037812378,-0.0132979515,-0.0038452936,0.0516316118,0.0367145783,0.0213027590,-0.0026242402,-0.0047170835,-0.0366839646
2021-03-02,-0.0001172700,0.0038843645,0.0036477662,-0.0067168560,0.0063320464,0.0030819337,0.0513039165,0.0364803932,0.0211101836,-0.0030357597,-0.0040436063,-0.0364222967
2021-03-03,-0.0013295263,0.0016998582,-0.0047457533,0.0049822976,-0.0008127058,-0.0017497358,0.0516707535,0.0368123081,0.0207551506,-0.0032243533,-0.0038602880,-0.0363472553
2021-03-04,0.0033959428,-0.0018557169,0.0023554945,-0.0019381795,0.0028923189,0.0034785403,0.0510122899,0.0372320006,0.0207372023,-0.0029110064,-0.0038690809,-0.0364314025
2021-03-05,-0.0016263884,-0.0061266182,0.0054635000,0.0040980921,-0.0022253191,0.0031232192,0.0511961908,0.0370140963,0.0203776561,-0.0025041732,-0.0036448537,-0.0371035601
2021-03-08,-0.0078313276,0.0043845521,-0.0049140227,-0.0051120524,0.0102971883,0.0026118201,0.0511606606,0.0370939527,0.0200016780,-0.0026471331,-0.0030561189,-0.0373259798
2021-03-09,-0.0050350745,-0.0020928893,-0.0046663460,0.0052668267,0.0042845747,0.0016195739,0.0515583338,0.0370956521,0.0198801352,-0.0031278112,-0.0022806107,-0.0369042177
2021-03-10,-0.0005786313,0.0021030393,-0.0045649756,-0.0009081387,0.0015906792,-0.0046543854,0.0512263260,0.0366833074,0.0195565545,-0.0030728670,-0.0023877877,-0.0376252418
2021-03-11,-0.0029182746,-0.0013138520,0.0074232533,0.0080122734,-0.0023214044,0.0005447904,0.0508949034,0.0364267166,0.0204299298,-0.0030906316,-0.0026356081,-0.0375789596
2021-03-12,0.0028330399,0.0033421858,-0.0045724571,0.0005707937,0.0003010142,-0.0051212149,0.0510130154,0.0359813944,0.0201415204,-0.0033237055,-0.0023119758,-0.0376701010
2021-03-15,-0.0055070879,0.0034916425,-0.0026342351,0.0003135346,0.0005354230,-0.0058738993,0.0508057362,0.0365405742,0.0201239942,-0.0039190027,-0.0025051576,-0.0375613478
2021-03-16,-0.0019559725,-0.0061604279,0.0030127769,0.0045516434,-0.0006184237,0.0027202093,0.0504378686,0.0364125040,0.0196162338,-0.0040535635,-0.0023862315,-0.0377512968
2021-03-17,0.0022942280,0.0034709625,0.0058902298,-0.0031836639,0.0056678547,0.0007711039,0.0511516212,0.0363019339,0.0200682749,-0.0038535523,-0.0023054264,-0.0383522597
2021-03-18,0.0057098516,-0.0004880217,0.0016299972,-0.0025847511,-0.0027126862,-0.0023547408,0.0510035211,0.0361380568,0.0197900914,-0.0036228072,-0.0025674523,-0.0389764530
2021-03-19,0.0051799213,0.0035134501,-0.0053349870,0.0036942437,0.0092196399,-0.0014744365,0.0523817895,0.0361352320,0.0190056497,-0.0039803457,-0.0024394815,-0.0389148591
2021-03-22,0.0018075969,0.0015671670,0.0010585363,-0.0021336751,0.0016040132,-0.0099414388,0.0522822016,0.0371935970,0.0190497572,-0.0035261260,-0.0024908757,-0.0386681564
2021-03-23,-0.0056253494,-0.0035697518,-0.0045815181,-0.0029835017,0.0023928655,0.0013448100,0.0519828880,0.0375793127,0.0188124274,-0.0032286342,-0.0031091950,-0.0379700181
2021-03-24,0.0005860344,-0.0092713944,-0.0006397187,0.0049344558,-0.0046198635,-0.0011934609,0.0517228174,0.0378914845,0.0193442779,-0.0026775044,-0.0032745828,-0.0381336321
2021-03-25,0.0013076474,0.0080052469,0.0011549118,-0.0027316907,0.0033911030,-0.0040976759,0.0512246639,0.0384863633,0.0188728930,-0.0030015269,-0.0032656901,-0.0375692864
2021-03-26,-0.0007949360,-0.0037923364,0.0097511781,0.0008299506,-0.0029887461,0.0105985802,0.0517884419,0.0381582414,0.0195663191,-0.0031192570,-0.0034467691,-0.0372085247
2021-03-29,0.0013722047,0.0028526707,-0.0013321423,0.0013735851,0.0037617493,-0.0040917598,0.0514554932,0.0385306407,0.0200588174,-0.0029304604,-0.0033038581,-0.0371691722
2021-03-30,-0.0059302433,0.0026544498,-0.0061470976,-0.0021431383,-0.0087566473,0.0001892085,0.0518292798,0.0384654223,0.0200082024,-0.0026622907,-0.0024933675,-0.0376393385
2021-03-31,0.0008584208,0.0014340585,-0.0016096549,0.0032010194,-0.0059623391,-0.0048095321,0.0514281131,0.0386474712,0.0202742880,-0.0020736702,-0.0028480108,-0.0379652218
2021-04-01,-0.0003818972,0.0033022282,0.0081052859,0.0005010523,-0.0013859255,-0.0038090109,0.0522123369,0.0382743853,0.0200120836,-0.0016316164,-0.0032871705,-0.0380329454
2021-04-02,0.0049538067,-0.0044225781,0.0080850605,-0.0053382729,0.0008998430,-0.0000439320,0.0524527917,0.0388232454,0.0207117044,-0.0016141177,-0.0036573405,-0.0382353656
2021-04-05,0.0042856644,0.0001849510,0.0059708006,0.0013694628,0.0074566438,-0.0049664818,0.0527725701,0.0392491915,0.0209906476,-0.0015164459,-0.0036290892,-0.0378361659
2021-04-06,0.0013174906,-0.0010559736,-0.0022780140,-0.0012587804,0.0077629474,-0.0053225545,0.0526881676,0.0388135723,0.0216162512,-0.0013057982,-0.0032814047,-0.0373151447
2021-04-07,0.0013090496,0.0013636205,-0.0009051487,0.0014497093,-0.0023634349,0.0003175677,0.0530079668,0.0392598745,0.0218252175,-0.0019471946,-0.0033365520,-0.0376334225
2021-04-08,0.0009232141,0.0021851166,0.0025677493,-0.0005546363,-0.0000513268,-0.0007982740,0.0530126220,0.0392303849,0.0223845276,-0.0018821376,-0.0031874604,-0.0380341711
2021-04-09,-0.0053949204,-0.0004155735,-0.0011436685,-0.0038789207,0.0060766246,-0.0009930159,0.0529339597,0.0393650495,0.0223701305,-0.0021156901,-0.0031096582,-0.0374217951
2021-04-12,-0.0013470295,0.0035176199,-0.0101813492,0.0007734902,0.0020526632,-0.0042554433,0.0528611068,0.0392398682,0.0222714508,-0.0023374007,-0.0032014027,-0.0373869840
2021-04-13,0.0054151737,-0.0035764330,0.0022938978,-0.0042741722,-0.0047365567,-0.0012567359,0.0528463980,0.0391808623,0.0219796162,-0.0021336657,-0.0030520613,-0.0375450956
2021-04-14,0.0055041158,-0.0031446307,0.0090345168,0.0029660530,0.0041643862,0.0014086358,0.0523699999,0.0391083846,0.0226886630,-0.0020059164,-0.0032680839,-0.0378683180
2021-04-15,-0.0051208633,0.0008512158,-0.0028260940,0.0009624566,0.0052269700,-0.0006538424,0.0524717396,0.0389540851,0.0227466354,-0.0021717096,-0.0034128500,-0.0384480339
2021-04-16,-0.0054458283,-0.0027584694,-0.0013571577,-0.0002275932,0.0001968293,-0.0022335610,0.0529096861,0.0391549184,0.0224549205,-0.0024683134,-0.0030416337,-0.0382036247
2021-04-19,-0.0060329999,-0.0001292623,-0.0047118975,-0.0027694230,-0.0031862182,-0.0061208752,0.0530865928,0.0393308170,0.0224410616,-0.0026502459,-0.0030650373,-0.0378821031
2021-04-20,-0.0042074966,0.0074791901,0.0023356275,-0.0067860741,0.0097694530,0.0013286824,0.0531575575,0.0394287493,0.0219486758,-0.0029985808,-0.0034590770,-0.0383498357
2021-04-21,0.0016085283,-0.0043461264,-0.0001187591,0.0039388160,-0.0038546854,0.0015655960,0.0529152334,0.0399528193,0.0220914873,-0.0033091564,-0.0039038759,-0.0384416335
2021-04-22,0.0021203739,0.0007275346,-0.0025666351,0.0003197304,-0.0011158895,-0.0004459062,0.0530523847,0.0397610127,0.0220221721,-0.0026090489,-0.0039538989,-0.0379978978
2021-04-23,0.0067749286,0.0055589201,0.0047979759,-0.0000823982,0.0025344496,-0.0063732854,0.0528766846,0.0396606112,0.0222417806,-0.0024941833,-0.0041928722,-0.0381241339
2021-04-26,0.0072938849,0.0027039298,0.0042034936,-0.0032633062,0.0045229208,0.0004012347,0.0529369404,0.0400373778,0.0221076391,-0.0023413579,-0.0035740909,-0.0382674395
2021-04-27,-0.0008358825,0.0007746890,0.0020548632,-0.0039183736,-0.0008913446,0.0003294422,0.0527852198,0.0399980025,0.0220811308,-0.0021810412,-0.0040287510,-0.0375382519
2021-04-28,-0.0055297216,0.0047368899,0.0053942642,-0.0002123876,0.0006136423,0.0018572228,0.0525764860,0.0389382174,0.0221164250,-0.0021505672,-0.0035192821,-0.0371735995
2021-04-29,0.0024627780,-0.0017758905,0.0024799876,-0.0012459331,0.0001261343,-0.0024757169,0.0532623511,0.0385365152,0.0221737496,-0.0020249068,-0.0033622404,-0.0371458807
2021-04-30,-0.0046673969,0.0004450469,-0.0028213745,0.0020609802,-0.0018922244,0.0016481567,0.0535087294,0.0382733379,0.0224482788,-0.0015268276,-0.0035453665,-0.0375436596
2021-05-03,-0.0002689762,0.0033562098,-0.0004910306,0.0023892654,0.0029858591,-0.0058421137,0.0535257107,0.0385675912,0.0219231779,-0.0015350225,-0.0027488044,-0.0372660915
2021-05-04,0.0001170232,-0.0022626662,0.0068696594,-0.0075885577,-0.0004888635,0.0047836930,0.0532838040,0.0383920388,0.0221494072,-0.0018121668,-0.0028397821,-0.0371966014
2021-05-05,0.0009067874,-0.0064057860,-0.0034632344,-0.0035130296,0.0017032011,0.0022410082,0.0527584581,0.0388307965,0.0227067043,-0.0017364991,-0.0028055529,-0.0377237132
2021-05-06,0.0044835982,-0.0023345131,-0.0014643372,-0.0022636816,0.0045909730,0.0008257183,0.0527994000,0.0384027108,0.0231914312,-0.0010565900,-0.0032765661,-0.0373120415
2021-05-07,-0.0095704142,-0.0027479207,-0.0002783142,-0.0043865928,-0.0010589826,-0.0005977905,0.0529809329,0.0385172380,0.0239496021,-0.0002510012,-0.0032216402,-0.0372807364
2021-05-10,0.0042986691,-0.0000892028,-0.0000354259,-0.0027093406,0.0039398000,-0.0009706176,0.0530114189,0.0387324858,0.0237482065,-0.0008025686,-0.0029462761,-0.0378583870
2021-05-11,0.0062429066,0.0187352938,0.0012997732,0.0085494002,0.0087665628,-0.0046710210,0.0532025894,0.0388423479,0.0238801523,-0.0015438435,-0.0026633013,-0.0377417514
2021-05-12,-0.0026410441,-0.0058760268,0.0059300896,-0.0002820505,-0.0036001353,-0.0069768925,0.0537179016,0.0394485617,0.0237611331,-0.0008011951,-0.0022971532,-0.0375884522
2021-05-13,0.0026539283,0.0024109375,0.0031379142,-0.0002743546,-0.0044162879,-0.0037723092,0.0534240302,0.0400008244,0.0232499130,-0.0011638791,-0.0026257144,-0.0372379939
2021-05-14,-0.0031481571,0.0069568126,-0.0087851720,0.0039098056,0.0050805811,-0.0037154272,0.0528728138,0.0396386007,0.0229824825,-0.0010903395,-0.0028861329,-0.0362596398
2021-05-17,0.0018902944,-0.0111213119,-0.0011444901,-0.0041102527,0.0048526809,-0.0000362851,0.0527164453,0.0395939824,0.0230278854,-0.0009753406,-0.0032068615,-0.0363182765
2021-05-18,-0.0070862756,0.0026380275,0.0020916277,0.0065978399,-0.0020298687,0.0101436355,0.0521317488,0.0393109208,0.0231332803,-0.0009800720,-0.0037277756,-0.0368024134
2021-05-19,0.0050905304,-0.0059731742,-0.0058950404,0.0030820883,-0.0117110212,0.0052937639,0.0515513491,0.0394857435,0.0231144096,-0.0007448742,-0.0032876657,-0.0366869857
2021-05-20,0.0157321420,0.0015454262,-0.0023936499,-0.0032899737,0.0001758981,0.0112351457,0.0517493767,0.0393484494,0.0230189596,-0.0008998895,-0.0024972070,-0.0359394232
2021-05-21,-0.0038434457,-0.0084082468,0.0052283194,-0.0080937781,-0.0056116365,0.0047397079,0.0517015583,0.0385702308,0.0221751562,-0.0015544001,-0.0024176141,-0.0359759048
2021-05-24,-0.0053352742,-0.0016828028,0.0024197540,0.0053643231,0.0081618587,0.0025258441,0.0523074225,0.0388657707,0.0222207965,-0.0008281695,-0.0025845139,-0.0362192850
2021-05-25,-0.0056699464,-0.0089177025,0.0078939811,-0.0000624470,0.0014663607,-0.0003269896,0.0527073981,0.0388383324,0.0224513729,-0.0004369251,-0.0024635028,-0.0365436122
2021-05-26,0.0092940544,-0.0072180758,0.0099866094,-0.0047820104,0.0052934917,-0.0024195808,0.0519855271,0.0393594390,0.0222716770,-0.0002798022,-0.0025689188,-0.0368472681
2021-05-27,-0.0015298486,0.0068030632,-0.0038502747,0.0043632217,0.0032455324,0.0075374612,0.0525188950,0.0390224269,0.0227908915,-0.0003810426,-0.0031885940,-0.0367839800
2021-05-28,-0.0062330933,-0.0106875927,0.0050696708,0.0009903217,-0.0108000120,0.0010080521,0.0525065894,0.0388546537,0.0225152744,-0.0002594702,-0.0029454482,-0.0367633915
2021-05-31,-0.0014832170,0.0124479724,0.0035631986,0.0045326689,0.0031625539,0.0027968897,0.0523681554,0.0389583648,0.0219705016,-0.0005206477,-0.0032017286,-0.0366477348
2021-06-01,0.0006328260,0.0079371474,0.0016912698,0.0086949437,0.0025736898,-0.0091484231,0.0526826314,0.0389623775,0.0210318766,-0.0008409846,-0.0035221300,-0.0368506918
2021-06-02,0.0034781845,-0.0034496393,-0.0107730268,-0.0118623148,0.0142662089,-0.0326843872,0.0518231657,0.0389996105,0.0210166280,-0.0005915968,-0.0033626872,-0.0368316528
2021-06-03,-0.0211272675,0.0289009215,0.0021646765,0.0297251856,-0.0301155193,0.0027154640,0.0516283028,0.0387123679,0.0209990209,-0.0007541994,-0.0038779414,-0.0368600866
2021-06-04,-0.0093169955,-0.0237143454,0.0022239929,0.0053032449,-0.0077777865,0.0299385839,0.0517415361,0.0384950575,0.0205167271,-0.0007290921,-0.0038169793,-0.0371303309
2021-06-07,0.0051492625,0.0148348891,0.0004304976,-0.0110416022,0.0022555346,-0.0018520735,0.0513488033,0.0390869761,0.0206187449,-0.0007257306,-0.0030068935,-0.0363446828
2021-06-08,0.0034148221,-0.0042880231,0.0017373083,-0.0055599909,-0.0056308970,-0.0020435993,0.0514745390,0.0379920138,0.0201023048,-0.0014207854,-0.0027785461,-0.0362014645
2021-06-09,0.0070845495,-0.0012543922,0.0028565902,-0.0043395875,-0.0011985310,0.0048034231,0.0508590025,0.0372965648,0.0207541081,-0.0018334908,-0.0024023080,-0.0361683342
2021-06-10,-0.0057786609,0.0108602086,-0.0024366925,-0.0039429597,0.0048465816,0.0022181613,0.0510124073,0.0380293658,0.0208344901,-0.0022169522,-0.0023849158,-0.0368039500
2021-06-11,-0.0034106210,-0.0020315778,-0.0069635251,0.0008044988,0.0059045192,-0.0048380880,0.0515790845,0.0382817723,0.0211088612,-0.0023585063,-0.0026705628,-0.0371601512
2021-06-14,-0.0065598644,-0.0037864929,0.0012024952,0.0101161164,-0.0019144282,-0.0035324123,0.0514359294,0.0385967065,0.0211388980,-0.0024149915,-0.0025230755,-0.0373796176
2021-06-15,-0.0075752941,-0.0067327921,-0.0008983310,-0.0074749043,0.0027910072,0.0007124744,0.0520514657,0.0389062036,0.0203137847,-0.0022866445,-0.0023596096,-0.0371349667
2021-06-16,0.0018642868,-0.0004778678,0.0048928125,0.0026679072,0.0014705429,0.0062338352,0.0520989383,0.0388983046,0.0204511814,-0.0024379967,-0.0025440331,-0.0372251836
2021-06-17,-0.0072141003,0.0071756859,-0.0124237693,-0.0029870131,0.0012750663,-0.0010971149,0.0516994027,0.0385135935,0.0208797469,-0.0028096733,-0.0029546089,-0.0370975700
2021-06-18,-0.0069053782,0.0104026940,-0.0022998084,0.0041128394,-0.0006255152,0.0014044404,0.0518109290,0.0378638872,0.0213866472,-0.0026985492,-0.0030338128,-0.0371231912
2021-06-21,-0.0055260558,0.0121723111,-0.0082244801,0.0030325696,-0.0018035268,0.0009433648,0.0516609742,0.0369229908,0.0217778237,-0.0025700141,-0.0035385058,-0.0370541050
2021-06-22,-0.0006498513,-0.0016775280,-0.0002694768,0.0086692797,0.0030695595,0.0002609502,0.0523886700,0.0374019780,0.0214782980,-0.0021135080,-0.0031822169,-0.0368511565
2021-06-23,-0.0074561208,-0.0009718735,-0.0019122580,-0.0008215519,-0.0068853835,0.0002579285,0.0525769439,0.0374027003,0.0211421297,-0.0012588941,-0.0038760213,-0.0365723681
2021-06-24,-0.0039578500,0.0033100293,0.0044966516,0.0001666232,0.0047603069,0.0030161921,0.0523976909,0.0375047441,0.0212699027,-0.0014040167,-0.0036857481,-0.0367595105
2021-06-25,0.0002991883,0.0019755145,-0.0029170741,-0.0029519282,-0.0063328795,-0.0001409393,0.0525308433,0.0374040721,0.0212444419,-0.0018414818,-0.0034179530,-0.0365739043
2021-06-28,-0.0065653568,-0.0053710909,-0.0047062449,0.0018599244,0.0063206197,-0.0004991911,0.0533552048,0.0377865960,0.0210248864,-0.0022395586,-0.0027491482,-0.0369589312
2021-06-29,0.0063172574,-0.0030115325,0.0044280207,0.0108676779,-0.0007831941,-0.0044499894,0.0533845570,0.0378846984,0.0214507308,-0.0030732848,-0.0018444809,-0.0364248675
2021-06-30,-0.0054948653,0.0001474815,0.0023335005,-0.0058943070,0.0009984959,0.0051286835,0.0544257509,0.0378691313,0.0215957697,-0.0033481064,-0.0017241446,-0.0361691129
2021-07-01,0.0069662757,-0.0039930254,-0.0030501452,-0.0020626553,0.0022649055,0.0016771378,0.0539817296,0.0376950958,0.0207209893,-0.0032537935,-0.0025365932,-0.0366380803
2021-07-02,0.0028526326,0.0062256351,-0.0030917117,0.0014173759,-0.0023028904,-0.0021834727,0.0549189490,0.0379417636,0.0209035516,-0.0028840577,-0.0022541503,-0.0368716697
2021-07-05,-0.0003866050,0.0041684224,0.0001495737,-0.0082333333,0.0007646780,0.0010626960,0.0549043438,0.0381546505,0.0211614937,-0.0022240519,-0.0020444762,-0.0374456863
2021-07-06,-0.0045659770,-0.0012329986,-0.0066421623,0.0003073320,0.0006424473,-0.0016583305,0.0554468199,0.0380036682,0.0212298647,-0.0021960955,-0.0021328393,-0.0367124411
2021-07-07,-0.0020629417,0.0016681427,0.0026361564,0.0018070206,0.0037594322,0.0006868135,0.0548328072,0.0381882018,0.0211909554,-0.0018445086,-0.0023357537,-0.0374691683
2021-07-08,-0.0007440117,0.0060953662,-0.0087884352,-0.0030075155,-0.0155857947,0.0003390699,0.0545124358,0.0382233019,0.0210734591,-0.0022179402,-0.0016330965,-0.0372433249
2021-07-09,0.0115568302,0.0065081179,0.0041535969,0.0042062231,0.0053155039,-0.0008092728,0.0544650535,0.0378388527,0.0209737774,-0.0023077495,-0.0017500984,-0.0363812413
2021-07-12,0.0056035762,0.0076857818,-0.0000113228,-0.0042424713,0.0026991933,-0.0005991640,0.0548735929,0.0379615588,0.0208659402,-0.0021514195,-0.0016605637,-0.0358605783
2021-07-13,-0.0170553513,0.0034636556,-0.0066152896,-0.0012967505,-0.0150927330,0.0057036881,0.0545320144,0.0376797796,0.0209840484,-0.0021535745,-0.0017956221,-0.0357818265
2021-07-14,-0.0017502606,0.0096995234,0.0040868331,-0.0043284132,0.0021671402,0.0036189535,0.0549707022,0.0376027872,0.0206085596,-0.0022808393,-0.0020356903,-0.0352340602
2021-07-15,-0.0028681526,0.0058991979,-0.0055139170,0.0165927900,-0.0032139414,0.0055221998,0.0554686523,0.0369252304,0.0205593810,-0.0028049332,-0.0020926980,-0.0356194290
2021-07-16,-0.0158761461,-0.0090871785,0.0020103537,-0.0037053226,0.0022269449,0.0065280924,0.0561587276,0.0365250399,0.0201698982,-0.0024228212,-0.0018736017,-0.0354695672
2021-07-19,-0.0072381162,-0.0001367043,-0.0116873876,-0.0056455981,-0.0055701530,0.0122928143,0.0563559524,0.0364715672,0.0204805477,-0.0023190085,-0.0019973086,-0.0356088772
2021-07-20,-0.0043360029,0.0067797273,-0.0010163002,-0.0005125865,0.0079055058,-0.0098047841,0.0560100025,0.0367003190,0.0209474374,-0.0018875502,-0.0017298579,-0.0357939763
2021-07-21,-0.0020466070,-0.0020104467,0.0061480772,-0.0014017846,-0.0160374309,0.0059383708,0.0557674545,0.0369196425,0.0208045872,-0.0023260125,-0.0016812573,-0.0357739494
2021-07-22,-0.0018599965,0.0139728001,-0.0093834926,0.0073252434,-0.0034190656,-0.0061959334,0.0562954284,0.0376137487,0.0209927548,-0.0024703596,-0.0009133930,-0.0365617888
2021-07-23,0.0025530683,-0.0025571856,0.0036803563,0.0079124822,-0.0023316552,-0.0043862908,0.0560158274,0.0373696541,0.0207430953,-0.0027032807,-0.0005373149,-0.0362352830
2021-07-26,0.0041980015,-0.0027499376,-0.0045143170,0.0022295320,-0.0089464058,-0.0055251683,0.0558456194,0.0372871616,0.0207296806,-0.0019158673,-0.0000344370,-0.0357409388
2021-07-27,0.0028138316,0.0055899347,0.0002755497,0.0104534248,-0.0094330286,-0.0004059631,0.0555337409,0.0379228657,0.0205617055,-0.0021270486,0.0009441098,-0.0356127194
2021-07-28,0.0009893704,-0.0031509104,0.0070146303,-0.0032171936,-0.0051215521,0.0097821195,0.0552542831,0.0375457946,0.0203468237,-0.0019645477,0.0011199474,-0.0359066566
2021-07-29,0.0035412442,-0.0072319941,-0.0098376130,0.0081253145,-0.0071600389,0.0014136686,0.0555676515,0.0382097803,0.0201662676,-0.0024824192,0.0006407688,-0.0364852805
2021-07-30,0.0011032463,-0.0026890104,0.0038368309,0.0050916004,-0.0023034153,0.0068416738,0.0558874758,0.0380860200,0.0195975721,-0.0027657830,0.0004704962,-0.0366095766
2021-08-02,0.0019414492,0.0092833064,0.0070775719,-0.0077331428,0.0039544700,-0.0023656698,0.0554976158,0.0381779958,0.0196109324,-0.0032346272,0.0008060928,-0.0362072356
2021-08-03,-0.0035374332,0.0003970965,0.0046185780,-0.0009467950,-0.0023260438,0.0018012355,0.0559798626,0.0381856499,0.0188634260,-0.0028707413,0.0000571333,-0.0361132456
2021-08-04,-0.0021766289,-0.0045886633,0.0072753699,0.0061923205,-0.0041468770,-0.0037944043,0.0560087534,0.0385851305,0.0180958188,-0.0027474320,-0.0006723576,-0.0359165820
2021-08-05,-0.0051791525,-0.0027996725,0.0007790831,-0.0007948680,-0.0020719038,-0.0026511967,0.0565934967,0.0385695099,0.0185244785,-0.0024526914,-0.0007964957,-0.0348770483
2021-08-06,-0.0008228374,-0.0066080012,0.0026012408,0.0017450382,0.0007249943,0.0095902164,0.0571791809,0.0391082779,0.0187119631,-0.0021664203,-0.0013944473,-0.0345155081
2021-08-09,-0.0025059607,-0.0086254273,-0.0045049063,0.0044784545,-0.0007053910,-0.0006670260,0.0573564208,0.0394458409,0.0184797074,-0.0024588022,-0.0014830175,-0.0351751358
2021-08-10,0.0028842262,0.0020073405,-0.0040792335,-0.0055996901,-0.0045879712,-0.0033350341,0.0573128247,0.0397303421,0.0186314828,-0.0025415097,-0.0016552428,-0.0349622746
2021-08-11,0.0072764014,0.0011578556,-0.0018071728,-0.0024872349,0.0023995918,0.0048624049,0.0567443876,0.0397191700,0.0194849058,-0.0027024648,-0.0021812116,-0.0353835904
2021-08-12,0.0025625890,0.0070178127,-0.0046005498,0.0033256650,-0.0041273563,-0.0076050804,0.0572773161,0.0389387318,0.0194824916,-0.0023773517,-0.0021713995,-0.0357532725
2021-08-13,0.0045591989,0.0004915170,0.0109196160,-0.0013915443,-0.0027976633,0.0031712851,0.0570860694,0.0392572768,0.0190942548,-0.0026246253,-0.0024142822,-0.0359399968
2021-08-16,0.0003109759,0.0040709534,-0.0041161343,0.0053412562,0.0016224867,-0.0054887508,0.0573766996,0.0394949624,0.0190896834,-0.0029945649,-0.0013340851,-0.0353919023
2021-08-17,0.0012906560,-0.0108684192,0.0061173324,-0.0002915798,0.0076029612,-0.0107916925,0.0576650171,0.0397429414,0.0193691302,-0.0019678000,-0.0012536705,-0.0353355918
2021-08-18,0.0036278486,0.0077488906,-0.0062954088,0.0005581666,0.0031768856,-0.0018464411,0.0576647659,0.0393178074,0.0193567952,-0.0023139567,-0.0024674984,-0.0354679920
2021-08-19,0.0051961718,0.0080352072,0.0023901721,-0.0055805538,0.0040947142,0.0031513986,0.0572521135,0.0393500232,0.0194535401,-0.0018031090,-0.0028729853,-0.0354308870
2021-08-20,0.0092522365,-0.0101379405,0.0044010059,-0.0017368806,-0.0022878059,0.0055789915,0.0567631176,0.0393335827,0.0198396150,-0.0019086045,-0.0028658533,-0.0357200819
2021-08-23,0.0035250043,-0.0000495481,-0.0077726680,0.0019390846,0.0026505333,-0.0010308196,0.0563840491,0.0400365993,0.0195372539,-0.0023176403,-0.0033708757,-0.0356443070
2021-08-24,0.0028778741,0.0116671236,-0.0081796376,-0.0144110975,0.0062338030,-0.0044604131,0.0564200470,0.0397491172,0.0198441019,-0.0031359729,-0.0030120320,-0.0356291333
2021-08-25,-0.0020234827,-0.0048198608,0.0027017810,-0.0037168464,0.0085735514,-0.0008607787,0.0565887147,0.0398926086,0.0201984048,-0.0024610697,-0.0028452491,-0.0350517562
2021-08-26,0.0012013725,0.0031910937,-0.0036363792,0.0018417426,0.0035492744,0.0005364589,0.0562612033,0.0406362151,0.0200356188,-0.0031974453,-0.0025774819,-0.0358919649
2021-08-27,-0.0012711564,-0.0017125448,-0.0054386058,0.0035910711,-0.0096819682,-0.0091522823,0.0554889999,0.0403872537,0.0199765793,-0.0038185733,-0.0023209418,-0.0356491987
2021-08-30,-0.0037847105,-0.0006948965,0.0024788828,-0.0020379993,-0.0022937664,-0.0026212998,0.0559092845,0.0406959727,0.0200099039,-0.0041243642,-0.0022005184,-0.0350485285
2021-08-31,0.0051783096,0.0032081887,-0.0050833537,-0.0001492518,0.0024015198,-0.0000486705,0.0560988142,0.0412600793,0.0195544607,-0.0043107660,-0.0021395448,-0.0351688449
2021-09-01,-0.0051149837,0.0009241901,0.0031891401,0.0075646694,-0.0043855846,-0.0006561661,0.0562290254,0.0411279423,0.0194154234,-0.0046877818,-0.0017063525,-0.0343973715
2021-09-02,0.0029941039,-0.0010341629,0.0011159697,0.0065951237,0.0003610890,0.0030882266,0.0564253991,0.0415338232,0.0191103005,-0.0038023483,-0.0011784872,-0.0347365638
2021-09-03,0.0020665018,0.0055898412,0.0026492840,-0.0025315251,-0.0018172568,0.0106236834,0.0569367819,0.0418755917,0.0189618209,-0.0038240304,-0.0017760423,-0.0351947906
2021-09-06,0.0022540768,0.0039401794,-0.0070083994,0.0049070038,0.0004608912,-0.0111891774,0.0571564394,0.0421857950,0.0187948911,-0.0036346866,-0.0011230345,-0.0348271097
2021-09-07,-0.0020569118,0.0007525504,0.0034962158,0.0071537618,0.0074580231,-0.0115265778,0.0569519873,0.0427254478,0.0190884780,-0.0033649352,-0.0004524859,-0.0349803938
2021-09-08,0.0043446572,0.0015516156,0.0011335794,-0.0030187653,0.0114971734,-0.0076894360,0.0573142260,0.0423774226,0.0191595935,-0.0023776348,-0.0001375560,-0.0348806835
2021-09-09,0.0019558852,-0.0159810012,-0.0024358428,-0.0036159473,-0.0018163384,0.0051177564,0.0580087744,0.0422045069,0.0193049530,-0.0024401195,-0.0005062734,-0.0352516216
2021-09-10,-0.0086192802,0.0104206642,0.0019804888,-0.0099901296,-0.0043107372,-0.0089737851,0.0580321120,0.0424620229,0.0189996915,-0.0027833794,-0.0002895700,-0.0354168570
2021-09-13,-0.0033365416,-0.0093105963,-0.0011755795,0.0102051082,0.0011216701,-0.0007259476,0.0575993569,0.0425090354,0.0186911860,-0.0029261932,-0.0000641794,-0.0358449352
2021-09-14,-0.0050480959,0.0011535600,-0.0017895313,0.0035599080,-0.0031980158,-0.0010147784,0.0569434468,0.0429864196,0.0186999184,-0.0021432093,-0.0001921928,-0.0359902842
2021-09-15,-0.0031825866,-0.0033529593,-0.0109280279,-0.0032009849,-0.0073832690,-0.0067118436,0.0568627970,0.0425635244,0.0181247190,-0.0020169100,-0.0000568168,-0.0357022258
2021-09-16,-0.0014690835,0.0067911568,-0.0059159375,-0.0009779380,0.0025045867,0.0013134339,0.0565591388,0.0426798557,0.0179304282,-0.0026156192,-0.0001595125,-0.0356204604
2021-09-17,0.0055376695,-0.0056305539,0.0025542819,0.0034798053,0.0015503566,0.0001573050,0.0566106024,0.0431659639,0.0185288327,-0.0025080705,0.0002780388,-0.0349731367
2021-09-20,0.0027169996,0.0023018823,-0.0007203262,-0.0096932488,0.0000281468,0.0002405794,0.0564952243,0.0428496857,0.0188580609,-0.0023329051,0.0003267243,-0.0347530104
2021-09-21,-0.0047213907,0.0016597605,0.0048332922,-0.0079838772,-0.0013856713,-0.0059859992,0.0556255260,0.0426557944,0.0189126901,-0.0020126165,0.0006687944,-0.0344268429
2021-09-22,-0.0033221596,-0.0024037839,-0.0058829944,0.0005904340,-0.0014323907,0.0054811473,0.0560299849,0.0426972136,0.0185396506,-0.0015683710,0.0005274694,-0.0342923938
2021-09-23,0.0013705056,0.0055297182,-0.0011173236,0.0019714296,-0.0026746703,-0.0011526341,0.0560244206,0.0420672188,0.0189901834,-0.0014101439,0.0011172420,-0.0345924757
2021-09-24,0.0022370715,0.0015206506,-0.0014446282,0.0002413109,-0.0041294055,-0.0052988518,0.0551446579,0.0420864482,0.0185899024,-0.0013644272,0.0004429230,-0.0351289764
2021-09-27,0.0030584235,-0.0036328075,-0.0014456572,0.0007671861,0.0067839470,-0.0034264420,0.0564265361,0.0413673836,0.0186460358,-0.0017959088,-0.0002282600,-0.0348381199
2021-09-28,0.0042317294,-0.0003420840,0.0010537305,0.0004720347,0.0038851411,0.0009880912,0.0567742302,0.0409670428,0.0182523236,-0.0017431577,-0.0002556706,-0.0353420641
2021-09-29,0.0052079149,0.0006934797,-0.0000244829,-0.0009274261,-0.0053976934,0.0047533641,0.0560117016,0.0411771883,0.0176397243,-0.0007004939,-0.0003760843,-0.0349263042
2021-09-30,0.0033200298,-0.0019742388,0.0039662381,-0.0052322270,0.0001505631,-0.0113069386,0.0564573957,0.0407472624,0.0172990851,0.0001101784,-0.0004072550,-0.0351006116
2021-10-01,0.0008990684,-0.0031846731,0.0037339522,-0.0018799807,0.0024288125,0.0005282567,0.0568415681,0.0405739262,0.0179026150,0.0007225981,-0.0009947209,-0.0349519684
2021-10-04,-0.0052986314,0.0030112742,-0.0059663943,-0.0028168182,-0.0068045591,0.0037588913,0.0569375779,0.0412000315,0.0173985682,0.0001794672,-0.0010255384,-0.0350469839
2021-10-05,-0.0065349648,-0.0033078424,0.0015786155,-0.0034810659,-0.0008235010,-0.0054104401,0.0566501331,0.0412395583,0.0176822334,0.0003339185,-0.0004825090,-0.0349204519
2021-10-06,0.0041624452,-0.0004504130,-0.0025725680,-0.0041711875,-0.0064007894,-0.0033443018,0.0557813612,0.0416499415,0.0174790922,0.0007255297,-0.0009319883,-0.0349780218
2021-10-07,-0.0018749408,-0.0053861346,-0.0065703710,-0.0015056892,-0.0002661255,0.0000337086,0.0555908140,0.0414373538,0.0168705370,-0.0002973896,-0.0009952942,-0.0348255073
2021-10-08,-0.0037091354,-0.0003896216,0.0041676623,-0.0010408134,-0.0053293600,0.0021938000,0.0549756345,0.0411585087,0.0175217972,-0.0009307754,-0.0010065168,-0.0347565054
2021-10-11,0.0037279106,0.0040757180,-0.0003161806,0.0004382474,-0.0017944449,-0.0007374508,0.0549921906,0.0410477829,0.0179256787,-0.0008878559,-0.0016335821,-0.0341005808
2021-10-12,0.0041078367,-0.0027550486,0.0059918924,-0.0030400153,-0.0020247844,-0.0018409230,0.0544236680,0.0408518209,0.0176970103,-0.0006995384,-0.0019502671,-0.0338109835
2021-10-13,0.0067402428,0.0018452982,0.0001258849,0.0036425978,-0.0035023328,0.0006128876,0.0549388296,0.0411397009,0.0181389014,-0.0004479210,-0.0015375834,-0.0340489170
2021-10-14,-0.0033793969,-0.0091374820,-0.0010819645,0.0002007700,0.0038581100,-0.0051958167,0.0549656453,0.0407385171,0.0178937802,-0.0003515533,-0.0016048665,-0.0336134687
2021-10-15,-0.0007028102,0.0018009383,-0.0036739960,0.0013384336,0.0002871161,0.0006745761,0.0554320970,0.0402202711,0.0178306277,-0.0001108620,-0.0012569081,-0.0337170491
2021-10-18,-0.0001009265,0.0004393366,0.0025331782,0.0026708011,-0.0015195798,0.0027449192,0.0555040577,0.0404951723,0.0180698562,-0.0002505114,-0.0013277464,-0.0336775267
2021-10-19,-0.0037614642,-0.0007723652,-0.0010622233,-0.0037760720,-0.0015785766,0.0007553211,0.0553464112,0.0413490313,0.0179551496,0.0005032352,-0.0012732712,-0.0340140127
2021-10-20,0.0062511299,-0.0015381220,-0.0008313930,0.0053438779,0.0001308602,0.0000236573,0.0554194341,0.0409972669,0.0179112432,0.0000548419,-0.0007037800,-0.0340930002
2021-10-21,-0.0000401167,-0.0012726262,0.0017630502,-0.0011600311,-0.0057720779,-0.0029164636,0.0558867061,0.0403866779,0.0173402732,0.0000918937,-0.0007487032,-0.0341226606
2021-10-22,-0.0064360187,0.0006633540,0.0044435527,0.0008293265,-0.0024386123,0.0017023806,0.0561915006,0.0400760128,0.0173793146,-0.0001039183,-0.0010400024,-0.0343782350
2021-10-25,-0.0018450574,-0.0005826817,0.0005184149,-0.0036190131,-0.0031421784,0.0038783987,0.0557433839,0.0398475547,0.0179568346,-0.0003642448,-0.0008585770,-0.0353174767
2021-10-26,0.0027681809,-0.0090124443,-0.0072739359,0.0035979731,-0.0005328575,0.0001688237,0.0563925775,0.0398061315,0.0180863203,-0.0000291096,-0.0001904270,-0.0353477618
2021-10-27,-0.0011185588,0.0041093397,0.0008045292,0.0076433068,0.0058218979,-0.0030688410,0.0565987497,0.0398011636,0.0184926262,-0.0000134640,-0.0001170133,-0.0352605350
2021-10-28,-0.0035657533,-0.0004072890,-0.0024165763,-0.0047319292,-0.0053331539,0.0074538398,0.0559916762,0.0403059591,0.0183445130,0.0003686212,-0.0003533019,-0.0354044899
2021-10-29,-0.0069047512,-0.0032048794,-0.0048207987,0.0057024575,0.0033603819,0.0003382336,0.0557525520,0.0409205305,0.0184538349,0.0002747328,0.0003463600,-0.0351456123
2021-11-01,-0.0049771176,-0.0020594932,0.0012717925,-0.0010108798,-0.0047853186,-0.0002757522,0.0554575618,0.0415585361,0.0181941436,0.0003427477,0.0001254856,-0.0346639846
2021-11-02,-0.0038365084,0.0005457494,0.0033573128,-0.0016351714,-0.0018287497,0.0001584641,0.0550563820,0.0414027590,0.0177214409,0.0008350583,-0.0004180631,-0.0346749593
2021-11-03,0.0014977532,0.0082742477,0.0002713142,-0.0006066585,0.0080052551,-0.0015278836,0.0549373403,0.0418367428,0.0177389079,0.0010192198,-0.0003881996,-0.0353488485
2021-11-04,0.0087108074,0.0011168914,0.0012995092,0.0006666304,-0.0045487505,0.0037693825,0.0551180292,0.0416499870,0.0173971763,0.0011176534,-0.0005481739,-0.0350059936
2021-11-05,0.0005982849,-0.0033882332,0.0100224309,0.0006369279,-0.0011176192,-0.0045176707,0.0547148632,0.0418990731,0.0175485194,0.0009560488,-0.0012895031,-0.0350631718
2021-11-08,0.0031648244,0.0046681490,0.0002620071,0.0002137802,-0.0048565694,0.0031167131,0.0553910343,0.0420037680,0.0178347744,0.0014728395,-0.0014365356,-0.0353225919
2021-11-09,-0.0009136998,-0.0013421802,-0.0017782916,-0.0043697563,0.0008066813,0.0014570733,0.0557380425,0.0421260972,0.0184128665,0.0013068402,-0.0011871763,-0.0351730011
2021-11-10,0.0019476070,-0.0025706071,-0.0025922229,-0.0013879315,-0.0005949022,0.0044943861,0.0557730741,0.0422419732,0.0192964632,0.0005947750,-0.0014127018,-0.0355460925
2021-11-11,-0.0063239144,-0.0042940606,0.0019611755,0.0007475333,-0.0013336032,-0.0018146406,0.0556946935,0.0427272764,0.0195863758,0.0003727286,-0.0013090760,-0.0353475745
2021-11-12,-0.0045019846,0.0010727327,0.0021044408,-0.0015474246,-0.0036345559,0.0032601886,0.0559972171,0.0434720450,0.0197672320,0.0006528071,-0.0015779597,-0.0355101255
2021-11-15,-0.0032790836,-0.0030394907,-0.0024987179,-0.0029492239,-0.0033358602,0.0020178338,0.0565273238,0.0431265714,0.0201262765,0.0008971232,-0.0014373575,-0.0356187883
2021-11-16,-0.0037998795,0.0017829406,0.0005991990,0.0007292502,-0.0006181760,-0.0036895546,0.0563171039,0.0434800238,0.0208619129,0.0011114353,-0.0012064680,-0.0353170925
2021-11-17,0.0044533843,-0.0003072715,-0.0032682282,0.0010296880,0.0019866468,-0.0045754277,0.0566025878,0.0434789356,0.0208446856,0.0014878442,-0.0006593643,-0.0362213691
2021-11-18,0.0012854557,-0.0006683300,-0.0042556117,0.0041483934,-0.0013121536,0.0043847379,0.0568559753,0.0436183584,0.0209073607,0.0012210951,-0.0007939667,-0.0365692731
2021-11-19,0.0025073612,-0.0101632595,-0.0048556321,0.0024407891,0.0036962081,-0.0058033704,0.0569587313,0.0434273732,0.0205994557,0.0014712609,-0.0005826150,-0.0360851958
2021-11-22,-0.0078102424,0.0040861240,-0.0078797845,0.0049011190,-0.0043006404,-0.0014544934,0.0572299197,0.0428665376,0.0209318421,0.0015955124,-0.0006764246,-0.0361164653
2021-11-23,-0.0011059867,0.0018061167,-0.0024702037,0.0060857099,-0.0024267086,0.0047833123,0.0574448827,0.0427702821,0.0209715975,0.0018990283,-0.0009038131,-0.0356146469
2021-11-24,0.0077453675,0.0017628596,0.0008973530,0.0048574699,0.0059071012,-0.0053634745,0.0578742627,0.0432755842,0.0200508460,0.0024512928,-0.0004864378,-0.0349637807
2021-11-25,0.0019625257,0.0006036251,0.0019137171,-0.0042052903,0.0050861969,-0.0006268924,0.0586163194,0.0426445116,0.0195502300,0.0024177856,-0.0007445109,-0.0352555100
2021-11-26,-0.0015759336,0.0023133232,-0.0020501636,-0.0062011059,-0.0001937672,0.0071489560,0.0587304386,0.0430130535,0.0195693652,0.0024015997,-0.0011349099,-0.0353114302
2021-11-29,0.0004092101,-0.0051540376,-0.0030546541,0.0028574021,0.0075194830,0.0033526647,0.0589116267,0.0424660364,0.0199078135,0.0027467368,-0.0012531074,-0.0359978443
2021-11-30,-0.0093414191,-0.0041118576,0.0000255982,0.0055733368,-0.0040686766,-0.0012567205,0.0589983257,0.0419674245,0.0196474793,0.0024733302,-0.0016674637,-0.0357017218
2021-12-01,0.0028140579,0.0036795103,-0.0002527860,-0.0052666824,-0.0010810452,0.0022164091,0.0591450539,0.0423953592,0.0197930788,0.0026782371,-0.0012874099,-0.0356574677
2021-12-02,0.0052396852,0.0007880019,-0.0025841854,0.0003840574,-0.0038198105,0.0018866327,0.0597804591,0.0422304274,0.0196401085,0.0036203879,-0.0018100672,-0.0354746787
2021-12-03,-0.0043336104,0.0036785264,-0.0038395612,0.0010809202,-0.0095031509,-0.0045731531,0.0596825879,0.0426941743,0.0202387983,0.0039751852,-0.0010989344,-0.0355002326
2021-12-06,0.0004343277,-0.0036103881,0.0036004958,0.0060222868,0.0043036228,-0.0025199134,0.0599675279,0.0429891106,0.0206162311,0.0032977725,-0.0009461722,-0.0359465179
2021-12-07,0.0092911091,0.0044258857,-0.0000003702,0.0039183349,0.0052981044,0.0058359363,0.0604870406,0.0423474876,0.0205394430,0.0030977246,-0.0014947129,-0.0365477652
2021-12-08,0.0033353241,0.0013865370,-0.0034183889,0.0078489274,0.0013083913,-0.0070012878,0.0601042298,0.0419738687,0.0205475338,0.0031428000,-0.0009956581,-0.0365807605
2021-12-09,0.0020069931,0.0007214809,-0.0024711033,0.0034737844,-0.0040324615,0.0014811528,0.0595638666,0.0419038792,0.0206491230,0.0026611139,-0.0002038893,-0.0364727099
2021-12-10,-0.0035694043,-0.0055892883,0.0009979562,0.0005495982,-0.0037636265,0.0030631211,0.0587458890,0.0418541702,0.0211272637,0.0017753666,-0.0001338403,-0.0363350948
2021-12-13,-0.0009980985,0.0048355535,0.0011219434,0.0089254154,-0.0017782202,-0.0063610293,0.0586775030,0.0417405765,0.0205443211,0.0022370312,0.0001348083,-0.0366004577
2021-12-14,-0.0041289947,-0.0031927842,0.0033494072,0.0071074216,-0.0036697077,0.0014138908,0.0587970003,0.0415103941,0.0212992603,0.0027421910,0.0004590398,-0.0369012031
2021-12-15,-0.0020114455,0.0012544247,0.0001029550,0.0023234506,0.0006206637,0.0016989935,0.0587478774,0.0417466036,0.0210683645,0.0021984833,0.0002702242,-0.0370390782
2021-12-16,0.0050206853,0.0003015642,0.0019561608,0.0096296726,0.0005363069,-0.0017880321,0.0581600563,0.0422550784,0.0204225009,0.0017671799,0.0005758701,-0.0373221486
2021-12-17,-0.0000350969,-0.0021864027,-0.0038707977,-0.0001159653,0.0034894645,-0.0005552146,0.0584618600,0.0418692264,0.0197142989,0.0019112170,0.0003473330,-0.0374848049
2021-12-20,-0.0012766707,0.0052730221,-0.0017361144,0.0013381927,-0.0028492544,0.0021626834,0.0584243776,0.0422402781,0.0201110208,0.0013248601,0.0001809396,-0.0375095758
2021-12-21,0.0022921380,0.0030439967,0.0007069894,-0.0023700783,0.0034259828,0.0083825601,0.0590640096,0.0418145863,0.0197303022,0.0011328307,0.0008009892,-0.0372676937
2021-12-22,0.0046469014,0.0048801498,-0.0012283093,-0.0003459399,0.0023206741,0.0052802783,0.0590642746,0.0418701376,0.0204964341,0.0009357140,0.0007849197,-0.0369757397
2021-12-23,0.0062571891,0.0021838610,-0.0022067809,0.0008475894,0.0052330021,0.0041714683,0.0587040993,0.0413378942,0.0202550140,0.0008042533,0.0008540371,-0.0372837616
2021-12-24,0.0200282852,-0.0166879699,0.0044155220,-0.0233439323,0.0156502807,-0.0079419426,0.0596700670,0.0413459257,0.0205638269,0.0004961422,0.0003071239,-0.0375563405
2021-12-27,-0.0091837281,0.0064454969,-0.0101286437,0.0067646003,-0.0153323488,-0.0017009206,0.0588397258,0.0409240730,0.0202963612,0.0003664380,0.0000418619,-0.0377535718
2021-12-28,-0.0117722584,0.0095383850,-0.0008547936,0.0119950292,-0.0060997740,-0.0210687050,0.0589005881,0.0413471820,0.0195880523,0.0005268984,-0.0001539218,-0.0379232389
2021-12-29,-0.0198705010,-0.0053655042,-0.0027146983,-0.0013571434,0.0127416941,0.0211361493,0.0586484334,0.0416222792,0.0195865675,0.0007033971,-0.0007215858,-0.0369885616
2021-12-30,-0.0273354370,0.0174989369,-0.0268998801,-0.0115188849,-0.0021784441,0.0096563089,0.0582493269,0.0413171113,0.0196735880,0.0010285432,-0.0010901984,-0.0370819463
2021-12-31,-0.0031330669,0.0061702481,-0.0131343289,0.0237644781,-0.0176216328,0.0044701235,0.0593446920,0.0414634617,0.0206267293,0.0007820076,-0.0010370467,-0.0376097472
2022-01-03,0.0127768268,0.0117631768,0.0064562461,0.0051219065,-0.0035072656,-0.0025247214,0.0597244692,0.0411970671,0.0203747398,0.0011164066,-0.0009693743,-0.0377238221
2022-01-04,-0.0331287483,-0.0054731735,0.0247262546,-0.0038365176,0.0206138007,0.0179801918,0.0593136852,0.0404436284,0.0203847770,0.0020033075,-0.0011630332,-0.0371060290
2022-01-05,-0.0136129165,-0.0285640246,-0.0055429883,-0.0046875929,0.0042236804,-0.0152684038,0.0595304045,0.0410642805,0.0207690999,0.0023045748,-0.0019177238,-0.0367233153
2022-01-06,-0.0101770058,0.0177145538,-0.0183251979,-0.0035969351,-0.0079748846,-0.0157908164,0.0596287660,0.0412706766,0.0211368483,0.0022592813,-0.0019936976,-0.0380517673
2022-01-07,0.0239549323,-0.0193634054,0.0042940731,0.0074163701,0.0148972578,-0.0058728132,0.0591621648,0.0415860904,0.0212112889,0.0023113373,-0.0026539123,-0.0376240938
2022-01-10,-0.0108567498,0.0068157042,0.0096367112,0.0108656413,-0.0012761796,-0.0039013078,0.0590846065,0.0414249043,0.0216771904,0.0021589356,-0.0027661084,-0.0374857218
2022-01-11,-0.0078878633,0.0155082103,0.0130105069,0.0003183092,-0.0006716949,0.0164729204,0.0592274172,0.0413689462,0.0211126923,0.0021622368,-0.0028025392,-0.0376204249
2022-01-12,-0.0225163322,-0.0062759764,0.0022336071,0.0043466566,0.0031429149,0.0074743755,0.0591180198,0.0409539687,0.0214044279,0.0015869826,-0.0030807915,-0.0376437696
2022-01-13,-0.0095468085,-0.0155361513,-0.0111711654,-0.0046742843,0.0049115322,0.0192163781,0.0585818117,0.0405203208,0.0208250835,0.0019547347,-0.0036656914,-0.0374892738
2022-01-14,-0.0122569430,0.0115356941,-0.0040851978,-0.0272570202,-0.0096808175,-0.0143343487,0.0587857937,0.0402530034,0.0212684883,0.0018791665,-0.0034344322,-0.0375313294
2022-01-17,-0.0030785165,0.0236081746,0.0275094222,0.0201922917,0.0031549824,0.0184878330,0.0589484978,0.0400174057,0.0205050230,0.0020350314,-0.0031146557,-0.0370990777
2022-01-18,0.0165993015,-0.0066381374,-0.0093426922,-0.0153141546,0.0263947955,-0.0212310099,0.0594324904,0.0406921823,0.0212759780,0.0011201970,-0.0032193589,-0.0369715122
2022-01-19,0.0169413564,0.0160397654,0.0092190183,-0.0077630582,0.0108137159,0.0093372412,0.0604166187,0.0402453003,0.0212379165,0.0013456332,-0.0028820657,-0.0372459287
2022-01-20,0.0023160900,0.0102658740,0.0150903117,0.0217235557,-0.0023909030,0.0005946825,0.0603018049,0.0400920932,0.0214071511,0.0011680438,-0.0026248807,-0.0376951258
2022-01-21,0.0007785348,-0.0256016604,-0.0110262820,-0.0184570862,0.0147656840,0.0166106581,0.0609149923,0.0401634419,0.0215307601,0.0006444553,-0.0026269158,-0.0376188976
2022-01-24,-0.0183981270,0.0024018963,-0.0081144905,-0.0130842981,0.0131335419,-0.0059840417,0.0610456760,0.0402135345,0.0207339629,0.0004744332,-0.0027125083,-0.0376530117
2022-01-25,-0.0278152148,-0.0129232731,0.0137981359,-0.0112887197,0.0075180806,0.0002141474,0.0608618013,0.0409968096,0.0209008982,0.0006206407,-0.0016594648,-0.0376144139
2022-01-26,0.0006178750,-0.0148126874,-0.0195084495,0.0165169117,-0.0173635783,-0.0179336454,0.0609336450,0.0406336232,0.0203976450,-0.0002314328,-0.0017991405,-0.0376502470
2022-01-27,0.0118725644,-0.0080917603,-0.0070660049,-0.0004644162,-0.0051707281,0.0025516461,0.0611304531,0.0404525858,0.0200881881,0.0002019656,-0.0017211158,-0.0373991783
2022-01-28,-0.0023247977,-0.0026846806,0.0052462802,-0.0014059654,0.0017185379,-0.0057838659,0.0615489202,0.0406340826,0.0193847765,-0.0001294558,-0.0026200484,-0.0377158037
2022-01-31,0.0058791087,0.0058824328,0.0176838755,-0.0067030395,-0.0002262717,-0.0088458835,0.0617195551,0.0408882349,0.0192339281,-0.0005221010,-0.0027957594,-0.0375781548
2022-02-01,0.0012677869,0.0020362350,-0.0010429915,-0.0027048274,0.0001297455,-0.0038997998,0.0616201307,0.0408922362,0.0190606234,-0.0009667682,-0.0025391675,-0.0375200615
2022-02-02,0.0075357938,0.0049741889,-0.0039541401,-0.0007068627,-0.0128951064,0.0087451224,0.0611179123,0.0410702198,0.0193396908,-0.0015674841,-0.0019030223,-0.0374895594
2022-02-03,0.0018155079,0.0042645633,-0.0135405173,0.0023514682,0.0087069664,-0.0034677424,0.0614252684,0.0409010471,0.0196052947,-0.0011709803,-0.0019088702,-0.0370269872
2022-02-04,0.0110687162,0.0029779401,0.0058305971,-0.0018477694,-0.0036052755,0.0078116494,0.0608935647,0.0407619668,0.0194753287,-0.0009111304,-0.0018989839,-0.0367945357
2022-02-07,-0.0000419020,-0.0074738119,-0.0119284009,0.0034789321,0.0065076542,-0.0105759171,0.0609768542,0.0406565784,0.0192431445,-0.0010308821,-0.0020067742,-0.0370238214
2022-02-08,0.0024249334,-0.0025294188,-0.0007816765,0.0013582850,-0.0047685708,0.0050693871,0.0608807895,0.0404342726,0.0192128809,-0.0005914041,-0.0026527528,-0.0366607297
2022-02-09,-0.0159296141,-0.0022227907,-0.0034150041,0.0063842530,0.0088405673,0.0099316075,0.0612375362,0.0398011985,0.0189826782,0.0005853769,-0.0022436448,-0.0359331877
2022-02-10,-0.0001362311,-0.0047302974,-0.0057084273,0.0006364240,-0.0005989175,0.0041817310,0.0610237422,0.0404165654,0.0192657673,0.0009512606,-0.0025875333,-0.0352687350
2022-02-11,0.0047713408,-0.0058671288,-0.0009711096,0.0019763649,0.0019450571,0.0032793107,0.0608601826,0.0405140644,0.0192359278,0.0004582955,-0.0028748010,-0.0343753654
2022-02-14,0.0045684561,-0.0104165296,-0.0018633494,0.0010492657,0.0067158937,-0.0111416512,0.0605593034,0.0403735191,0.0190620148,-0.0000528064,-0.0032292887,-0.0339092437
2022-02-15,0.0058496181,-0.0064639911,0.0139926974,0.0004541966,-0.0020835703,-0.0104120567,0.0599727408,0.0401070063,0.0187366070,0.0003097886,-0.0037344018,-0.0338764380
2022-02-16,0.0001016603,-0.0030373617,-0.0059039761,-0.0041524097,0.0065404831,0.0018694889,0.0600987325,0.0406030688,0.0186467360,-0.0003267904,-0.0041450642,-0.0342186858
2022-02-17,0.0088814635,0.0137025879,-0.0035763061,-0.0078476674,0.0173290863,-0.0041361983,0.0601870917,0.0406737213,0.0186151439,-0.0001902549,-0.0037370232,-0.0341275376
2022-02-18,0.0015237373,-0.0102050715,-0.0029440164,-0.0043394643,0.0083945748,-0.0017666033,0.0602978248,0.0402078878,0.0187275239,-0.0003539926,-0.0036408004,-0.0343835646
2022-02-21,0.0018901121,0.0004070329,0.0046900043,-0.0091014332,-0.0106422172,-0.0028375039,0.0609785644,0.0393362680,0.0181373825,-0.0003474653,-0.0032019905,-0.0349177495
2022-02-22,-0.0002356695,-0.0004352873,0.0075878583,-0.0017301278,0.0030890974,-0.0078631453,0.0607018355,0.0391053399,0.0173773137,-0.0009762065,-0.0039777135,-0.0344799443
2022-02-23,-0.0068453495,0.0040959177,-0.0064327730,-0.0068296482,0.0048701669,-0.0112537362,0.0606142848,0.0389651490,0.0172374071,-0.0011332061,-0.0033337161,-0.0350492559
2022-02-24,-0.0072590742,0.0043788739,0.0060893794,0.0073117858,0.0034789326,-0.0058713499,0.0602834744,0.0393055744,0.0171042594,-0.0007745858,-0.0036332110,-0.0352750165
2022-02-25,-0.0069040499,0.0000945577,-0.0009499695,0.0013800221,-0.0186253316,-0.0039453300,0.0601159914,0.0397487889,0.0168407926,0.0005575819,-0.0035764467,-0.0351371273
2022-02-28,0.0122347172,-0.0035490148,0.0067959475,0.0018858967,0.0018742135,0.0045318051,0.0608754543,0.0395034547,0.0167892135,0.0001067184,-0.0038710361,-0.0347132114
2022-03-01,-0.0027675078,-0.0052989449,0.0029138371,-0.0014322367,-0.0020127568,0.0047447906,0.0608313797,0.0398004836,0.0170695866,-0.0001104089,-0.0033551993,-0.0349940924
2022-03-02,0.0052135452,0.0000971762,0.0090011332,-0.0052856044,-0.0034948622,0.0142528113,0.0606832390,0.0395376837,0.0167521584,0.0001277652,-0.0030060088,-0.0357594423
2022-03-03,-0.0034616590,0.0018441135,-0.0021639692,0.0039996867,-0.0011077344,-0.0021812297,0.0608038543,0.0388544548,0.0167827903,0.0002229620,-0.0033587800,-0.0356535655
2022-03-04,0.0084702428,0.0075471447,-0.0004547096,-0.0006468642,0.0091722826,-0.0097199672,0.0606580981,0.0392059349,0.0172912506,0.0010482307,-0.0037400636,-0.0355330885
2022-03-07,-0.0015152657,0.0074492176,0.0117176613,-0.0089127696,0.0003451400,-0.0026633735,0.0601048463,0.0391776469,0.0173722200,0.0004945694,-0.0040493212,-0.0361120002
2022-03-08,-0.0019023319,0.0026254067,0.0044954968,0.0025400983,0.0066551970,0.0069699936,0.0609055263,0.0391582273,0.0172731243,0.0009673508,-0.0042849380,-0.0363838714
2022-03-09,0.0013960365,-0.0037169301,0.0076075496,0.0064585610,-0.0001625264,0.0037044542,0.0613980426,0.0392804787,0.0171452259,-0.0001019240,-0.0043857177,-0.0363595657
2022-03-10,-0.0004372193,-0.0036415677,-0.0008446143,-0.0010192963,-0.0014836290,0.0009085603,0.0619251073,0.0395065485,0.0169914216,-0.0000356279,-0.0039902884,-0.0370544730
2022-03-11,-0.0009319439,-0.0038020898,0.0026205399,-0.0067614382,-0.0082884156,-0.0049187246,0.0616346722,0.0390194426,0.0169260909,0.0001602009,-0.0038899858,-0.0374832662
2022-03-14,0.0016279426,-0.0020566963,0.0031359125,0.0011890638,-0.0019633642,-0.0011608244,0.0612169038,0.0385329090,0.0169068731,-0.0003034632,-0.0039374978,-0.0371937708
2022-03-15,0.0000935278,0.0038051692,-0.0098683629,-0.0016468868,-0.0035411413,0.0042874361,0.0617909260,0.0388602808,0.0172585767,0.0000845517,-0.0037393166,-0.0375213568
2022-03-16,-0.0069783558,0.0021662649,0.0047271418,-0.0042556247,0.0075976801,-0.0025451698,0.0619775660,0.0392966867,0.0170879384,0.0001363388,-0.0035599228,-0.0379697199
2022-03-17,-0.0058381421,0.0028587240,0.0095312697,0.0061166602,0.0043196351,-0.0012628402,0.0625777159,0.0390605971,0.0171252886,-0.0008986804,-0.0035679540,-0.0376806306
2022-03-18,-0.0057883747,0.0071041710,-0.0009826479,-0.0097618436,0.0013473517,0.0024212204,0.0620604097,0.0393229033,0.0165912142,-0.0006631950,-0.0035409022,-0.0371233361
2022-03-21,-0.0016716262,-0.0001044187,-0.0041357276,-0.0052213731,-0.0029916403,0.0002983197,0.0621608064,0.0390806302,0.0173650714,-0.0000715642,-0.0033802966,-0.0370042729
2022-03-22,-0.0008267811,0.0099977403,0.0036188918,0.0157712217,0.0031187599,-0.0087441572,0.0624976008,0.0391997298,0.0180054233,0.0004596719,-0.0036802047,-0.0371833735
2022-03-23,-0.0020962493,-0.0080758678,-0.0009888406,-0.0012872954,0.0006614334,-0.0090646719,0.0633396903,0.0393542039,0.0183234776,0.0003559174,-0.0031490968,-0.0376369290
2022-03-24,0.0074907291,-0.0139653912,-0.0025253214,-0.0101356668,0.0005235716,0.0039012374,0.0633889494,0.0393331149,0.0175817663,0.0009738439,-0.0027598721,-0.0382521139
2022-03-25,0.0007866485,-0.0040387233,0.0080392264,0.0018524771,0.0007052861,-0.0035206010,0.0638917481,0.0392322508,0.0171884301,0.0012123318,-0.0031126043,-0.0382539080
2022-03-28,0.0074043476,0.0054773363,-0.0022090337,-0.0030007829,-0.0008780311,-0.0067227051,0.0636267978,0.0390038002,0.0176553251,0.0008530912,-0.0031919794,-0.0385600343
2022-03-29,0.0013891314,-0.0023911850,-0.0006460913,-0.0050890665,0.0105563074,-0.0009369574,0.0634670354,0.0390401305,0.0173092586,0.0011021404,-0.0034005547,-0.0386008029
2022-03-30,-0.0025704607,-0.0002214535,0.0031437965,0.0106583218,-0.0147926001,-0.0023497693,0.0636520694,0.0388574618,0.0169950486,0.0008782794,-0.0034648203,-0.0394503372
2022-03-31,-0.0010145930,-0.0026342063,-0.0042168140,0.0045651971,-0.0003033309,-0.0051495966,0.0637194679,0.0390147817,0.0168668535,0.0005514935,-0.0034619233,-0.0396393246
2022-04-01,0.0100857454,0.0082788457,0.0040759273,-0.0090645507,-0.0076372892,0.0045571526,0.0641312348,0.0395499194,0.0168593330,0.0000784675,-0.0038543377,-0.0402690468
2022-04-04,-0.0014614560,-0.0023548198,-0.0114253469,0.0013548198,0.0055910611,0.0075722845,0.0645535111,0.0399236400,0.0169446963,-0.0004087482,-0.0043108913,-0.0399061023
2022-04-05,0.0053176907,-0.0014756235,0.0011876417,-0.0031197358,0.0139628591,0.0084388634,0.0646624376,0.0397622175,0.0174922523,-0.0010497102,-0.0046169353,-0.0394934965
2022-04-06,0.0001576180,-0.0081243709,0.0016396282,0.0000904461,-0.0028259023,0.0073331471,0.0645420177,0.0396107661,0.0170882178,-0.0004091678,-0.0039957660,-0.0398140174
2022-04-07,0.0071185029,0.0012385815,0.0012586708,-0.0008885093,0.0086893174,0.0061996522,0.0653418151,0.0388361311,0.0174502619,-0.0004764122,-0.0044447730,-0.0401502278
2022-04-08,0.0098592270,-0.0072971589,0.0056140578,-0.0009508978,0.0002385035,0.0034806655,0.0653076680,0.0390390627,0.0179380085,-0.0004691844,-0.0040245396,-0.0407701625
2022-04-11,0.0055759450,-0.0071188904,-0.0052011741,0.0071317227,0.0019170396,0.0053884336,0.0660004946,0.0385311432,0.0175325266,-0.0008125497,-0.0042224966,-0.0406083659
2022-04-12,-0.0025181475,-0.0054890879,-0.0035977845,0.0016632349,-0.0110209353,0.0035087281,0.0657609771,0.0391719149,0.0175693745,-0.0003558503,-0.0049017993,-0.0397105613
2022-04-13,-0.0016259915,-0.0099130357,0.0080854000,0.0033289991,0.0032360098,0.0113115664,0.0653722482,0.0393483237,0.0179677937,0.0000313333,-0.0050342255,-0.0397246971
2022-04-14,-0.0083021392,0.0113979125,-0.0019005041,0.0067769051,0.0077760477,-0.0008905138,0.0656323161,0.0390748313,0.0180029175,-0.0000425327,-0.0055849769,-0.0399834369
2022-04-15,-0.0067491713,-0.0017568074,-0.0051391323,-0.0042533982,0.0003106358,0.0068212644,0.0655633187,0.0386979234,0.0178559599,-0.0005895765,-0.0052135128,-0.0400263346
2022-04-18,-0.0080272778,-0.0112485872,0.0049494615,-0.0089481302,-0.0069451107,0.0064145205,0.0655629660,0.0388478701,0.0174021464,0.0000580881,-0.0053707846,-0.0399255930
2022-04-19,-0.0013959401,-0.0098059480,0.0053930879,0.0007993910,0.0077292087,0.0085682917,0.0657931601,0.0384836983,0.0174151319,0.0000375011,-0.0048879112,-0.0401935946
2022-04-20,0.0011552278,0.0042761102,-0.0024899809,-0.0009480719,-0.0001416505,0.0020904293,0.0666219956,0.0385169416,0.0177857225,0.0007617611,-0.0046128975,-0.0401037013
2022-04-21,0.0034939686,0.0043154405,0.0006602808,-0.0020165939,-0.0134213752,0.0074984714,0.0663185764,0.0388222843,0.0169502621,0.0010606442,-0.0051066231,-0.0391646198
2022-04-22,-0.0086592383,-0.0050893604,0.0113137746,0.0051686940,0.0013273895,0.0028623767,0.0660456552,0.0392849609,0.0165271537,0.0012754642,-0.0045483832,-0.0388112355
2022-04-25,0.0053518692,0.0102201026,0.0007177265,-0.0049568073,0.0042269064,-0.0104362805,0.0662231228,0.0388983368,0.0157851058,0.0014135252,-0.0037891946,-0.0385570165
2022-04-26,-0.0001339269,-0.0048592787,0.0021240754,-0.0053045952,-0.0028900248,0.0052349285,0.0659295419,0.0383214528,0.0156518556,0.0012457122,-0.0036076859,-0.0379733138
2022-04-27,0.0067185567,-0.0121154579,0.0044156298,0.0001348477,0.0118079423,-0.0026113176,0.0664387356,0.0379426323,0.0152628212,0.0011819787,-0.0040268817,-0.0380992818
2022-04-28,-0.0052810882,-0.0016042621,0.0061480601,0.0000631192,0.0006200028,0.0046913216,0.0668870323,0.0379534250,0.0155288915,0.0010730882,-0.0042781187,-0.0386801899
2022-04-29,-0.0029989972,0.0137339346,-0.0077225944,0.0016249078,-0.0052178735,-0.0004087735,0.0669345000,0.0382206025,0.0151502747,0.0006490403,-0.0042433173,-0.0384100800
2022-05-02,-0.0035446424,0.0131818025,0.0010835401,-0.0005301626,-0.0017450861,-0.0011310457,0.0670309487,0.0380561446,0.0147071297,0.0008926504,-0.0044173071,-0.0385276125
2022-05-03,0.0019896923,-0.0016489682,0.0002278655,-0.0038233731,0.0027535411,0.0062437306,0.0681525344,0.0384264239,0.0146534827,0.0008924587,-0.0048378462,-0.0390454823
2022-05-04,-0.0022104799,-0.0009267682,0.0002701295,0.0002250387,-0.0018924584,-0.0072742389,0.0681838077,0.0382949922,0.0143705641,0.0007580864,-0.0044317079,-0.0382418351
2022-05-05,-0.0031638135,-0.0013923803,-0.0022430097,0.0019411272,-0.0058086442,-0.0052330106,0.0681057182,0.0382623494,0.0147798110,0.0006493044,-0.0042887446,-0.0379103535
2022-05-06,0.0057155530,-0.0083298721,0.0035389460,0.0002846541,-0.0087803145,0.0009239002,0.0686079607,0.0384062120,0.0150201065,0.0001112338,-0.0036652645,-0.0374587548
2022-05-09,-0.0033056875,-0.0004447721,0.0029416272,-0.0113058599,-0.0038406857,-0.0037208883,0.0683442366,0.0386212735,0.0149417472,0.0001324890,-0.0034796043,-0.0369147448
2022-05-10,-0.0019503285,0.0012722837,0.0054884488,0.0105362465,-0.0091977376,0.0032669593,0.0680996171,0.0387969441,0.0153238619,-0.0001297465,-0.0034661796,-0.0372028457
2022-05-11,0.0043201218,0.0018346048,0.0012621382,0.0011221896,-0.0031334716,-0.0056376900,0.0682507556,0.0388053287,0.0148803282,-0.0001089854,-0.0024513462,-0.0371340869
2022-05-12,0.0005624538,-0.0034484613,0.0016762517,-0.0003792054,0.0005255280,0.0052611427,0.0678011285,0.0385651138,0.0148426838,0.0000277531,-0.0029797244,-0.0371205558
2022-05-13,-0.0047959449,-0.0005290366,-0.0050356613,-0.0020404713,-0.0030056781,-0.0056781524,0.0670613023,0.0387540363,0.0139832080,0.0000917497,-0.0031298130,-0.0368390800
2022-05-16,-0.0028735645,-0.0035119077,0.0068513426,-0.0028638223,-0.0005440497,0.0021647439,0.0664969179,0.0386125950,0.0144567187,-0.0002135840,-0.0030381542,-0.0371426100
2022-05-17,0.0012324768,-0.0021938316,0.0113687862,0.0010106758,-0.0015546243,0.0047637833,0.0667739753,0.0385277693,0.0145639071,-0.0004773315,-0.0035358346,-0.0375052859
2022-05-18,0.0043473666,0.0055814762,-0.0007876872,-0.0051946927,0.0005735879,0.0020144222,0.0674403566,0.0378079460,0.0147865835,-0.0004307721,-0.0038712302,-0.0373291369
2022-05-19,-0.0035149796,-0.0028639719,-0.0004020521,-0.0002557789,-0.0053866138,-0.0076483279,0.0667119533,0.0380192660,0.0149376688,-0.0007132800,-0.0033137647,-0.0371418166
2022-05-20,-0.0014055107,-0.0031158832,-0.0011651809,0.0001364278,-0.0012790572,0.0029813397,0.0658568328,0.0379238549,0.0149727741,-0.0008119153,-0.0035736372,-0.0366691845
2022-05-23,0.0001822254,-0.0022865077,0.0019835769,0.0035551572,0.0008326346,0.0005650163,0.0659587558,0.0375297454,0.0145691950,-0.0007869418,-0.0038587383,-0.0363283940
2022-05-24,0.0006455830,-0.0001005706,-0.0006530820,0.0057220309,-0.0069860580,0.0016326569,0.0660549359,0.0371867771,0.0145663525,-0.0003380832,-0.0046933191,-0.0364827536
2022-05-25,-0.0000877387,-0.0034641859,0.0049125590,0.0042379613,0.0017063933,0.0011135854,0.0664806805,0.0365822601,0.0141592161,-0.0004794360,-0.0046165784,-0.0362785297
2022-05-26,-0.0077690919,0.0082632599,0.0065760206,-0.0063372284,-0.0161215151,-0.0076123968,0.0663268433,0.0362143139,0.0140994184,-0.0007185123,-0.0045097548,-0.0363019020
2022-05-27,0.0047516140,-0.0014344948,-0.0020672758,-0.0012808852,-0.0063396077,-0.0014974048,0.0663192057,0.0357763611,0.0136830281,-0.0005358176,-0.0042139339,-0.0364598125
2022-05-30,0.0059535801,0.0018150814,0.0024467153,0.0032418477,0.0018039912,0.0030877652,0.0657982595,0.0353504153,0.0143340738,-0.0006632822,-0.0047826531,-0.0367460973
2022-05-31,0.0014071750,-0.0024963132,0.0095545142,0.0016148322,-0.0060351399,0.0144654304,0.0660795083,0.0348303038,0.0144728536,0.0001906596,-0.0042453680,-0.0371565691
2022-06-01,0.0050063261,-0.0062946496,0.0096573575,0.0020526032,0.0086893297,0.0005128474,0.0666497718,0.0348023981,0.0145101218,0.0005935236,-0.0038652265,-0.0369796524
2022-06-02,0.0042508697,-0.0030670090,0.0016699451,0.0045313926,0.0042034280,0.0050324362,0.0664111902,0.0353172472,0.0147172298,0.0004063718,-0.0031425846,-0.0370766802
2022-06-03,-0.0001976902,0.0086864732,0.0125699247,0.0029334304,0.0097543341,0.0000850893,0.0661575127,0.0355246521,0.0145997189,0.0007435177,-0.0032778361,-0.0379437407
2022-06-06,-0.0033969274,0.0071206461,-0.0193000015,0.0022268198,-0.0032299830,-0.0021567906,0.0660025395,0.0361368383,0.0147707430,0.0003153633,-0.0034390078,-0.0380689807
2022-06-07,-0.0065081218,-0.0005292788,-0.0048823773,0.0085277213,-0.0024573423,-0.0077310970,0.0661595845,0.0357002889,0.0152101983,0.0006939286,-0.0034983412,-0.0384010208
2022-06-08,-0.0106384505,-0.0037246193,-0.0067829228,-0.0080099456,0.0069810752,-0.0039652040,0.0660712499,0.0349089801,0.0162526104,0.0005024174,-0.0034229565,-0.0391078521
2022-06-09,-0.0123964935,0.0076913183,-0.0027047845,-0.0035035527,-0.0027599842,0.0026383975,0.0652291101,0.0353340894,0.0162973777,0.0002670935,-0.0034239358,-0.0391063452
2022-06-10,0.0006743221,0.0065789140,0.0082410109,0.0045488187,0.0038582815,0.0030086983,0.0655447011,0.0355392581,0.0161242825,0.0006870550,-0.0030304522,-0.0389522162
2022-06-13,-0.0002329208,0.0070438700,-0.0000483746,-0.0007236226,0.0015803283,-0.0110148205,0.0661724368,0.0351469296,0.0173000468,0.0005242470,-0.0028276912,-0.0387932297
2022-06-14,0.0059924969,-0.0014547966,0.0036932812,-0.0034572333,-0.0062184027,0.0009588163,0.0664693098,0.0348563123,0.0179419712,0.0009082452,-0.0034384395,-0.0386384341
2022-06-15,0.0109964558,-0.0034797185,-0.0044752437,0.0006291626,-0.0063079641,0.0025754179,0.0663880393,0.0353421802,0.0180602127,0.0011485377,-0.0028482664,-0.0385341282
2022-06-16,-0.0068435850,-0.0031366733,-0.0015054911,0.0007454819,0.0010949364,0.0001876576,0.0672877315,0.0351640304,0.0184980801,0.0010651573,-0.0031212738,-0.0385388702
2022-06-17,0.0066070694,0.0029597367,0.0000144103,0.0028023056,0.0017674446,0.0061176366,0.0675512135,0.0357611111,0.0181335575,0.0014941671,-0.0032412079,-0.0388311503
2022-06-20,-0.0060815147,0.0105071015,0.0078080271,0.0018836193,0.0017955799,0.0077238746,0.0671060700,0.0360396688,0.0174420877,0.0015065552,-0.0024197800,-0.0388938225
2022-06-21,-0.0015456594,0.0036955895,-0.0066318172,-0.0022779776,-0.0116665387,0.0019646928,0.0668879734,0.0349253653,0.0180827689,0.0012806967,-0.0027575056,-0.0388793934
2022-06-22,0.0075128707,-0.0011585845,0.0032385125,0.0005620389,0.0028143437,-0.0021444035,0.0670334908,0.0353377499,0.0183222563,0.0015465106,-0.0025586693,-0.0391023898
2022-06-23,-0.0054913632,-0.0010293887,0.0023187395,-0.0026950621,-0.0020337075,0.0062303278,0.0666670566,0.0357106562,0.0181114552,0.0009963283,-0.0019928391,-0.0389904877
2022-06-24,0.0011210320,-0.0012098232,-0.0029522395,-0.0031248609,-0.0004072991,-0.0018372808,0.0669363584,0.0360718465,0.0178904832,0.0006447841,-0.0015798676,-0.0393898933
2022-06-27,0.0080173189,0.0044238366,-0.0015481239,-0.0008050105,0.0033701022,0.0011369385,0.0666559449,0.0361374132,0.0180768282,0.0001563108,-0.0017489110,-0.0388517527
2022-06-28,-0.0022139727,0.0090654679,-0.0018124757,0.0015080319,0.0037130015,-0.0028266186,0.0675066390,0.0357253035,0.0184750163,0.0002459865,-0.0012922556,-0.0390554789
2022-06-29,-0.0003902298,0.0061238481,0.0015754158,0.0050397187,-0.0076278559,0.0053352802,0.0671531439,0.0354415599,0.0182473344,0.0011127468,-0.0006043332,-0.0390236692
2022-06-30,-0.0011608184,0.0008032342,-0.0063091442,0.0049443369,-0.0123822577,0.0021785154,0.0670613328,0.0351451691,0.0183784127,0.0012500362,-0.0007543657,-0.0386209178
2022-07-01,-0.0030858467,-0.0010903730,-0.0001730693,-0.0014310038,-0.0028389286,0.0000712607,0.0667451377,0.0351330218,0.0180033818,0.0010611443,-0.0007505162,-0.0380609798
2022-07-04,0.0002450389,-0.0010721552,0.0038972665,-0.0043846565,0.0029285040,-0.0061854612,0.0668806450,0.0345540338,0.0179201059,0.0016923746,-0.0009798727,-0.0382801931
2022-07-05,-0.0045768501,-0.0056118050,-0.0054579329,0.0000583129,-0.0051349280,0.0003717126,0.0662961705,0.0350203105,0.0185564798,0.0017177393,-0.0011627799,-0.0385864316
2022-07-06,0.0003686204,0.0035076879,0.0035682909,-0.0040470959,-0.0031823209,0.0013941932,0.0667737572,0.0349481481,0.0185486394,0.0021427632,-0.0026875127,-0.0380704035
2022-07-07,0.0025562501,0.0023078054,-0.0002624828,0.0008655647,-0.0016238013,-0.0054722487,0.0669879980,0.0351754173,0.0184167345,0.0022319400,-0.0031567610,-0.0379910224
2022-07-08,0.0023150820,-0.0065029358,0.0017916665,0.0015124880,0.0011901734,-0.0037129127,0.0661324419,0.0355359025,0.0188075176,0.0020309314,-0.0030035747,-0.0385190649
2022-07-11,-0.0027402682,-0.0009460921,-0.0051272551,-0.0043135460,0.0045133305,-0.0061394538,0.0662324362,0.0351828190,0.0188373804,0.0023263349,-0.0018882381,-0.0386442399
2022-07-12,0.0069271246,0.0082119457,-0.0062740602,-0.0008808866,-0.0046993864,0.0022063281,0.0658616179,0.0350363449,0.0194188362,0.0020545241,-0.0015622521,-0.0381197253
2022-07-13,0.0054567969,-0.0015912577,-0.0001970256,0.0033883998,0.0005179771,0.0057584115,0.0659482211,0.0345564174,0.0193265298,0.0017682660,-0.0012713187,-0.0379420373
2022-07-14,0.0010012311,0.0038752661,0.0044152621,-0.0059631536,0.0054086250,0.0006752844,0.0658489069,0.0339133077,0.0184378757,0.0008197943,-0.0016880518,-0.0377584815
2022-07-15,-0.0048439606,-0.0057711359,-0.0003875913,-0.0020719506,-0.0005281193,0.0028942721,0.0656752025,0.0341676694,0.0183510652,0.0007365962,-0.0022126586,-0.0379397121
2022-07-18,-0.0000114794,0.0080011629,0.0021838776,0.0025749729,-0.0007317327,0.0028690060,0.0656729517,0.0338832450,0.0191624315,0.0005651156,-0.0024436245,-0.0382163700
2022-07-19,0.0032730521,-0.0024535069,-0.0006077076,0.0047552947,-0.0022743121,-0.0018186647,0.0652612595,0.0344540584,0.0196274388,0.0004332649,-0.0023251784,-0.0377131951
2022-07-20,-0.0007527211,0.0047847587,0.0008395592,-0.0034478125,-0.0019907411,-0.0009921764,0.0653260721,0.0352855020,0.0193965810,0.0000050081,-0.0019700343,-0.0367758892
2022-07-21,0.0004616759,0.0013381306,-0.0026507263,0.0071525645,0.0048009223,-0.0000526898,0.0659186090,0.0354429589,0.0196718656,0.0000710834,-0.0017928528,-0.0372689337
2022-07-22,0.0139690141,0.0068409944,0.0005042869,0.0026785427,-0.0036869323,0.0012574671,0.0654718575,0.0354933520,0.0194382942,0.0001670327,-0.0022372696,-0.0373427157
2022-07-25,0.0034348832,0.0028561786,0.0001784449,-0.0005380631,0.0007145187,0.0035678646,0.0654435894,0.0352317148,0.0191927004,-0.0002026590,-0.0022009871,-0.0371991016
2022-07-26,-0.0006631480,0.0043282165,0.0030531178,-0.0004284232,0.0038493865,-0.0048254418,0.0653999560,0.0356495405,0.0194196787,-0.0001606006,-0.0025762275,-0.0369223535
2022-07-27,0.0076399219,0.0006518698,-0.0014970963,0.0049531470,-0.0052411641,-0.0009567545,0.0655206724,0.0359408856,0.0199567502,-0.0002661267,-0.0021105921,-0.0374996040
2022-07-28,-0.0032471456,-0.0046560890,-0.0030231927,0.0020647703,0.0005090811,-0.0010522546,0.0655520361,0.0360073407,0.0215324740,-0.0004653827,-0.0024704179,-0.0372527677
2022-07-29,0.0032903705,-0.0014435715,0.0063597676,0.0034906789,-0.0008799502,0.0135676997,0.0654280129,0.0361483758,0.0215017983,-0.0003892939,-0.0016344812,-0.0373142387
2022-08-01,0.0076400137,-0.0026965267,-0.0086597515,-0.0084838586,0.0017934733,-0.0037726504,0.0662634902,0.0363329202,0.0213547446,-0.0005125723,-0.0018268308,-0.0368903306
2022-08-02,-0.0043225582,0.0054294087,-0.0055777001,0.0011546960,-0.0110905421,-0.0005245902,0.0657265142,0.0363654540,0.0216858166,-0.0006623701,-0.0018687198,-0.0362869082
2022-08-03,-0.0014674839,0.0014531769,0.0080983614,-0.0013571623,0.0059911115,0.0013219366,0.0650083625,0.0359987611,0.0214409130,-0.0007962467,-0.0014513328,-0.0359574072
2022-08-04,-0.0031405110,0.0003449334,0.0008400988,-0.0029032116,0.0039441834,0.0025372865,0.0649911227,0.0356471371,0.0221050496,-0.0008483632,-0.0020588520,-0.0364412352
2022-08-05,-0.0041764868,-0.0026729598,-0.0038638864,0.0002700570,-0.0001716335,-0.0071341121,0.0649013166,0.0359978528,0.0221077075,-0.0014143776,-0.0020096734,-0.0358364153
2022-08-08,-0.0029027672,0.0004462757,0.0030916663,-0.0053806633,-0.0073525792,0.0035220158,0.0645372885,0.0354264645,0.0223115457,-0.0008675922,-0.0025225956,-0.0360312867
2022-08-09,0.0042940581,0.0029935789,0.0005424834,0.0019628193,-0.0020647055,-0.0049354329,0.0641712030,0.0351070277,0.0220968609,-0.0009619252,-0.0024293488,-0.0360345116
2022-08-10,-0.0044612457,0.0010968221,0.0024695928,0.0037083723,0.0015148641,0.0062079131,0.0638872859,0.0349062317,0.0214379730,-0.0007564822,-0.0020842482,-0.0355185300
2022-08-11,-0.0019490912,0.0040433732,-0.0010081284,-0.0036804110,0.0001831494,0.0041265944,0.0642537300,0.0356993737,0.0213395014,-0.0009712346,-0.0022637963,-0.0350240539
2022-08-12,-0.0043752273,0.0026068239,-0.0106474940,0.0040966653,0.0009050231,-0.0048092320,0.0639626026,0.0350726663,0.0216992807,-0.0004778372,-0.0026024063,-0.0348984459
2022-08-15,-0.0034836131,-0.0091515930,-0.0012968889,-0.0012691967,-0.0068294933,-0.0001286607,0.0641242171,0.0349268214,0.0215918453,-0.0004656956,-0.0020586116,-0.0348844122
2022-08-16,0.0034210819,-0.0111104508,-0.0034276117,-0.0065832984,0.0009006240,-0.0032024783,0.0639974525,0.0350127086,0.0217183418,-0.0010449821,-0.0021981301,-0.0347088803
2022-08-17,0.0025829967,0.0015689570,-0.0034693838,0.0053985347,-0.0038733607,0.0037288628,0.0638388675,0.0350339788,0.0218135907,-0.0014989358,-0.0023463988,-0.0343962236
2022-08-18,-0.0048193704,0.0048018707,-0.0052175149,-0.0058710921,0.0030467004,0.0019802022,0.0639155105,0.0350915137,0.0219863377,-0.0019206501,-0.0030113902,-0.0346163674
2022-08-19,-0.0023112113,0.0023083751,-0.0056395098,-0.0073546115,0.0048291744,-0.0004683826,0.0642645012,0.0353415377,0.0219569300,-0.0015733407,-0.0029615060,-0.0350016320
2022-08-22,-0.0102630565,-0.0035273582,-0.0016324660,-0.0025494722,0.0065695454,-0.0017254873,0.0639289657,0.0347817888,0.0219019395,-0.0015672503,-0.0024598618,-0.0352900625
2022-08-23,-0.0033096733,-0.0018887662,-0.0008780554,-0.0010351222,0.0032272020,0.0011575220,0.0634984636,0.0351470770,0.0213921661,-0.0015584917,-0.0020956489,-0.0344043520
2022-08-24,0.0042131339,-0.0039838012,-0.0000500843,-0.0030625230,-0.0006905204,0.0013215656,0.0631735921,0.0355853295,0.0214118649,-0.0016472894,-0.0025834217,-0.0345292074
2022-08-25,0.0011628142,-0.0007957457,-0.0019975972,-0.0073604681,0.0028374049,0.0007343770,0.0633303109,0.0351842290,0.0208731205,-0.0011630396,-0.0024075270,-0.0344890374
2022-08-26,0.0014639908,-0.0027974323,-0.0004709781,0.0051854683,0.0076877726,0.0066764278,0.0635027017,0.0341711233,0.0215791432,-0.0017707489,-0.0027711351,-0.0343658370
2022-08-29,-0.0017469535,-0.0018910942,-0.0017065322,0.0083296945,-0.0000704798,-0.0019978290,0.0639793870,0.0342042940,0.0212879594,-0.0018126717,-0.0025070733,-0.0342072749
2022-08-30,0.0053478069,0.0065957389,-0.0046193121,0.0068102664,0.0081497339,-0.0031613076,0.0644538342,0.0338686540,0.0209216217,-0.0010272820,-0.0022268608,-0.0341817509
2022-08-31,0.0019634892,-0.0005313609,0.0005275857,0.0036785809,0.0031150218,-0.0005867149,0.0645421515,0.0344676730,0.0210681909,-0.0006801792,-0.0023386884,-0.0344901797
2022-09-01,0.0028930336,-0.0043022214,0.0002404746,-0.0012594003,0.0002056421,-0.0046905415,0.0650729374,0.0344086304,0.0209308568,-0.0005926080,-0.0021172608,-0.0340321455
