date,asset_0,asset_1,asset_2,asset_3,asset_4,asset_5
2015-01-02,-0.0108988131,0.0016626635,-0.0008443842,0.0042914389,0.0086789501,-0.0016906130
2015-01-05,0.0102989839,0.0074182123,-0.0196750113,-0.0031563044,-0.0051426116,-0.0057625763
2015-01-06,0.0101701758,-0.0123344614,0.0057560667,-0.0104772280,-0.0145846164,0.0079966607
2015-01-07,-0.0046108889,-0.0047029571,0.0047503676,0.0039365775,-0.0069309863,0.0022899540
2015-01-08,0.0062621919,0.0080623900,-0.0112983987,-0.0015196099,-0.0008432467,0.0010066768
2015-01-09,-0.0030114566,0.0050872040,0.0006683516,0.0238241202,-0.0122252652,0.0097683700
2015-01-12,-0.0100174438,-0.0045579697,-0.0128717933,0.0061805903,0.0118396108,0.0011136706
2015-01-13,-0.0023107689,-0.0160284806,-0.0036798440,-0.0106790447,-0.0028874758,0.0135087044
2015-01-14,0.0020612210,-0.0017586216,0.0021375025,0.0103299686,0.0024820623,-0.0008794117
2015-01-15,-0.0004579163,-0.0006536587,-0.0113815756,0.0032454285,0.0053021401,-0.0027033664
2015-01-16,-0.0056608730,-0.0033881421,-0.0063150975,0.0032621789,-0.0152692039,-0.0041099428
2015-01-19,0.0008269632,0.0051636307,-0.0026933464,-0.0040136540,0.0001019692,-0.0037450402
2015-01-20,0.0089596921,0.0019415076,-0.0011194814,-0.0053337350,0.0007755652,0.0047981527
2015-01-21,-0.0125666952,-0.0148610297,0.0039249981,0.0073406754,0.0014705187,0.0221358131
2015-01-22,0.0097073341,-0.0056941485,-0.0063845210,-0.0016588612,0.0047820197,-0.0178640874
2015-01-23,-0.0002218558,-0.0068801755,0.0036789429,0.0150995635,0.0059591471,0.0148262504
2015-01-26,0.0125908920,0.0049641553,0.0006212842,-0.0109061201,0.0057471775,0.0037725540
2015-01-27,-0.0151170343,-0.0113923474,-0.0024967376,-0.0013650369,-0.0124651267,0.0032789720
2015-01-28,0.0028376654,0.0227040702,0.0198911941,-0.0042639146,-0.0055809866,0.0059811467
2015-01-29,0.0004807490,-0.0009971224,0.0102892589,-0.0048835428,-0.0076933714,0.0017696754
2015-01-30,-0.0222718912,0.0008485887,0.0037315902,0.0191660377,0.0019772560,0.0116176694
2015-02-02,-0.0034341771,-0.0104571876,-0.0006891353,-0.0112061965,-0.0015282976,0.0007269978
2015-02-03,-0.0073572987,0.0025832361,-0.0142662696,-0.0107875010,-0.0022120726,0.0148088341
2015-02-04,0.0058336804,-0.0068412749,-0.0034277860,0.0026475265,-0.0157783690,-0.0073947571
2015-02-05,-0.0103391508,0.0137523461,-0.0241419193,-0.0052062466,-0.0042676263,0.0015363474
2015-02-06,0.0011224500,0.0061994362,0.0096014446,-0.0142294608,-0.0114165855,0.0157947204
2015-02-09,0.0024789497,-0.0029963596,-0.0166412594,-0.0113160598,-0.0184610972,-0.0058704747
2015-02-10,0.0182175903,0.0068086779,0.0101128261,0.0078486913,-0.0084734298,0.0039714734
2015-02-11,0.0081770549,0.0091425728,0.0094591773,0.0011781755,-0.0059507380,0.0191513877
2015-02-12,0.0061595588,-0.0133274170,0.0076950223,0.0113722145,0.0164397066,0.0026945838
2015-02-13,0.0111346134,0.0039488524,-0.0047728155,-0.0017274323,-0.0005096096,-0.0038283025
2015-02-16,0.0019311073,-0.0004765340,-0.0017220192,-0.0016786389,0.0024516747,0.0190137616
2015-02-17,0.0028393581,-0.0204278698,0.0088872600,0.0068641040,0.0045480074,-0.0039835275
2015-02-18,-0.0068915905,0.0047676772,0.0015153831,0.0048798489,-0.0140176547,0.0121288516
2015-02-19,0.0018148505,-0.0127081615,0.0060343984,-0.0003945520,-0.0053725183,0.0179015715
2015-02-20,0.0039603174,0.0008414982,0.0209527278,0.0061212391,0.0232669584,0.0098917007
2015-02-23,0.0115697611,-0.0104025897,0.0012638674,0.0141359060,0.0085355741,-0.0136065121
2015-02-24,0.0045800380,-0.0105239029,0.0113623751,0.0005996250,0.0193921176,-0.0040682534
2015-02-25,-0.0322673580,0.0054906046,0.0042549305,0.0146341705,0.0084162846,0.0037489655
2015-02-26,0.0059907030,-0.0156118779,-0.0075926036,-0.0086109046,-0.0008405746,-0.0062326186
2015-02-27,0.0073858141,-0.0156412765,0.0147837929,0.0133158568,-0.0140527182,-0.0302977992
2015-03-02,0.0033227262,-0.0114173527,-0.0089338563,-0.0039335058,-0.0092507684,-0.0058151672
2015-03-03,0.0049002253,-0.0027489734,0.0060378259,0.0150025035,-0.0105933850,-0.0134992886
2015-03-04,0.0096077887,0.0061045705,-0.0063706081,-0.0035278213,-0.0112923349,-0.0234452591
2015-03-05,-0.0103041737,0.0048752177,-0.0007765433,0.0055996105,0.0133228071,0.0073756193
2015-03-06,-0.0016113078,-0.0147956190,0.0050060350,-0.0019894606,0.0074455149,0.0000279044
2015-03-09,0.0134428404,-0.0015989199,-0.0230906056,-0.0092812647,-0.0211619355,-0.0037374652
2015-03-10,0.0005634022,-0.0080099318,0.0049984110,-0.0069644060,-0.0000970794,0.0052783477
2015-03-11,-0.0018348787,-0.0039885258,0.0034994059,0.0055216079,-0.0054812993,-0.0026987253
2015-03-12,-0.0018029806,0.0089064859,-0.0001358057,-0.0084814413,0.0161218246,-0.0055299560
2015-03-13,0.0156859994,0.0001589552,0.0032980763,0.0169086051,-0.0030582448,0.0039310500
2015-03-16,-0.0102013137,0.0043040563,0.0178640703,-0.0018659235,-0.0186388015,0.0005723480
2015-03-17,-0.0068196108,-0.0058689947,0.0146264181,0.0006996579,-0.0081554239,0.0105955107
2015-03-18,-0.0184144652,0.0027206229,-0.0087986807,-0.0064387914,-0.0063080738,-0.0162364892
2015-03-19,0.0051753607,0.0003389301,-0.0019182442,-0.0179100273,0.0031500995,-0.0060125217
2015-03-20,0.0162962053,0.0128102050,-0.0037535286,-0.0014001962,-0.0028274024,-0.0028339937
2015-03-23,-0.0075995140,-0.0089146351,-0.0121033299,-0.0042076627,-0.0008145605,-0.0313039925
2015-03-24,-0.0126163684,0.0149911595,-0.0076671188,-0.0191695891,-0.0130614368,0.0065148050
2015-03-25,-0.0034115416,-0.0113780007,0.0042131746,0.0001790528,0.0056149042,0.0086369647
2015-03-26,-0.0149709173,0.0194787247,0.0033554050,0.0062896309,0.0048421624,0.0112356961
2015-03-27,0.0112389860,-0.0077179073,0.0029058051,-0.0005142557,0.0007573076,0.0197487715
2015-03-30,-0.0032379381,-0.0208471003,0.0000601601,0.0124697346,-0.0116858243,0.0058619341
2015-03-31,0.0025605131,-0.0161844776,0.0108564976,-0.0099301403,0.0048451249,0.0067544826
2015-04-01,-0.0066398852,0.0135670263,0.0077591110,-0.0098396301,-0.0027110195,-0.0137857687
2015-04-02,0.0100446886,-0.0001820455,-0.0093260586,0.0132127519,0.0142648640,0.0210444059
2015-04-03,0.0064370899,-0.0017257583,-0.0051012482,0.0069894367,-0.0138187369,-0.0085188236
2015-04-06,0.0106611980,0.0122108189,-0.0077208479,-0.0094308814,-0.0084434804,0.0092932339
2015-04-07,0.0150981014,0.0087774413,0.0013561404,0.0026707887,0.0074616565,0.0026484950
2015-04-08,0.0074659640,-0.0036977110,0.0062080558,0.0101590285,-0.0049815976,0.0063623614
2015-04-09,0.0058652607,-0.0014744395,0.0122771326,-0.0023371410,0.0111030329,-0.0037772461
2015-04-10,-0.0092858812,0.0037608139,-0.0020746715,-0.0060896998,-0.0105163003,0.0170848930
2015-04-13,-0.0024801527,-0.0000195756,-0.0137174938,-0.0079327664,0.0023285247,-0.0150455744
2015-04-14,0.0088674466,-0.0049814068,-0.0043670584,-0.0082784592,-0.0003088111,0.0058789758
2015-04-15,0.0062077781,0.0158061115,0.0115161538,0.0068255633,0.0114262357,0.0002511642
2015-04-16,-0.0012973941,0.0100723778,-0.0145112092,-0.0039807605,-0.0147405760,0.0042952938
2015-04-17,0.0166155046,-0.0303837127,-0.0090935111,-0.0046453381,0.0026532040,-0.0044115346
2015-04-20,0.0073320274,0.0115386597,-0.0043669972,-0.0084151617,0.0031251467,-0.0112145033
2015-04-21,0.0122727512,0.0027582921,-0.0123995377,-0.0092051279,-0.0119442974,0.0033638903
2015-04-22,0.0000403344,-0.0096103174,0.0080701170,0.0027918077,0.0169740976,-0.0008221418
2015-04-23,0.0266374970,0.0091594139,-0.0034732393,-0.0078248820,0.0108240408,0.0161460345
2015-04-24,-0.0064929073,0.0078398023,0.0230263253,0.0012915563,0.0029446301,-0.0033199406
2015-04-27,-0.0159005252,-0.0051697580,-0.0001374135,-0.0035951128,0.0186666843,0.0035437520
2015-04-28,-0.0132088250,0.0024234367,-0.0067917564,-0.0068567835,-0.0011071778,-0.0046273945
2015-04-29,-0.0123874309,0.0071560191,-0.0000966361,-0.0015983948,-0.0207235676,-0.0070281580
2015-04-30,-0.0115080452,0.0115638056,0.0015371445,-0.0051621432,0.0032463931,-0.0038716413
2015-05-01,0.0065140488,-0.0024665742,-0.0096958707,0.0131786275,-0.0076784443,-0.0054721188
2015-05-04,-0.0057134934,0.0176690985,0.0001683060,-0.0038723517,-0.0081457425,-0.0012806120
2015-05-05,-0.0020401979,0.0012313575,-0.0173947790,-0.0054000782,0.0136128809,0.0061942951
2015-05-06,0.0057629892,0.0049487224,0.0035333730,0.0205017715,-0.0020855340,-0.0034910189
2015-05-07,-0.0027545153,0.0022888904,-0.0039016490,0.0011399829,-0.0073213540,0.0012443451
2015-05-08,0.0047257354,0.0054012809,0.0051714262,-0.0014867159,-0.0009056233,-0.0032891487
2015-05-11,-0.0017354139,-0.0037751048,-0.0025063863,0.0134063702,-0.0022471333,-0.0023750032
2015-05-12,0.0006610454,0.0064713072,0.0045690884,-0.0036978374,-0.0100806494,0.0000730289
2015-05-13,0.0027463670,-0.0002475388,0.0171761026,0.0040894858,0.0121122433,0.0081382498
2015-05-14,-0.0026814382,0.0074935718,0.0092983458,0.0051557365,-0.0088953362,-0.0058491794
2015-05-15,-0.0027380019,-0.0061796017,-0.0119021500,-0.0151210942,-0.0102187667,-0.0025112538
2015-05-18,0.0080953972,-0.0088005005,-0.0005740268,0.0077332707,0.0020317529,0.0051841163
2015-05-19,0.0114233959,-0.0050331457,-0.0032501107,0.0147884967,0.0058746622,-0.0009513164
2015-05-20,0.0038367559,0.0008678831,0.0176561527,-0.0036550445,0.0031804473,0.0044899985
2015-05-21,-0.0179252664,0.0168498617,0.0109973768,0.0034334824,-0.0012651245,-0.0106673004
2015-05-22,0.0070463425,-0.0038487580,0.0060292379,0.0125672992,0.0079944322,0.0030089903
2015-05-25,0.0046663322,-0.0022027543,-0.0048535482,0.0095406793,-0.0072560359,0.0057531107
2015-05-26,0.0008892116,0.0063093126,0.0027300086,-0.0044812346,-0.0073939344,-0.0135877359
2015-05-27,-0.0066570615,0.0072533112,0.0114920286,0.0088725594,-0.0001299397,-0.0189160750
2015-05-28,0.0083492239,-0.0000686960,-0.0144879128,-0.0004578792,0.0056577502,0.0028414994
2015-05-29,0.0025538912,-0.0029927613,-0.0138341878,0.0134247469,-0.0030556980,-0.0044876513
2015-06-01,0.0113181697,0.0104860849,0.0025425689,-0.0019337399,0.0100586319,0.0074040714
2015-06-02,0.0004860428,0.0080956068,-0.0092832752,0.0060275614,-0.0094246732,-0.0096427971
2015-06-03,0.0063506476,-0.0046524605,-0.0088936789,0.0004098327,-0.0094171608,-0.0008128579
2015-06-04,0.0081395227,-0.0055870485,0.0007625998,0.0003109989,0.0060182127,-0.0064058313
2015-06-05,-0.0067067505,-0.0171739902,-0.0034878726,-0.0067675559,-0.0033506438,-0.0134806305
2015-06-08,-0.0040504474,0.0000192566,-0.0114292799,-0.0045449331,0.0055426375,-0.0005592523
2015-06-09,0.0027860799,-0.0038426994,-0.0213831007,-0.0035992160,0.0085954954,-0.0014151259
2015-06-10,-0.0005371847,0.0018103290,0.0006530001,-0.0004084746,-0.0020149896,-0.0058693115
2015-06-11,0.0036323652,-0.0009520697,0.0080737809,0.0033063748,0.0003763459,-0.0159280910
2015-06-12,0.0028163035,0.0134852789,0.0024167113,-0.0055065330,-0.0083011728,-0.0161805824
2015-06-15,0.0012603313,0.0059473260,0.0119169930,0.0035610364,-0.0004064942,-0.0093571917
2015-06-16,-0.0068437059,0.0046242240,-0.0112125668,-0.0130728707,-0.0015459667,-0.0176663884
2015-06-17,-0.0066465643,-0.0029429110,-0.0096993344,0.0028737470,0.0111003679,-0.0058411077
2015-06-18,-0.0060027737,0.0228203839,0.0067631943,-0.0065513123,-0.0027324795,-0.0137244523
2015-06-19,-0.0013160614,0.0193437726,0.0081112513,-0.0014339959,-0.0029353813,-0.0000617494
2015-06-22,0.0356605709,0.0039283493,-0.0161633749,0.0022536730,0.0001182920,0.0185445261
2015-06-23,0.0115033492,-0.0001301583,-0.0018547262,0.0002293386,-0.0006798050,0.0060242035
2015-06-24,-0.0008822243,0.0098580567,0.0034195339,0.0035569742,-0.0053618793,-0.0140883684
2015-06-25,0.0039011853,0.0002155036,0.0017427420,-0.0071740807,0.0047756250,-0.0113429523
2015-06-26,-0.0216343937,-0.0088532342,0.0058680135,-0.0066656642,0.0095311392,0.0043918783
2015-06-29,0.0123942028,0.0007325674,0.0098106647,0.0020766136,-0.0020830970,0.0012187781
2015-06-30,0.0039896854,-0.0014051320,-0.0162927339,-0.0053933698,0.0041255387,-0.0141490848
2015-07-01,0.0077830353,-0.0071498795,0.0023874893,0.0147535867,-0.0066261608,0.0071929855
2015-07-02,0.0074130820,0.0125411035,0.0048837482,0.0017634706,-0.0108483144,0.0058098202
2015-07-03,0.0211793219,0.0041904731,0.0012714490,-0.0028242683,0.0077780422,0.0008108082
2015-07-06,-0.0102748597,0.0012595518,0.0044107692,-0.0008000134,0.0037583659,-0.0061301529
2015-07-07,0.0061087703,0.0014846789,0.0029189283,0.0132887062,0.0233324878,0.0040389223
2015-07-08,-0.0047422727,-0.0075235575,0.0129617895,-0.0012860835,0.0002745060,0.0025902873
2015-07-09,0.0027216106,0.0055722648,0.0014898374,0.0005358437,-0.0054921239,0.0175318043
2015-07-10,-0.0149706187,0.0033766624,0.0161206857,-0.0055160822,-0.0006809180,0.0147468725
2015-07-13,0.0133389005,-0.0042483112,0.0029611224,0.0095074159,-0.0008384405,0.0071043305
2015-07-14,-0.0073029736,0.0172628616,0.0015549005,-0.0058582089,0.0123166894,0.0078904246
2015-07-15,0.0018669139,0.0134900751,0.0017444904,0.0113165426,-0.0024395863,-0.0003997427
2015-07-16,-0.0008471706,0.0095495352,-0.0080967117,0.0028127160,0.0077423286,-0.0005164597
2015-07-17,-0.0065736658,0.0285518786,0.0175979001,-0.0003817306,0.0192741654,-0.0072324841
2015-07-20,0.0145874071,0.0007354337,0.0040569219,-0.0126834758,-0.0051573860,0.0009355066
2015-07-21,0.0093043795,0.0075097739,0.0044002070,-0.0072836850,0.0001564183,0.0180654607
2015-07-22,0.0054910488,-0.0013443173,-0.0058772768,0.0172215186,-0.0053194829,0.0167491757
2015-07-23,0.0010602929,0.0023841475,0.0052767019,0.0028927495,0.0098957890,0.0096373297
2015-07-24,-0.0052099083,0.0000642190,0.0081226781,0.0018558998,-0.0072615115,0.0122075157
2015-07-27,0.0023474472,0.0017158339,0.0023306513,0.0052247121,0.0167346485,0.0116353026
2015-07-28,0.0031264629,-0.0091797703,0.0010792049,0.0046818257,0.0082586079,0.0009770660
2015-07-29,-0.0112815468,-0.0081977285,0.0131854696,-0.0074032451,-0.0089813497,-0.0025062675
2015-07-30,-0.0002857022,-0.0153445316,-0.0067801195,0.0079630038,-0.0052584245,-0.0009050352
2015-07-31,-0.0063972446,0.0193382563,0.0034515287,-0.0046190746,-0.0100494439,0.0068461585
2015-08-03,-0.0042413694,0.0055179123,0.0066652805,-0.0054115137,-0.0042227437,-0.0034455626
2015-08-04,-0.0019576351,0.0156146261,-0.0079581992,-0.0059292505,-0.0169307296,0.0003949411
2015-08-05,0.0032396883,0.0057488071,0.0006872831,0.0114825966,0.0053933111,-0.0139725631
2015-08-06,-0.0002203864,0.0013072332,-0.0054443861,-0.0068574184,0.0142244278,-0.0050957103
2015-08-07,-0.0090524569,-0.0250085983,-0.0026421152,-0.0030003472,0.0006629190,-0.0033972147
2015-08-10,0.0150851966,0.0032054848,0.0049225041,0.0069986343,0.0097581704,0.0124419032
2015-08-11,-0.0076971165,-0.0098112228,0.0005992153,0.0022658503,-0.0157081269,0.0071870900
2015-08-12,-0.0149960789,0.0036117327,0.0115252989,-0.0067765917,-0.0068855633,0.0094625158
2015-08-13,-0.0076141135,-0.0097857388,-0.0038926570,0.0071837907,-0.0094729926,-0.0091729090
2015-08-14,0.0066690869,-0.0000146321,-0.0017864696,0.0024890808,-0.0231882560,0.0118690409
2015-08-17,-0.0053675022,0.0024370814,0.0193045142,0.0058301413,0.0118880089,-0.0019302728
2015-08-18,-0.0052834804,0.0026359517,0.0039704291,-0.0059410780,0.0162099674,-0.0219959278
2015-08-19,0.0132581910,-0.0056457228,0.0083018831,-0.0001367864,0.0071508174,0.0028201141
2015-08-20,-0.0049567217,0.0104999870,0.0149881137,-0.0020870582,-0.0024650830,-0.0001766333
2015-08-21,0.0124281289,0.0022102978,0.0092835606,0.0011960768,-0.0035806953,-0.0039603981
2015-08-24,-0.0136183081,0.0031738496,0.0037464049,0.0132221190,0.0034554307,-0.0057363862
2015-08-25,0.0120418662,0.0087623582,0.0084041422,-0.0075555196,-0.0014414004,-0.0129954581
2015-08-26,0.0165254934,-0.0036218033,0.0047030856,-0.0064682297,0.0086883837,0.0166838926
2015-08-27,0.0161187091,-0.0024973556,-0.0076615033,-0.0088340548,0.0036461771,0.0011820900
2015-08-28,0.0087879596,-0.0016833037,0.0111070770,0.0020944838,0.0001142983,0.0181936746
2015-08-31,-0.0028564884,0.0110552653,-0.0043810636,0.0084485454,-0.0062425485,-0.0168893447
2015-09-01,0.0045310849,0.0093496852,-0.0047906994,0.0050415604,-0.0025570144,0.0050494231
2015-09-02,0.0090634464,-0.0008262447,-0.0191177141,-0.0035730964,0.0035540005,0.0021102569
2015-09-03,0.0015126079,-0.0070378805,0.0003911755,-0.0024234119,0.0038392219,0.0043344517
2015-09-04,0.0021100291,-0.0089538169,-0.0051866982,-0.0040396115,0.0058575797,0.0002612332
2015-09-07,0.0053337411,0.0124034925,-0.0137482869,-0.0008072071,0.0043640043,-0.0005888832
2015-09-08,-0.0059237310,0.0024869246,0.0049525100,0.0125103842,-0.0169023861,-0.0072211310
2015-09-09,-0.0043283232,0.0080379673,0.0176432997,-0.0035547335,0.0277434344,0.0082936184
2015-09-10,-0.0125901879,0.0024708162,0.0149552608,-0.0081057936,0.0049899277,-0.0158927791
2015-09-11,0.0145511794,-0.0095799680,-0.0054727015,-0.0035786379,-0.0052991135,-0.0006267704
2015-09-14,-0.0143303983,0.0042305363,-0.0065033358,0.0046397294,0.0012273875,0.0041138988
2015-09-15,-0.0037515565,0.0130152025,0.0278998554,-0.0041443426,-0.0230712783,-0.0044366509
2015-09-16,0.0050716856,0.0081678237,0.0112740060,0.0115176154,0.0024611893,-0.0107562394
2015-09-17,-0.0203072817,0.0058642286,0.0064483508,0.0134619189,0.0121119439,-0.0056222499
2015-09-18,-0.0098866260,0.0077720348,-0.0052642663,0.0000594402,0.0125208352,-0.0121010930
2015-09-21,-0.0115777829,0.0019634537,-0.0125019566,0.0033126281,-0.0145339851,-0.0037019657
2015-09-22,0.0031318321,0.0191967172,0.0214135883,0.0027414949,0.0010498558,0.0022631862
2015-09-23,0.0035954112,0.0098332255,-0.0066518935,0.0019491230,-0.0008215325,0.0138956229
2015-09-24,-0.0000411713,0.0000439816,-0.0005806327,0.0039335574,0.0057527294,0.0052310483
2015-09-25,-0.0040007317,-0.0012130605,-0.0016339707,-0.0051420364,0.0104873543,0.0166801921
2015-09-28,-0.0017511061,0.0195031243,-0.0085587018,0.0075474101,0.0027205097,-0.0136860048
2015-09-29,-0.0010948350,-0.0049732431,0.0028907240,0.0037945930,0.0021568411,-0.0009025986
2015-09-30,-0.0050179070,0.0118034754,-0.0032739202,-0.0025494538,-0.0094132202,-0.0006012000
2015-10-01,0.0085662406,0.0213410729,0.0109054844,-0.0030727467,-0.0050508550,0.0023280475
2015-10-02,0.0053608712,0.0027095511,-0.0044983733,0.0087425778,-0.0029301614,-0.0094017303
2015-10-05,0.0108110746,-0.0126451436,0.0027915902,0.0056727508,-0.0025469368,0.0055355680
2015-10-06,0.0099759852,-0.0042621082,0.0048595428,-0.0068968821,0.0080866462,0.0057129351
2015-10-07,0.0071376434,0.0088930429,0.0149658979,0.0047390493,0.0116763417,0.0128326080
2015-10-08,-0.0012909611,0.0187827550,0.0258008171,-0.0080598099,0.0021152659,0.0131426748
2015-10-09,-0.0017465676,0.0098169033,0.0014495747,-0.0116063482,-0.0090013222,-0.0098759276
2015-10-12,0.0122432005,0.0072042370,0.0125975918,-0.0152632514,0.0172326337,0.0040203877
2015-10-13,-0.0183036773,0.0045119298,-0.0011123142,-0.0006132172,-0.0107384709,0.0033073458
2015-10-14,0.0027525137,0.0038693062,-0.0068572149,-0.0015232312,-0.0094911373,-0.0178288746
2015-10-15,0.0018837235,-0.0030626769,0.0093561739,0.0005263858,-0.0036557513,-0.0081508591
2015-10-16,0.0070715772,0.0044987736,-0.0052625910,0.0030793768,0.0075872947,0.0029418699
2015-10-19,0.0043506700,0.0036336921,-0.0042847486,-0.0091617318,0.0117787099,0.0094953401
2015-10-20,-0.0091994918,-0.0032332940,-0.0024772129,-0.0018066281,0.0096001840,-0.0018263494
2015-10-21,-0.0147771006,0.0076912346,-0.0007823062,-0.0230831308,0.0014393542,-0.0179389675
2015-10-22,0.0000431675,0.0023658103,0.0006404130,0.0223823012,-0.0020618159,0.0053124877
2015-10-23,0.0055796657,0.0200361293,0.0209456665,0.0150702762,0.0017575515,0.0040472585
2015-10-26,0.0152278888,-0.0091149041,-0.0142558660,-0.0094234426,0.0176454910,-0.0202228596
2015-10-27,0.0052216708,-0.0052373849,-0.0034985888,-0.0011939576,-0.0130024579,0.0064505072
2015-10-28,0.0059825615,-0.0031926751,0.0056298759,0.0019323771,0.0174100958,-0.0061589808
2015-10-29,-0.0076617577,-0.0112209006,0.0043877369,-0.0089006988,-0.0014717933,0.0052860575
2015-10-30,0.0055707412,-0.0040342846,0.0032856460,-0.0048489409,-0.0125313732,-0.0026279599
2015-11-02,0.0032195819,-0.0055910921,-0.0063213246,0.0007196519,0.0036154844,-0.0080625232
2015-11-03,0.0013497802,0.0083456654,0.0001851678,-0.0003891889,-0.0051035099,0.0137220158
2015-11-04,0.0016469534,-0.0188830779,-0.0161957222,-0.0072280351,-0.0097628299,0.0002274421
2015-11-05,0.0044771662,0.0028780326,0.0033303905,-0.0055090803,0.0060086237,0.0062403783
2015-11-06,-0.0012936662,-0.0078972340,0.0085919021,-0.0260327950,-0.0035110030,0.0022447835
2015-11-09,0.0096560630,-0.0026811847,0.0049062203,-0.0108239260,0.0147401849,0.0225459461
2015-11-10,0.0002121916,-0.0008692947,0.0038086482,0.0044113717,-0.0048943505,0.0243867775
2015-11-11,0.0084381436,0.0040212832,0.0101419591,0.0195538672,0.0011748910,0.0071548958
2015-11-12,0.0040958264,-0.0148210596,-0.0008521156,-0.0157597342,-0.0055745427,-0.0128374134
2015-11-13,0.0176907120,0.0034822456,0.0014398826,0.0078765010,0.0002724947,0.0012368475
2015-11-16,-0.0013967106,0.0105096415,0.0069920642,-0.0063843561,0.0035293538,0.0035867405
2015-11-17,-0.0081303092,-0.0111660513,0.0127751245,0.0130289053,-0.0027961841,-0.0046333981
2015-11-18,-0.0063902226,-0.0044342765,-0.0030889915,0.0110798514,-0.0109256538,0.0067468055
2015-11-19,-0.0038954374,-0.0041733529,-0.0084738482,-0.0076796454,0.0114515840,-0.0035263073
2015-11-20,0.0077864910,0.0192461675,0.0093369926,-0.0046182658,0.0062763418,-0.0000102993
2015-11-23,0.0123866619,0.0125490766,0.0054531369,-0.0019644259,-0.0014810719,-0.0105614553
2015-11-24,-0.0117423470,0.0069866001,0.0028482939,-0.0004552994,-0.0078198593,0.0008932321
2015-11-25,0.0080989878,-0.0087410264,0.0290713797,-0.0034401007,0.0058571604,-0.0159741375
2015-11-26,0.0000430992,-0.0023438240,0.0049945039,0.0079030164,-0.0121744543,0.0041252837
2015-11-27,0.0062299095,0.0010025775,0.0115546487,0.0092779090,-0.0159489843,0.0073969435
2015-11-30,0.0022697373,-0.0045380702,0.0165957988,0.0099535565,-0.0115912870,0.0238572664
2015-12-01,0.0063174979,0.0061704203,-0.0129770251,-0.0028032442,-0.0042103230,0.0020928112
2015-12-02,-0.0054732499,-0.0082959429,-0.0055191825,0.0014302131,-0.0050749828,0.0032837708
2015-12-03,0.0043724681,0.0134352901,-0.0073083703,-0.0101676500,-0.0084705332,0.0011054845
2015-12-04,0.0121640504,0.0060357343,0.0182673585,-0.0006416656,-0.0132481462,0.0054009793
2015-12-07,0.0061129981,0.0139938914,0.0024198426,0.0048231585,-0.0151631088,-0.0104773728
2015-12-08,-0.0060295273,0.0104409405,-0.0164121962,0.0071004741,-0.0028156855,0.0030366468
2015-12-09,0.0043930520,0.0102184948,-0.0081062803,-0.0070549731,0.0038706516,0.0131802674
2015-12-10,0.0148255047,-0.0103125482,0.0096782799,0.0201546946,0.0138801752,-0.0007645921
2015-12-11,0.0007800973,0.0070723961,0.0140061095,0.0031614683,-0.0040950075,-0.0056406675
2015-12-14,-0.0090228037,0.0100150131,0.0162285665,0.0188128422,-0.0052663572,0.0026977770
2015-12-15,0.0115451502,-0.0020846687,-0.0086409333,-0.0035276297,-0.0005850776,0.0007795281
2015-12-16,-0.0037004711,0.0104982539,0.0003666521,-0.0010263275,-0.0175721951,-0.0118712931
2015-12-17,-0.0021720942,0.0044093204,-0.0034238856,0.0021690448,0.0076833933,0.0146204943
2015-12-18,-0.0106758291,-0.0045488707,0.0088364587,0.0136220210,-0.0001461778,-0.0208834071
2015-12-21,0.0005392073,0.0108526764,0.0167170904,-0.0162634222,0.0140954377,0.0098943287
2015-12-22,0.0022746104,0.0008296374,-0.0032596227,-0.0118667200,-0.0062442746,-0.0016282404
2015-12-23,-0.0155974102,-0.0086329429,-0.0117684317,0.0022644139,-0.0038042027,0.0003104753
2015-12-24,-0.0165525533,0.0003680245,-0.0007488198,0.0019038136,0.0104970153,-0.0069725798
2015-12-25,0.0045847309,0.0056357700,-0.0054587561,0.0082622929,-0.0035823942,0.0078395832
2015-12-28,0.0071941546,-0.0098737547,0.0086882415,-0.0035743475,0.0092727330,0.0114093481
2015-12-29,-0.0078275820,0.0059091830,0.0029478432,0.0078980544,0.0039913995,0.0178593360
2015-12-30,-0.0038821764,-0.0085304972,-0.0013300355,0.0078886350,-0.0074703105,0.0069828390
2015-12-31,0.0125078443,-0.0029486279,0.0031025242,0.0141737621,0.0073946169,0.0070645238
2016-01-01,0.0050369483,-0.0138563942,0.0095969170,-0.0077930041,0.0111409119,0.0021936912
2016-01-04,-0.0142887750,-0.0163835119,-0.0090209017,0.0035847254,0.0024031367,-0.0042651212
2016-01-05,-0.0119170528,-0.0067586868,0.0046057383,-0.0072728711,-0.0028804635,0.0087198988
2016-01-06,-0.0044498147,0.0069056730,-0.0011194503,0.0106013022,-0.0052477176,0.0090906023
2016-01-07,0.0111444833,-0.0022242133,-0.0077969731,0.0007451702,-0.0011275630,0.0092726349
2016-01-08,0.0132663662,0.0129432006,0.0007674445,0.0061380314,-0.0151565175,-0.0033945113
2016-01-11,-0.0058725508,0.0037719534,-0.0102632958,-0.0035758790,0.0076800789,-0.0088931401
2016-01-12,-0.0082994680,-0.0068434415,0.0007895573,-0.0198985510,0.0020737716,0.0063656698
2016-01-13,0.0094065008,0.0046250456,0.0030325531,0.0029465725,-0.0048764578,0.0105736853
2016-01-14,-0.0022708970,-0.0036394674,0.0001453177,0.0063259464,-0.0023377167,0.0107427314
2016-01-15,-0.0013985181,0.0053313150,0.0127480493,0.0132722361,0.0140955739,-0.0000153357
2016-01-18,0.0104448649,-0.0062142563,0.0075700844,-0.0114210431,0.0087863031,-0.0024720565
2016-01-19,-0.0060035544,-0.0055761690,-0.0136602687,0.0042100003,-0.0012219378,-0.0157210174
2016-01-20,0.0063934376,0.0237082997,-0.0006853917,0.0162586866,0.0104934241,-0.0023162413
2016-01-21,-0.0155487882,0.0069551686,0.0002268633,0.0047336449,-0.0069037644,-0.0108454026
2016-01-22,-0.0005905375,0.0128942066,-0.0003250207,0.0005989243,0.0143735753,-0.0033439504
2016-01-25,0.0001366257,0.0000687457,0.0092315353,-0.0122713097,-0.0104512368,-0.0001349941
2016-01-26,-0.0040991560,-0.0048951504,0.0010378912,-0.0068257706,0.0012961742,0.0221543254
2016-01-27,0.0013483114,-0.0102037558,0.0015573466,-0.0159205412,0.0124946819,0.0183364623
2016-01-28,-0.0069681096,-0.0044560862,0.0007472373,-0.0135661577,0.0058578057,0.0064068346
2016-01-29,0.0064043651,0.0079592433,0.0039853071,-0.0017424031,0.0043753651,0.0120940644
2016-02-01,-0.0072121555,0.0011287809,-0.0063551514,-0.0032417441,0.0122661074,0.0059479238
2016-02-02,0.0033620754,0.0062391870,-0.0058871549,-0.0096692220,0.0063867336,0.0106474322
2016-02-03,-0.0051913003,-0.0058580274,0.0017273507,-0.0062360910,0.0022573214,-0.0095971251
2016-02-04,0.0181919324,0.0118990875,-0.0033125621,0.0044722203,0.0038404762,-0.0190310463
2016-02-05,0.0053294942,0.0077488488,0.0018308419,-0.0040735276,0.0038912318,0.0074628246
2016-02-08,0.0154550989,-0.0001194044,0.0025384436,-0.0120746944,0.0217679172,0.0137611491
2016-02-09,0.0098190819,0.0144018076,-0.0012917611,0.0015893791,0.0013137990,-0.0157207087
2016-02-10,-0.0185370841,-0.0050855995,-0.0004535962,0.0030401239,-0.0213302022,-0.0043784479
2016-02-11,-0.0011267258,-0.0015922251,-0.0049970956,0.0029223450,0.0039106026,0.0138820004
2016-02-12,-0.0022975613,0.0002044774,-0.0108908840,0.0139868345,0.0000169203,0.0032908090
2016-02-15,-0.0061295871,0.0057100549,0.0067258584,0.0010533146,0.0032204171,0.0040960248
2016-02-16,-0.0112436171,-0.0068081983,-0.0015497685,-0.0122955555,-0.0043682981,0.0047252514
2016-02-17,0.0073983892,-0.0067528013,-0.0043830891,0.0053306818,0.0011577184,-0.0010864036
2016-02-18,-0.0036876611,0.0004983619,-0.0010820866,-0.0153760761,0.0095069684,-0.0007453818
2016-02-19,-0.0050877218,0.0081833676,0.0030960520,-0.0054892576,-0.0053492892,-0.0109101856
2016-02-22,-0.0046481319,0.0106758774,0.0031353109,0.0043075426,-0.0004434779,0.0022207464
2016-02-23,0.0111134618,0.0081481401,0.0015602076,0.0313075465,0.0029713509,0.0015124507
2016-02-24,-0.0126157956,0.0081871361,0.0131657574,0.0014817727,-0.0022281845,-0.0040133002
2016-02-25,0.0117344236,-0.0121713569,0.0075182287,-0.0025119729,0.0191026872,0.0069442788
2016-02-26,-0.0071206767,0.0161879830,0.0114755344,-0.0019179541,0.0121025423,0.0095716485
2016-02-29,0.0041580862,-0.0129880832,-0.0102210799,0.0073189261,0.0117887545,-0.0068987246
2016-03-01,-0.0067774511,-0.0090789608,0.0143480646,-0.0008220925,0.0027500750,0.0061936267
2016-03-02,-0.0013257195,0.0054459277,0.0167792653,0.0118389939,0.0036630925,0.0032415537
2016-03-03,0.0107406898,-0.0044984103,0.0012525221,-0.0178458574,-0.0021808984,-0.0045257420
2016-03-04,0.0005315826,-0.0109173504,-0.0109734984,-0.0074712810,0.0008728408,0.0004218127
2016-03-07,-0.0007446292,0.0073345433,-0.0021873663,0.0020373677,-0.0195194221,0.0228939780
2016-03-08,-0.0063072331,-0.0020287842,0.0034769997,0.0008609835,0.0064669886,-0.0132168737
2016-03-09,-0.0062514618,0.0097939943,0.0154858374,0.0001749136,0.0020748559,-0.0027837735
2016-03-10,-0.0024315207,-0.0069023737,-0.0049961593,-0.0142103934,0.0059959882,0.0213249777
2016-03-11,-0.0077906732,-0.0164793143,-0.0086150057,0.0018140539,-0.0003373687,-0.0176786922
2016-03-14,-0.0018075568,0.0103775717,0.0065317210,-0.0026544068,-0.0112268910,-0.0157425884
2016-03-15,-0.0106207424,0.0086903441,0.0101106452,0.0134206182,0.0051297714,0.0000969579
2016-03-16,-0.0017495297,-0.0060680573,0.0172914072,0.0123069604,0.0098427030,0.0069286061
2016-03-17,-0.0091047406,0.0218854730,-0.0009474122,-0.0039879554,0.0006636852,0.0003887838
2016-03-18,0.0125197157,0.0038415272,-0.0152675294,-0.0023306106,0.0145430581,0.0239112302
2016-03-21,-0.0042935625,0.0167486144,-0.0174331791,-0.0121337997,-0.0035692006,0.0010181957
2016-03-22,0.0041454606,0.0024491996,0.0217685731,-0.0016506053,-0.0032310807,-0.0033593371
2016-03-23,-0.0010194703,0.0022008065,-0.0002939280,-0.0105654900,0.0017932149,0.0082503035
2016-03-24,0.0156494862,-0.0069544114,0.0082707329,0.0211453978,0.0113174158,0.0052990026
2016-03-25,-0.0026839755,-0.0091212850,-0.0136162371,-0.0039761723,0.0105161531,0.0146041169
2016-03-28,0.0058921605,0.0087288447,-0.0088959029,-0.0131238405,-0.0213983312,-0.0204158688
2016-03-29,0.0129612957,0.0027978865,-0.0042909708,0.0302785774,0.0008640171,0.0146403383
2016-03-30,0.0013942786,-0.0100000110,0.0229342013,-0.0021508641,0.0233246955,0.0031525900
2016-03-31,0.0027793720,-0.0216564755,0.0202734748,-0.0029987254,0.0193439310,-0.0230547285
2016-04-01,-0.0011536792,0.0096393361,-0.0011564257,-0.0068715997,0.0250281745,0.0102356725
2016-04-04,-0.0057894438,0.0158399862,0.0161271925,0.0055323582,-0.0011615721,0.0049217985
2016-04-05,0.0041207777,-0.0198399128,-0.0144132661,-0.0102536737,0.0193830660,-0.0044744554
2016-04-06,0.0007161050,0.0147841789,0.0003034996,-0.0116158118,0.0099745108,0.0104992948
2016-04-07,0.0075560276,0.0280083847,0.0036279296,0.0082659520,-0.0056877385,0.0162215303
2016-04-08,-0.0169874946,-0.0002716699,-0.0296288628,-0.0097663335,-0.0183378356,0.0067683621
2016-04-11,-0.0115669588,-0.0365161450,-0.0041865488,0.0172403699,-0.0184390316,0.0034694958
2016-04-12,0.0027529211,0.0022571122,0.0029822967,-0.0165703028,0.0124193595,0.0259327885
2016-04-13,-0.0310414734,-0.0161637172,-0.0292678508,-0.0218171791,-0.0023517603,0.0028089249
2016-04-14,0.0026365635,0.0170250530,-0.0062286859,-0.0119363512,0.0116242633,-0.0123105702
2016-04-15,-0.0035705920,0.0315650344,-0.0193504362,0.0192239303,0.0111210353,-0.0000721106
2016-04-18,0.0142436132,-0.0037331100,-0.0116603766,-0.0073876461,0.0006396072,0.0068322538
2016-04-19,0.0255227255,0.0128229261,0.0025667295,0.0435685301,-0.0226389809,-0.0031776734
2016-04-20,-0.0109965251,-0.0020710448,0.0058117306,0.0062717945,0.0069308066,0.0048725274
2016-04-21,-0.0122350096,0.0017525421,-0.0159803394,0.0006040333,-0.0340352602,0.0217876800
2016-04-22,-0.0019549894,0.0201455049,0.0006848179,-0.0013242163,0.0024356896,0.0000505568
2016-04-25,0.0134621265,0.0410893112,0.0063872896,-0.0052373926,-0.0053864045,-0.0088324152
2016-04-26,-0.0097704866,0.0167850520,0.0171366825,0.0232009633,0.0273284315,0.0083573338
2016-04-27,-0.0100641233,0.0138693781,0.0111076656,-0.0007490121,-0.0044745978,-0.0088754735
2016-04-28,-0.0034042137,0.0028747822,0.0203207262,0.0088844919,0.0119552483,0.0043894706
2016-04-29,0.0088981317,0.0099843345,0.0183838293,-0.0015288757,0.0015591904,-0.0021671444
2016-05-02,-0.0014817501,-0.0017103078,0.0071522472,-0.0030469404,-0.0088114920,-0.0043999582
2016-05-03,-0.0018511035,-0.0015496255,0.0135134294,-0.0115521899,0.0021913963,0.0111684148
2016-05-04,0.0025421519,0.0068675771,0.0061259961,0.0106622956,0.0094026486,0.0040376142
2016-05-05,0.0062624360,-0.0105157870,0.0011054368,-0.0020134792,0.0130146428,-0.0049368986
2016-05-06,-0.0090361308,-0.0069631911,0.0077641920,0.0129932185,0.0015079565,0.0022152468
2016-05-09,0.0069653757,0.0142850498,0.0211601662,0.0009842442,-0.0020239469,-0.0036952793
2016-05-10,-0.0044807291,-0.0001280983,0.0131900772,-0.0012319531,0.0052006577,0.0065904337
2016-05-11,0.0079201804,0.0063424764,-0.0099342525,-0.0009468238,0.0329921071,0.0107821853
2016-05-12,0.0062999390,-0.0106498376,-0.0013996263,0.0025972607,0.0089459554,0.0238221252
2016-05-13,-0.0166690475,0.0212432766,-0.0187091935,0.0114724749,0.0013401379,-0.0038151647
2016-05-16,-0.0168391316,-0.0075441747,-0.0139129825,-0.0100976446,0.0103860649,-0.0010733193
2016-05-17,0.0057065080,0.0040947434,-0.0193383080,-0.0047371317,0.0150135693,0.0023071696
2016-05-18,-0.0164857496,0.0056367093,-0.0046195992,0.0190609560,0.0052468672,-0.0023591328
2016-05-19,0.0093945561,0.0163069048,-0.0017231531,0.0004752742,0.0070450121,-0.0137664122
2016-05-20,0.0002942187,-0.0052238916,-0.0117356496,-0.0093891988,0.0048786786,0.0003388371
2016-05-23,0.0044580103,0.0015381649,-0.0025671819,0.0084433409,-0.0066889832,-0.0092958446
2016-05-24,-0.0202327641,0.0042175438,-0.0065119032,-0.0004422328,0.0015983426,0.0078566776
2016-05-25,0.0031103611,0.0040116293,-0.0016884307,-0.0083246013,0.0084867453,0.0192311738
2016-05-26,0.0074564158,0.0027432417,-0.0000041363,0.0044149955,0.0187341183,0.0111366561
2016-05-27,-0.0027930306,0.0143128547,-0.0026639082,-0.0198660256,0.0023086392,-0.0117162229
2016-05-30,0.0036529154,-0.0066354658,-0.0117664101,0.0023535713,0.0070621677,0.0119591448
2016-05-31,0.0080821690,-0.0011646285,0.0047075304,-0.0082324733,-0.0055517784,0.0198944343
2016-06-01,0.0007243689,0.0047436076,-0.0029487476,-0.0008770409,0.0100948902,0.0130609683
2016-06-02,0.0086592174,-0.0061534870,-0.0075131029,-0.0015931044,0.0010642014,0.0015701976
2016-06-03,-0.0028166352,-0.0039300136,-0.0005632261,0.0033137689,0.0013258762,-0.0110765849
2016-06-06,0.0037536390,0.0227809330,0.0015696087,0.0059364857,0.0205810724,0.0046701184
2016-06-07,-0.0123152517,-0.0118506867,0.0061316532,-0.0078297757,-0.0072326695,-0.0016414129
2016-06-08,-0.0144813876,-0.0090055412,-0.0110842038,-0.0064461961,-0.0165215315,-0.0007581552
2016-06-09,-0.0137899926,0.0049414652,0.0114236809,-0.0015759296,-0.0041380242,0.0192731237
2016-06-10,0.0012576640,0.0005304048,0.0048200011,0.0127386110,-0.0024876335,0.0008151087
2016-06-13,0.0047723368,0.0015876966,-0.0022786425,0.0088806450,-0.0034485416,0.0091317664
2016-06-14,-0.0058531665,-0.0037973514,-0.0060019398,-0.0099577661,-0.0145774523,-0.0138383692
2016-06-15,0.0107467294,-0.0051576874,0.0114478994,0.0053668806,-0.0168995742,-0.0092555945
2016-06-16,-0.0013589742,-0.0066375874,0.0069806563,0.0021229636,0.0105602965,0.0268835496
2016-06-17,0.0088059789,-0.0151335510,0.0116134588,0.0064774995,0.0208030745,-0.0035014965
2016-06-20,0.0106781520,-0.0146764258,0.0044244593,-0.0078535288,0.0169557687,0.0008895668
2016-06-21,-0.0033032871,-0.0060147662,-0.0055950425,0.0014492899,0.0020444995,-0.0093242038
2016-06-22,0.0066319666,0.0079415743,0.0165176383,-0.0041485768,-0.0126015899,0.0020438112
2016-06-23,0.0027155426,-0.0077022516,0.0107675207,0.0104847956,-0.0087311448,-0.0048711743
2016-06-24,0.0066916222,0.0042954163,-0.0029052599,0.0005803755,0.0097939192,0.0050750498
2016-06-27,0.0278472211,-0.0079277244,-0.0111182049,0.0046307426,0.0105508488,0.0034174331
2016-06-28,0.0056476131,0.0069672859,-0.0033353160,0.0103744905,0.0204252813,-0.0023045510
2016-06-29,-0.0005963148,0.0000039981,0.0173331325,0.0023044687,0.0040827092,-0.0145489757
2016-06-30,0.0036699540,0.0013295198,0.0090547744,-0.0099513858,-0.0069811447,0.0006684001
2016-07-01,-0.0125684219,-0.0021142707,0.0063895530,0.0022934503,0.0021899693,-0.0017771968
2016-07-04,0.0008368607,-0.0007966877,0.0068722129,-0.0022675103,0.0129955108,-0.0097904878
2016-07-05,0.0030999720,0.0033362178,-0.0059976756,0.0119015563,0.0140603188,0.0012617061
2016-07-06,0.0005746096,0.0042958108,0.0100129295,0.0002382266,0.0105968415,-0.0010735724
2016-07-07,-0.0027430877,-0.0015478090,0.0142816705,-0.0083131741,-0.0045103012,0.0087321226
2016-07-08,0.0022024194,-0.0070467313,0.0189455191,-0.0010128537,0.0125333499,0.0074881644
2016-07-11,-0.0132808012,-0.0089244634,-0.0078361785,-0.0034743854,-0.0040848637,-0.0019718670
2016-07-12,-0.0050119148,-0.0071763439,-0.0016580376,-0.0011048722,-0.0141449817,-0.0089660961
2016-07-13,0.0008420503,0.0002769973,0.0072550577,-0.0056031857,0.0010918148,-0.0060246335
2016-07-14,0.0190124514,0.0071455647,0.0192757600,0.0063047970,0.0066375071,0.0052573340
2016-07-15,-0.0040538868,-0.0031199015,-0.0048914219,-0.0085240670,0.0054880330,0.0112756347
2016-07-18,0.0189011831,-0.0059315475,0.0033801443,0.0021112090,0.0030358189,-0.0043716338
2016-07-19,0.0054891727,-0.0064132547,0.0170426305,0.0103625990,0.0051094659,0.0192533277
2016-07-20,0.0022997825,-0.0033819292,0.0010884709,0.0075233527,0.0070686620,0.0135737785
2016-07-21,0.0182566423,-0.0021232976,0.0003640322,0.0075861729,-0.0111937342,-0.0119879554
2016-07-22,0.0131386604,0.0162552311,0.0166299586,-0.0057859562,-0.0025533069,0.0163236890
2016-07-25,0.0065445496,0.0143385527,0.0062817611,0.0072332602,0.0024147454,0.0085472868
2016-07-26,0.0132529244,-0.0031278300,0.0008087895,0.0038347972,0.0098411989,0.0096161988
2016-07-27,-0.0081532691,-0.0071816886,0.0203386397,0.0114970942,0.0034360177,0.0051424066
2016-07-28,-0.0120663454,0.0152449920,-0.0095789754,0.0108165611,-0.0060294153,0.0018996826
2016-07-29,0.0022302869,-0.0049004289,-0.0110492384,-0.0000785920,-0.0023528042,0.0005455545
2016-08-01,-0.0067248941,0.0011073574,-0.0068588429,0.0017078446,0.0055114798,0.0076068739
2016-08-02,0.0099892764,-0.0149526066,-0.0109866176,0.0048984085,0.0071628966,0.0070661988
2016-08-03,0.0036824076,0.0002489053,-0.0050241766,0.0132964129,-0.0072104706,0.0033469466
2016-08-04,0.0111940121,-0.0162007046,-0.0063654154,-0.0028841111,-0.0159052985,-0.0020934167
2016-08-05,0.0027431808,-0.0005487909,-0.0149275110,0.0058534089,-0.0057298905,0.0144000388
2016-08-08,-0.0012954274,0.0001330526,-0.0081157214,-0.0057878853,0.0036135045,0.0106791738
2016-08-09,0.0123486048,-0.0046836182,-0.0053338063,-0.0052936152,-0.0114609447,0.0050046059
2016-08-10,0.0068541381,0.0112159862,0.0059467461,-0.0088698384,-0.0074443971,-0.0132304386
2016-08-11,0.0114304330,0.0129967027,0.0074744210,-0.0017391870,-0.0063990923,0.0123946156
2016-08-12,0.0131798748,0.0107250276,-0.0023130014,0.0089615673,0.0055914985,0.0078438245
2016-08-15,-0.0122995346,0.0128037808,-0.0037097558,0.0060216200,-0.0079633932,-0.0098282644
2016-08-16,0.0094836097,-0.0144149635,-0.0095564450,-0.0011292712,0.0119250768,0.0144442167
2016-08-17,0.0046912601,-0.0018569054,0.0110585446,-0.0068477179,0.0083116980,0.0060118585
2016-08-18,0.0033038457,0.0035788016,-0.0004181001,0.0004891514,0.0131949865,0.0013251062
2016-08-19,0.0001362543,-0.0010176431,0.0026182524,0.0059080834,-0.0035088237,0.0027688431
2016-08-22,0.0067713006,-0.0093147328,0.0006065069,0.0048205515,-0.0028952493,0.0149951464
2016-08-23,-0.0071671582,-0.0072694715,-0.0065158950,0.0039816558,0.0035682849,-0.0017774223
2016-08-24,-0.0053735979,-0.0034321294,0.0106622088,0.0030521279,0.0153578649,0.0074993850
2016-08-25,0.0011435346,0.0181373549,0.0048289770,0.0013066909,0.0108184629,0.0013175225
2016-08-26,-0.0032146148,0.0086890571,-0.0088180937,0.0233005351,-0.0058122468,-0.0046348782
2016-08-29,-0.0000074078,-0.0259406723,-0.0062887581,0.0069134195,0.0022572840,-0.0063703670
2016-08-30,-0.0002248762,0.0096062835,0.0024441616,0.0088908766,0.0053154749,0.0033834079
2016-08-31,-0.0054631239,0.0062496058,0.0021989447,0.0171804752,-0.0015369265,-0.0065677797
2016-09-01,0.0132028253,0.0037466203,0.0102172837,-0.0081909935,0.0045759696,0.0058516636
2016-09-02,-0.0180187218,-0.0036972264,-0.0007783492,-0.0089939774,0.0093915988,0.0012996598
2016-09-05,-0.0020352419,0.0100527414,0.0079697923,-0.0045153017,-0.0132859158,0.0020768284
2016-09-06,0.0093059127,-0.0057589855,-0.0038524147,0.0056088191,0.0105120092,0.0048984830
2016-09-07,0.0276060209,0.0118870014,0.0058646279,-0.0030165845,0.0239826040,0.0126934502
2016-09-08,-0.0050825625,0.0131124707,0.0127148181,-0.0082699564,0.0045327333,0.0072707808
2016-09-09,0.0017625315,-0.0040155914,-0.0202737283,-0.0133234466,0.0026906371,0.0010748733
2016-09-12,-0.0055787378,0.0067998239,-0.0008293892,-0.0012528735,0.0167274367,-0.0029956606
2016-09-13,-0.0013417348,-0.0033007439,0.0105889546,0.0002494104,0.0034556772,-0.0091621129
2016-09-14,-0.0202684012,-0.0030696633,-0.0002994096,0.0069813147,0.0064564032,0.0085544744
2016-09-15,-0.0091749203,0.0017484896,0.0058867108,-0.0020150844,0.0044040778,0.0040072037
2016-09-16,-0.0087711400,-0.0008656061,0.0106832276,-0.0170473534,-0.0042391845,-0.0157094905
2016-09-19,0.0186809532,0.0037631874,-0.0041228500,-0.0010749603,-0.0138890084,-0.0034366938
2016-09-20,0.0014246165,-0.0025028085,0.0046460962,-0.0071987357,-0.0150163008,-0.0003632209
2016-09-21,-0.0093721165,-0.0163773752,0.0032391397,-0.0026458967,-0.0023514487,-0.0038005426
2016-09-22,0.0017820872,0.0027879843,-0.0070500897,-0.0022418408,-0.0133883660,0.0006280422
2016-09-23,0.0035687385,0.0103116111,-0.0038937812,-0.0035744343,0.0293360481,0.0030392853
2016-09-26,0.0052031736,-0.0107128697,0.0005546560,-0.0007665860,-0.0108107584,0.0098583032
2016-09-27,0.0027050149,-0.0066005559,0.0111917572,0.0007078226,0.0055261891,0.0047474114
2016-09-28,0.0120331077,0.0044633823,0.0012719908,0.0093992093,0.0136821026,0.0066279706
2016-09-29,0.0107685622,-0.0032566783,-0.0098463031,0.0036957750,0.0127270573,-0.0043403203
2016-09-30,0.0024215337,-0.0000705577,-0.0192001218,0.0029995582,0.0033387798,0.0123377875
2016-10-03,-0.0057675055,0.0012552282,-0.0037715047,-0.0113822128,0.0110220256,-0.0081527908
2016-10-04,0.0018196907,-0.0059086338,-0.0111522599,0.0063055073,-0.0038556398,-0.0045051341
2016-10-05,-0.0165867211,0.0038339064,0.0030947808,0.0143323689,-0.0027063016,0.0047104010
2016-10-06,-0.0083920408,-0.0037517833,0.0159333119,0.0087143977,-0.0067711802,0.0018251678
2016-10-07,0.0097935118,-0.0180851599,-0.0147023073,0.0056840773,0.0080355958,-0.0012236482
2016-10-10,-0.0047454427,-0.0089916477,0.0038090842,0.0011388606,0.0079494062,0.0097619565
2016-10-11,-0.0080607239,-0.0176478883,-0.0129504615,-0.0114247431,-0.0028451530,-0.0021756107
2016-10-12,0.0014609542,-0.0038364021,-0.0054128216,0.0107559473,-0.0036105991,0.0041477809
2016-10-13,0.0067887485,-0.0087371604,0.0002612086,0.0068873105,-0.0032945793,-0.0205119512
2016-10-14,-0.0130673717,0.0018699822,0.0014156316,0.0002277968,0.0024588487,0.0012969745
2016-10-17,0.0008222973,0.0185688096,0.0057326221,0.0023990023,-0.0067126175,0.0034694114
2016-10-18,-0.0003564270,0.0087671425,-0.0086439033,0.0062936574,0.0012469722,-0.0099360349
2016-10-19,-0.0127011564,0.0013753306,0.0044135411,0.0053467108,0.0038835872,-0.0094641288
2016-10-20,-0.0028007981,0.0079376733,0.0143094012,0.0115066361,0.0003332610,0.0060825434
2016-10-21,-0.0014594624,0.0125212199,0.0034491210,0.0047438116,-0.0041527174,0.0038217359
2016-10-24,-0.0117534184,0.0030379865,-0.0055249489,0.0114346354,0.0081358335,0.0109869697
2016-10-25,0.0097039158,-0.0042400270,-0.0054292176,-0.0106529778,0.0072859488,-0.0048489949
2016-10-26,-0.0005491021,-0.0114871960,0.0019540328,-0.0020795943,0.0103146817,0.0084983411
2016-10-27,-0.0016359450,-0.0091271444,-0.0018348265,-0.0111849615,0.0150252990,0.0103595450
2016-10-28,-0.0253489650,0.0094012812,0.0017132811,0.0123476743,0.0041198947,0.0096873058
2016-10-31,-0.0155056576,-0.0052067927,0.0040364594,-0.0050605025,-0.0062876655,-0.0082698641
2016-11-01,0.0107867576,-0.0011983418,0.0045567445,-0.0032907610,0.0042598262,-0.0028200307
2016-11-02,0.0262305925,-0.0023789812,-0.0226252741,-0.0000065174,0.0151498079,-0.0165098371
2016-11-03,-0.0005130870,0.0019381104,-0.0113351758,-0.0008819892,-0.0026735672,-0.0112508410
2016-11-04,-0.0001576500,-0.0179952337,-0.0001963478,0.0047260477,-0.0048119851,0.0140422244
2016-11-07,0.0039663122,-0.0082465628,0.0000509671,-0.0099718782,0.0042941774,-0.0185752544
2016-11-08,0.0035723124,0.0123458150,0.0228269284,0.0033073879,0.0128195036,0.0021291943
2016-11-09,-0.0090189215,0.0091879178,-0.0012266888,-0.0048497868,0.0037420762,-0.0035587873
2016-11-10,-0.0018735181,0.0016735881,0.0025169481,-0.0096203024,0.0001979008,-0.0066362610
2016-11-11,0.0063093773,0.0037810649,-0.0174597030,-0.0026045430,0.0134369137,-0.0032045744
2016-11-14,0.0133333921,0.0024207476,-0.0008161411,-0.0102304796,0.0054044529,0.0153469517
2016-11-15,-0.0005794943,-0.0056339971,0.0022335415,-0.0044059159,-0.0120483080,0.0056615788
2016-11-16,-0.0068595582,0.0059136162,0.0053965429,0.0062959329,0.0052465175,0.0065170366
2016-11-17,0.0065309897,0.0179760234,0.0006685692,-0.0035195358,0.0100375596,0.0010353920
2016-11-18,0.0043521966,0.0031131496,-0.0073659217,0.0037182687,0.0031778685,-0.0044698976
2016-11-21,0.0061222697,-0.0083219951,0.0229476646,-0.0064725977,0.0001383206,-0.0362001510
2016-11-22,0.0100741691,0.0006696394,-0.0174755848,0.0156844087,-0.0009926739,-0.0011652906
2016-11-23,-0.0017629175,0.0242608637,-0.0041694381,0.0105725691,-0.0136085822,0.0054011724
2016-11-24,0.0005556268,0.0221235563,0.0061975198,-0.0034295401,0.0030837508,0.0120424345
2016-11-25,-0.0014932400,-0.0034342547,0.0111916136,-0.0099131462,-0.0106470579,-0.0082898213
2016-11-28,-0.0041462684,0.0143507086,-0.0117502982,-0.0026334002,0.0046980380,-0.0016139428
2016-11-29,-0.0110809646,-0.0025315249,-0.0062756422,0.0144418744,0.0173141244,-0.0027644574
2016-11-30,-0.0003650965,0.0015550879,-0.0179244579,0.0108036866,0.0099997982,0.0102649969
2016-12-01,-0.0100720692,0.0170982025,0.0147071774,0.0039829690,0.0074315952,-0.0012579331
2016-12-02,-0.0090593081,-0.0151101527,0.0048047896,-0.0028395246,-0.0015207390,0.0045676563
2016-12-05,0.0058818239,-0.0105807192,0.0030800038,0.0139772345,0.0074972527,-0.0005922557
2016-12-06,0.0134392755,0.0002980676,-0.0001484462,0.0082516373,0.0054071615,-0.0002553788
2016-12-07,0.0116401191,-0.0172213195,0.0134862550,0.0002201343,0.0030079350,-0.0045297815
2016-12-08,0.0143471861,-0.0041760480,-0.0045008697,0.0111071152,-0.0001760322,0.0044723720
2016-12-09,-0.0064978379,0.0136065455,0.0256777386,-0.0123510156,0.0017802136,-0.0045545786
2016-12-12,-0.0061466361,0.0021388238,0.0047653814,-0.0023333749,-0.0050755528,0.0016685682
2016-12-13,-0.0081765423,-0.0022150663,-0.0056097527,-0.0112763149,-0.0118302598,-0.0035615434
2016-12-14,-0.0103793506,-0.0005157392,-0.0095182877,-0.0037333634,-0.0052403785,0.0013860339
2016-12-15,0.0089054060,0.0030593795,0.0109253774,-0.0044786249,0.0042935492,0.0050083514
2016-12-16,-0.0003435566,0.0061804175,-0.0040574596,-0.0051121739,0.0054236588,0.0070298969
2016-12-19,0.0099597714,0.0045002266,0.0169947611,0.0142259374,0.0082926859,-0.0049839566
2016-12-20,0.0094848139,0.0052203340,0.0024495360,0.0020179701,-0.0007452820,0.0088278170
2016-12-21,-0.0101841209,0.0010029835,-0.0009857845,-0.0139919719,0.0050092625,-0.0098616099
2016-12-22,0.0166125883,0.0059316325,-0.0033615008,0.0016238219,0.0114237565,-0.0015329833
2016-12-23,-0.0018325749,-0.0030291073,0.0052766699,0.0149950666,0.0000151176,-0.0192055604
2016-12-26,0.0103769524,0.0044092600,0.0041633133,-0.0011045759,-0.0238067732,0.0068168440
2016-12-27,-0.0013526870,0.0210655827,-0.0075676650,-0.0016869904,0.0025344774,-0.0011016569
2016-12-28,0.0116875832,-0.0106443651,0.0074445953,0.0002518189,-0.0003986899,0.0007789310
2016-12-29,0.0052091265,0.0055897981,-0.0011529489,0.0056578390,0.0063945029,-0.0097276710
2016-12-30,0.0075500717,-0.0109326784,-0.0014343202,-0.0039711221,-0.0031934024,0.0071602516
2017-01-02,-0.0023766540,-0.0107226494,-0.0049988997,-0.0082869803,0.0083118169,-0.0078106838
2017-01-03,-0.0043687030,0.0042367926,0.0053411830,-0.0069440038,0.0092150897,0.0027529346
2017-01-04,-0.0005340687,-0.0115076711,0.0004625880,0.0073757666,0.0208129162,-0.0011677072
2017-01-05,0.0086893169,-0.0027292953,0.0024547438,0.0067842211,0.0117708057,-0.0040919553
2017-01-06,0.0268911604,0.0012416223,-0.0127595824,-0.0022708104,0.0173596706,0.0169960389
2017-01-09,0.0115353379,-0.0026829178,-0.0140635180,-0.0083414919,0.0128896352,0.0023856366
2017-01-10,0.0136200658,0.0010884610,-0.0115552424,-0.0127718658,0.0018143412,0.0086233879
2017-01-11,0.0142500241,-0.0027916088,0.0010151722,0.0198179502,-0.0071528662,0.0179388630
2017-01-12,-0.0104770284,-0.0095815861,0.0064785681,0.0036485178,0.0091259771,0.0197141615
2017-01-13,0.0036037597,0.0088397490,0.0054063497,0.0253004114,-0.0010544889,0.0116794409
2017-01-16,0.0133233116,-0.0110128932,0.0021319614,0.0036780597,0.0011993400,-0.0094220119
2017-01-17,-0.0024405699,0.0073161218,0.0007118421,-0.0071424603,-0.0153878004,0.0125472029
2017-01-18,-0.0077470977,0.0032417754,0.0087091039,-0.0152386057,-0.0006035842,0.0019243446
2017-01-19,0.0036416630,-0.0146578061,0.0070717983,0.0036287992,0.0120427495,-0.0125738368
2017-01-20,0.0000610049,-0.0059102202,-0.0040220947,-0.0088674781,0.0001260085,-0.0054456390
2017-01-23,-0.0122087941,-0.0039961140,-0.0107977082,-0.0230638189,-0.0103968081,-0.0197596774
2017-01-24,0.0123901732,-0.0252949779,-0.0033868223,0.0041446802,-0.0268993903,0.0011425063
2017-01-25,-0.0038876885,0.0026192996,-0.0011867086,-0.0166779783,0.0026984216,-0.0101919925
2017-01-26,-0.0088600184,-0.0038687572,-0.0067972637,-0.0108065005,-0.0038480860,0.0054057788
2017-01-27,-0.0001200861,-0.0037918575,0.0040010560,-0.0055508136,0.0034573539,-0.0101606387
2017-01-30,-0.0117903487,-0.0044057324,0.0013412179,0.0055744103,-0.0012418135,0.0055534379
2017-01-31,-0.0047427345,0.0045616150,0.0086321846,-0.0083320278,0.0078103321,0.0031577887
2017-02-01,0.0097909851,0.0013228726,0.0121880707,-0.0143213586,-0.0000010657,0.0016631861
2017-02-02,-0.0030980865,-0.0091159232,0.0126620308,-0.0058641823,0.0111313444,-0.0042199848
2017-02-03,0.0245465516,0.0005257492,-0.0084915570,0.0148431423,0.0111017692,-0.0024205791
2017-02-06,0.0042967082,-0.0098759300,-0.0038834946,-0.0039659591,0.0036980790,0.0024264051
2017-02-07,-0.0000178800,-0.0205256526,-0.0108920000,0.0032705258,-0.0040525675,0.0026113968
2017-02-08,0.0038628096,0.0044154303,0.0191610510,0.0039887571,0.0165104262,0.0068574518
2017-02-09,-0.0036933231,0.0085003118,0.0013601691,0.0087875943,-0.0055384135,0.0161983426
2017-02-10,-0.0011804027,-0.0065244908,-0.0097076341,-0.0093551388,-0.0132000127,-0.0191651213
2017-02-13,0.0006348664,0.0062510992,-0.0116402776,-0.0081962125,0.0172697228,0.0117486311
2017-02-14,-0.0105015635,0.0004724462,0.0053636238,0.0171962430,0.0034893885,0.0093955135
2017-02-15,0.0054241700,0.0120968786,0.0019805278,-0.0010481283,-0.0016015589,0.0125682791
2017-02-16,-0.0092724977,-0.0078449818,-0.0003830778,-0.0035933587,0.0047588475,-0.0031567169
2017-02-17,-0.0090038484,0.0039447957,0.0050255937,0.0084866425,-0.0011813649,0.0008963338
2017-02-20,0.0030353628,0.0008314682,-0.0072258856,0.0162816394,0.0096763074,0.0003879722
2017-02-21,-0.0060923396,0.0115515757,0.0005656788,0.0065413092,-0.0204376639,0.0044977053
2017-02-22,-0.0099456941,0.0041594581,-0.0184429991,-0.0074719782,-0.0098386778,0.0061806843
2017-02-23,-0.0001940639,0.0009943027,-0.0058132585,0.0064502923,-0.0143195507,-0.0126312842
2017-02-24,0.0105667289,0.0007015055,-0.0039750179,0.0113209074,0.0004445746,-0.0088121572
2017-02-27,0.0171052626,0.0024774809,0.0013209146,0.0036663529,-0.0024883917,-0.0000412798
2017-02-28,-0.0117479398,0.0054363378,-0.0101677801,0.0068449051,-0.0123761468,0.0022663853
2017-03-01,-0.0116155465,-0.0117804753,0.0031483418,-0.0157306172,-0.0061305399,0.0011835493
2017-03-02,0.0111170965,0.0116775273,0.0098255905,-0.0018039598,-0.0136157532,-0.0130472098
2017-03-03,0.0052593961,-0.0095229372,-0.0162370658,-0.0001102872,-0.0187340088,0.0022741191
2017-03-06,-0.0053964726,0.0186646259,-0.0044434597,0.0160340758,0.0116531855,0.0116591576
2017-03-07,-0.0059183803,-0.0040595919,-0.0001497716,0.0063034634,-0.0084723253,0.0020837040
2017-03-08,0.0008530436,0.0083679200,0.0012229600,0.0180504220,0.0192569536,0.0222653494
2017-03-09,0.0209284357,-0.0011219999,-0.0028612358,0.0146650020,-0.0041824318,0.0088285580
2017-03-10,0.0023631519,0.0055597972,-0.0043647161,0.0137044431,-0.0063975434,0.0026055379
2017-03-13,-0.0062827773,-0.0041254407,-0.0114817428,-0.0064709053,-0.0040262283,0.0003948812
2017-03-14,-0.0111188550,-0.0005752181,-0.0077588315,0.0234990951,0.0062683179,0.0040960804
2017-03-15,0.0119282333,0.0033579378,-0.0032887387,-0.0104858637,0.0066559708,0.0057438054
2017-03-16,0.0011793065,-0.0045492700,-0.0144127125,-0.0062049572,-0.0027291483,-0.0083318240
2017-03-17,-0.0118798280,-0.0074633106,-0.0143385711,0.0116144371,-0.0040800696,0.0002126711
2017-03-20,0.0095047632,-0.0145701152,-0.0018576678,0.0035121600,-0.0125361428,-0.0126780999
2017-03-21,-0.0020211802,-0.0045630537,0.0001493338,0.0003170602,0.0166918557,-0.0070596695
2017-03-22,0.0086387852,0.0007793688,0.0089527371,-0.0137888317,0.0075052792,0.0017423630
2017-03-23,0.0087069726,0.0031341219,0.0036773644,0.0138894986,-0.0067143923,0.0116053170
2017-03-24,0.0019322852,-0.0097530349,0.0021477302,-0.0082933423,0.0132687059,-0.0121610012
2017-03-27,-0.0087522300,0.0051762717,-0.0104083298,-0.0044966271,-0.0061827547,0.0052485928
2017-03-28,0.0011502797,0.0021880625,-0.0117901804,0.0102133899,-0.0079318775,-0.0035039969
2017-03-29,0.0095427515,-0.0013887359,0.0076429567,0.0002908492,-0.0114607217,0.0073153530
2017-03-30,-0.0014019905,0.0116301137,-0.0035150987,-0.0033262774,0.0073133757,0.0199897555
2017-03-31,0.0121969545,-0.0050100317,0.0077957177,0.0065593590,-0.0100602275,-0.0065894499
2017-04-03,-0.0102587921,0.0069339492,0.0087579569,0.0149538990,-0.0007452015,-0.0101946214
2017-04-04,-0.0099521108,-0.0054663800,-0.0208043274,-0.0053511462,0.0059035904,-0.0073987047
2017-04-05,0.0141042732,0.0052493326,0.0234639631,0.0270180315,-0.0063833702,0.0087343349
2017-04-06,-0.0005616438,0.0111155922,-0.0055047332,0.0020946729,0.0050189654,-0.0300338346
2017-04-07,0.0053263996,-0.0060066678,-0.0181468154,0.0209152763,-0.0012649003,-0.0003015618
2017-04-10,-0.0049708504,0.0054780336,0.0100741049,0.0108676706,-0.0010420090,-0.0110903446
2017-04-11,0.0029684427,-0.0082606381,0.0158737902,0.0141416078,0.0055424419,-0.0004788968
2017-04-12,0.0119937464,-0.0028339635,-0.0128930503,0.0109722011,-0.0166885905,-0.0025075194
2017-04-13,-0.0007793027,-0.0131671887,0.0160210501,0.0141417857,0.0056679708,-0.0007709839
2017-04-14,-0.0020899739,0.0119393336,-0.0065832018,0.0068450357,-0.0061608501,0.0097399751
2017-04-17,0.0027136795,-0.0019322950,-0.0112486378,0.0121891636,-0.0027144274,-0.0026225962
2017-04-18,0.0214411887,-0.0016245615,0.0087620094,0.0034636982,-0.0099617604,-0.0122378734
2017-04-19,0.0126835340,-0.0154992181,0.0061825279,0.0099967893,0.0115069444,-0.0209396827
2017-04-20,0.0002074514,0.0201445636,0.0184780219,0.0114903637,0.0149072181,-0.0034059693
2017-04-21,0.0066185972,0.0076601214,-0.0050220001,0.0140505566,-0.0043455501,-0.0006616166
2017-04-24,0.0043382254,0.0101583125,0.0136257105,-0.0011043564,0.0036861074,0.0163928809
2017-04-25,-0.0013174516,0.0082487272,-0.0146244916,0.0047193241,0.0105261979,0.0047459265
2017-04-26,-0.0051700484,0.0101138276,0.0047871227,-0.0094718331,-0.0059685490,0.0001091908
2017-04-27,-0.0032715924,0.0135442624,-0.0010044992,0.0024353099,0.0009254740,-0.0025085883
2017-04-28,0.0231896929,-0.0048656935,0.0019183338,-0.0084050840,-0.0123582439,-0.0000559370
2017-05-01,0.0081435461,0.0066470797,-0.0033290993,0.0085667345,0.0044499444,-0.0206558436
2017-05-02,0.0136326260,-0.0041277563,-0.0170853024,0.0100079140,0.0070130794,0.0089139132
2017-05-03,0.0053336434,0.0059224396,0.0039605150,-0.0013629038,0.0045215851,0.0140071825
2017-05-04,-0.0041365956,-0.0029493531,0.0069924287,0.0044212755,-0.0101250191,-0.0138444475
2017-05-05,0.0139513393,0.0087254916,0.0019163628,0.0274580852,-0.0000171244,0.0150921458
2017-05-08,0.0042541062,-0.0107295832,-0.0055733313,0.0009867668,-0.0073918737,-0.0007994063
2017-05-09,0.0237932951,0.0024265057,-0.0043317985,0.0120717444,0.0011869207,0.0199146718
2017-05-10,0.0211473015,-0.0071683437,-0.0005188090,-0.0025846212,-0.0108941717,0.0000622675
2017-05-11,0.0086380463,-0.0132085533,0.0079403617,0.0017862153,0.0036045229,-0.0102197800
2017-05-12,0.0011552457,-0.0142708873,0.0131704200,0.0054553972,-0.0026734772,0.0115523956
2017-05-15,0.0005265851,0.0096603536,-0.0150466383,-0.0020155392,-0.0046353052,-0.0136150991
2017-05-16,-0.0049513258,0.0126682372,-0.0034361210,0.0020660126,0.0042937702,0.0088898000
2017-05-17,0.0011201074,0.0138639166,0.0042337956,0.0104035234,0.0106995355,-0.0048899236
2017-05-18,0.0016691187,-0.0014414978,-0.0015568234,0.0168526069,-0.0069854713,0.0096018673
2017-05-19,-0.0078526504,0.0094691352,-0.0040770409,0.0133478995,0.0066480441,-0.0114789700
2017-05-22,0.0026226743,0.0153011687,0.0001714098,-0.0018528977,-0.0024348764,0.0089296198
2017-05-23,-0.0074107459,-0.0067584379,0.0036393961,0.0041902380,-0.0211498239,0.0084595270
2017-05-24,-0.0114811641,-0.0022856108,-0.0092475917,0.0044479501,0.0030855256,0.0005346219
2017-05-25,0.0019611378,-0.0204255948,-0.0202410075,-0.0131345537,0.0180866031,-0.0008214417
2017-05-26,0.0000522555,-0.0054337120,0.0040220665,-0.0066969669,0.0168754806,0.0055338409
2017-05-29,0.0033746338,-0.0079616167,-0.0028461003,0.0079107582,-0.0010398484,0.0044593828
2017-05-30,0.0024481331,0.0063215925,0.0084973212,0.0082238124,-0.0011963482,0.0120762911
2017-05-31,-0.0119042386,0.0064058459,0.0098608817,0.0058710317,0.0199989689,0.0070175814
2017-06-01,-0.0083513297,-0.0063198154,0.0097686984,-0.0130389067,-0.0010244462,-0.0041713976
2017-06-02,0.0049591011,-0.0038026674,-0.0163616734,0.0014794630,-0.0029838573,0.0077319964
2017-06-05,-0.0009430829,0.0025159223,0.0040757948,0.0025119851,-0.0027183225,-0.0003336783
2017-06-06,0.0028191461,-0.0038012030,0.0120209377,0.0000166512,0.0099158728,-0.0033901357
2017-06-07,0.0171079894,0.0138486429,-0.0038859094,0.0215627174,-0.0063922790,0.0020356180
2017-06-08,-0.0047474902,0.0033783454,0.0039989300,-0.0051047782,0.0080552835,-0.0030069728
2017-06-09,-0.0010928398,0.0036200954,0.0206406069,0.0090703870,0.0141626391,0.0006107985
2017-06-12,0.0071344919,-0.0022044439,0.0153173831,0.0197575266,-0.0073986173,0.0170703417
2017-06-13,0.0064971487,0.0054490324,-0.0053194864,-0.0050961058,-0.0084397191,0.0083182453
2017-06-14,-0.0048745797,0.0173208585,0.0049699268,-0.0060304069,0.0069095285,-0.0206806963
2017-06-15,0.0097735620,0.0061262848,-0.0016577620,0.0070460171,-0.0016624252,-0.0092583872
2017-06-16,0.0136254542,-0.0018196797,0.0095312827,-0.0065602872,-0.0024365069,0.0059088191
2017-06-19,-0.0043718658,0.0103309427,0.0053673128,-0.0013745137,-0.0094447715,-0.0005804527
2017-06-20,-0.0078295097,-0.0022368003,0.0130625351,-0.0063997722,-0.0034690193,-0.0026983360
2017-06-21,-0.0043739034,-0.0130307171,-0.0095610031,-0.0039585944,-0.0256631218,-0.0080078703
2017-06-22,0.0006523451,-0.0039219946,0.0039492336,-0.0054657446,0.0162321678,0.0025862785
2017-06-23,-0.0001036045,0.0143206313,-0.0002787044,-0.0034545487,0.0101965469,0.0005983372
2017-06-26,-0.0000481795,-0.0087015163,-0.0094015774,0.0058268624,0.0122811499,0.0050302453
2017-06-27,0.0111328331,0.0129423580,0.0089771874,0.0050832036,-0.0109913297,-0.0061223489
2017-06-28,0.0066592326,0.0004773447,0.0146900551,0.0041896124,-0.0037580612,0.0057607434
2017-06-29,0.0109383088,0.0118016541,-0.0003460736,0.0002489465,0.0030910787,-0.0038740042
2017-06-30,0.0009936205,-0.0040420170,0.0070148987,0.0070131038,0.0060028791,-0.0143659727
2017-07-03,0.0088095822,0.0021157608,0.0012140239,0.0020679684,-0.0070596407,-0.0052273163
2017-07-04,0.0101187571,0.0065750075,-0.0027404162,0.0029964176,-0.0213172501,0.0048460396
2017-07-05,0.0052056403,0.0113474181,-0.0153864614,-0.0177161467,-0.0016962770,-0.0028549160
2017-07-06,-0.0006394964,0.0114807528,0.0060388812,0.0109523177,0.0010299378,-0.0046046175
2017-07-07,0.0038498134,-0.0109643045,-0.0117216815,0.0097437018,-0.0143472474,0.0031637571
2017-07-10,0.0156993861,-0.0141754294,0.0144706395,0.0088657551,0.0057983179,0.0148660191
2017-07-11,-0.0030556500,-0.0031311724,0.0020237163,-0.0067506601,0.0061131292,-0.0037860534
2017-07-12,-0.0062445361,0.0045084649,0.0085562486,0.0203290870,-0.0040510393,0.0056126451
2017-07-13,0.0002808730,0.0099747375,-0.0109608474,0.0023259955,0.0083517921,-0.0018850612
2017-07-14,0.0035764521,-0.0003381643,-0.0238898616,0.0080487787,-0.0003093563,0.0068292816
2017-07-17,0.0057694656,-0.0089249215,0.0035076848,0.0051673044,0.0116863039,-0.0163953391
2017-07-18,0.0037853794,-0.0021356065,0.0130397876,0.0097192405,-0.0005768421,0.0193438705
2017-07-19,0.0051853687,-0.0007143357,0.0102588567,0.0135396346,0.0101582007,0.0119637970
2017-07-20,-0.0041793624,0.0091738125,-0.0113492336,-0.0123357385,-0.0152441293,0.0053377233
2017-07-21,0.0049862243,0.0075293983,0.0035375770,0.0081845259,0.0074055130,-0.0083275399
2017-07-24,-0.0001468806,0.0101231958,0.0188103444,-0.0004562679,0.0156287141,-0.0192804279
2017-07-25,-0.0206729097,0.0109171157,-0.0255208766,0.0039552435,-0.0139660121,0.0225113678
2017-07-26,0.0231087500,0.0032974816,0.0043648295,0.0026316272,-0.0018030049,0.0113599507
2017-07-27,-0.0005833826,-0.0061547969,0.0139113741,0.0170646227,-0.0113107932,0.0057148704
2017-07-28,-0.0129862692,-0.0067648082,-0.0162983364,-0.0087088080,-0.0010768756,-0.0125269147
2017-07-31,0.0085169234,0.0242501268,-0.0102369807,-0.0071266455,-0.0079931573,0.0108210006
2017-08-01,-0.0218126577,-0.0124922525,-0.0032109510,-0.0111216063,-0.0143632472,-0.0019728310
2017-08-02,-0.0331903131,-0.0052437237,0.0027492561,-0.0090832739,0.0045833038,-0.0034299267
2017-08-03,-0.0103159882,-0.0126620356,0.0026496860,0.0141336274,0.0074749224,0.0018318951
2017-08-04,0.0098162963,-0.0195930199,0.0196473690,-0.0049060525,0.0208418430,-0.0330486607
2017-08-07,-0.0453231354,0.0094117041,-0.0171969641,-0.0053190771,-0.0017835199,-0.0036770336
2017-08-08,-0.0105220768,-0.0019914103,0.0044975908,0.0074198355,0.0345087060,-0.0156826215
2017-08-09,0.0236716795,0.0080770561,0.0253959288,0.0049252816,-0.0134442764,0.0094195024
2017-08-10,-0.0031494922,0.0102746033,0.0074254470,-0.0132483423,-0.0079037795,0.0191920441
2017-08-11,-0.0005949316,0.0021037333,0.0116698104,0.0049882721,-0.0060057517,-0.0171149276
2017-08-14,-0.0145663908,-0.0136282893,0.0074775951,-0.0067445024,-0.0134705473,-0.0056457317
2017-08-15,-0.0008863897,-0.0165212402,-0.0259743660,0.0180166492,0.0134543748,-0.0022212837
2017-08-16,0.0198527898,0.0104507077,0.0038612720,-0.0065724601,0.0000943078,-0.0224799545
2017-08-17,0.0000914965,0.0040709911,0.0009096857,0.0019597779,0.0035707367,-0.0053152157
2017-08-18,0.0046457769,-0.0064980385,-0.0083013038,0.0119887238,-0.0105796754,-0.0137440088
2017-08-21,0.0050964280,-0.0006264979,0.0204973959,0.0005364393,0.0107965888,0.0146484907
2017-08-22,0.0013394290,-0.0100492878,0.0177783334,0.0136285224,0.0019280022,-0.0094934695
2017-08-23,0.0027286863,-0.0116361776,0.0069606565,-0.0048588616,0.0083179603,-0.0002220767
2017-08-24,-0.0035867503,-0.0053138854,-0.0014924686,0.0103753450,-0.0125015626,0.0195209566
2017-08-25,0.0104776027,-0.0044310620,0.0206397249,-0.0117029223,-0.0062158717,-0.0186475658
2017-08-28,-0.0079467290,-0.0358188968,-0.0022369197,0.0031936184,-0.0092544974,-0.0087394202
2017-08-29,-0.0074265512,0.0205975701,0.0052518654,-0.0097792779,-0.0053974262,0.0207484477
2017-08-30,0.0258021712,-0.0050675521,0.0037886640,0.0291002934,0.0173578407,0.0138522313
2017-08-31,0.0045941212,-0.0108670462,-0.0035932579,-0.0108941677,0.0001504430,-0.0199319385
2017-09-01,-0.0226097748,-0.0013441705,0.0100107692,0.0105758998,0.0092442151,0.0100028218
2017-09-04,0.0050289741,0.0327904781,0.0140507555,0.0141590843,-0.0137764564,-0.0031256812
2017-09-05,-0.0000749645,0.0157013551,-0.0234934176,-0.0099344121,0.0083249234,-0.0054762302
2017-09-06,0.0159111012,0.0084252354,0.0090328427,0.0289452558,0.0071267964,0.0030772781
2017-09-07,0.0027096760,-0.0045426959,0.0103116445,0.0022352265,0.0001829730,0.0085096160
2017-09-08,0.0025113613,0.0063631199,-0.0086755800,-0.0022225720,0.0054742553,-0.0083941644
2017-09-11,0.0005526590,0.0086406911,0.0205852819,0.0177623097,0.0064620294,-0.0170173309
2017-09-12,0.0057905748,-0.0116230448,-0.0346329462,-0.0033681089,0.0060770357,0.0049099004
2017-09-13,-0.0134435616,-0.0077190337,0.0068291145,-0.0081382916,0.0086805445,-0.0047331567
2017-09-14,-0.0071450844,0.0054947800,0.0350183594,0.0134722903,-0.0086279103,0.0096866687
2017-09-15,0.0002231148,-0.0146072629,0.0198867844,-0.0081102371,-0.0024894244,0.0216916256
2017-09-18,0.0037630671,0.0168804198,-0.0126438645,0.0088889105,-0.0074199417,0.0029103561
2017-09-19,0.0031153339,-0.0266466879,-0.0011881619,0.0070055049,-0.0057852765,-0.0038084753
2017-09-20,0.0068236610,-0.0109310976,0.0298615108,0.0163853409,-0.0150214633,0.0022521766
2017-09-21,-0.0254229490,-0.0171544076,0.0166849626,0.0159602222,-0.0171815278,-0.0191664227
2017-09-22,0.0076189663,0.0021658986,0.0073866773,-0.0107367634,0.0003413367,-0.0005910505
2017-09-25,-0.0068197291,-0.0158726642,-0.0167261498,0.0029712210,0.0125589743,0.0191970232
2017-09-26,0.0048314274,0.0124402652,0.0113494843,0.0018914676,-0.0185272462,-0.0008444697
2017-09-27,-0.0097350093,-0.0113618337,-0.0700995225,0.0149522392,-0.0194157984,0.0040527307
2017-09-28,-0.0105728037,-0.0251361798,-0.0370708561,-0.0136210268,-0.0331577851,-0.0082721164
2017-09-29,0.0264471389,-0.0049240211,-0.0157235869,0.0415431222,-0.0242105379,-0.0020389496
2017-10-02,-0.0208113580,-0.0130515865,0.0054694462,-0.0152380739,-0.0328945334,0.0151778784
2017-10-03,-0.0250099246,-0.0348526408,-0.0490348737,-0.0225589762,-0.0302936779,-0.0283178772
2017-10-04,-0.0184878208,-0.0147925324,0.0061393914,-0.0401388205,-0.0209640760,-0.0027270849
2017-10-05,-0.0129190468,0.0305808239,-0.0165357493,-0.0030518763,-0.0111986550,-0.0274590014
2017-10-06,-0.0337808477,0.0155221373,-0.0212360455,-0.0192846285,-0.0176474738,-0.0218348339
2017-10-09,-0.0192535118,-0.0256108985,-0.0063523123,-0.0293208529,-0.0115117750,-0.0115717002
2017-10-10,-0.0211073296,-0.0360726854,-0.0356831907,-0.0065377423,-0.0037274170,-0.0505120683
2017-10-11,0.0183030031,-0.0230675197,0.0030661323,-0.0201768492,-0.0014795231,0.0182136708
2017-10-12,0.0229605062,-0.0210067595,0.0103180771,0.0154401590,-0.0383500455,0.0175846132
2017-10-13,-0.0084966799,0.0016056140,0.0064556093,-0.0090395304,0.0066766130,-0.0128148543
2017-10-16,-0.0305940059,0.0015689560,-0.0332559866,-0.0370233527,-0.0162788701,-0.0351232977
2017-10-17,-0.0378682717,-0.0534414161,-0.0271156949,-0.0257388987,-0.0446868951,-0.0289604555
2017-10-18,0.0158222688,0.0001615088,0.0323399217,-0.0027664733,-0.0551856162,0.0049282924
2017-10-19,0.0052196240,-0.0084525380,-0.0325197746,-0.0237477734,0.0106176294,-0.0045186588
2017-10-20,0.0079169622,0.0041426960,-0.0148819474,0.0254901489,0.0096812020,-0.0073193449
2017-10-23,-0.0370900690,-0.0431062019,0.0161826022,0.0004002186,0.0130994640,-0.0253436640
2017-10-24,-0.0033240465,-0.0126158479,0.0354599891,0.0106981011,-0.0212204253,-0.0089215013
2017-10-25,-0.0214544804,-0.0400717816,-0.0349113538,-0.0692524717,-0.0260656184,-0.0244556628
2017-10-26,-0.0187894478,0.0341909195,-0.0203062337,-0.0414586170,-0.0179513823,0.0302491921
2017-10-27,-0.0072825270,-0.0182188349,-0.0199470638,-0.0075844933,0.0033316817,-0.0181513907
2017-10-30,-0.0060923616,-0.0241609879,-0.0037853077,-0.0031830855,-0.0306800788,0.0039068484
2017-10-31,-0.0223292496,-0.0120730024,-0.0128682224,0.0084418339,-0.0118807481,0.0057398042
2017-11-01,0.0033296605,-0.0135078177,-0.0071515264,-0.0155332900,0.0170270515,0.0004541967
2017-11-02,0.0121890136,-0.0084028328,-0.0128842088,0.0200467973,0.0158842377,0.0176161101
2017-11-03,0.0050052239,0.0047526044,0.0132092268,-0.0225312193,0.0104084404,0.0093845276
2017-11-06,0.0026154783,0.0006589163,-0.0028132560,0.0059353679,0.0117923607,0.0225386193
2017-11-07,0.0025297852,0.0046206625,-0.0027064230,-0.0005433499,-0.0053330522,0.0072895551
2017-11-08,0.0037399447,0.0097892596,-0.0099500641,0.0038172482,-0.0202472486,-0.0090955196
2017-11-09,0.0132082894,0.0130018210,0.0101523142,-0.0029147448,0.0062926882,-0.0132444047
2017-11-10,-0.0085324985,0.0064425333,0.0054375856,-0.0012093426,0.0164635813,-0.0217706896
2017-11-13,0.0055671571,-0.0017193883,0.0024397724,0.0035450366,0.0053631225,-0.0068096470
2017-11-14,-0.0122930361,-0.0112819464,-0.0078681711,0.0204031800,0.0018275542,0.0182456902
2017-11-15,-0.0010773399,-0.0028935261,0.0006255339,0.0157514753,-0.0113484690,0.0074423229
2017-11-16,-0.0066218412,-0.0020913165,0.0150953177,0.0053612305,-0.0102927218,0.0130431261
2017-11-17,-0.0144186902,0.0032843154,-0.0095177308,0.0141180924,-0.0157017937,0.0122047232
2017-11-20,-0.0195872256,-0.0058749296,-0.0032906562,-0.0017211611,-0.0070679110,0.0074171919
2017-11-21,0.0088770487,-0.0218458536,0.0067518998,-0.0015094404,0.0005447907,-0.0112044622
2017-11-22,-0.0085513650,-0.0110793215,0.0047553895,0.0170581097,0.0184650594,-0.0186106650
2017-11-23,0.0204252551,0.0222479242,0.0176809078,-0.0008688259,-0.0025993939,0.0099991907
2017-11-24,0.0194909956,0.0137862707,0.0009770600,-0.0151719367,-0.0057291871,-0.0044605670
2017-11-27,0.0064246461,-0.0037385073,-0.0073531885,-0.0027893084,0.0098146166,0.0126599203
2017-11-28,-0.0007109539,-0.0070210406,-0.0049826309,0.0053197821,0.0029696663,0.0140050203
2017-11-29,0.0050957141,0.0089490689,0.0203617331,0.0158454066,0.0147240183,-0.0049489979
2017-11-30,-0.0003937719,0.0022311815,0.0045397698,-0.0082023807,-0.0009507426,0.0034922143
2017-12-01,0.0086258743,-0.0001801430,0.0058817720,-0.0050704510,0.0180544341,0.0024929118
2017-12-04,0.0088692712,0.0153944305,0.0145157353,-0.0113122273,0.0063354226,0.0058297170
2017-12-05,-0.0137577331,-0.0006135313,-0.0076883222,0.0089979642,0.0018098187,-0.0043706862
2017-12-06,0.0052975203,-0.0148561572,0.0085742178,-0.0140030958,-0.0061892252,0.0134883271
2017-12-07,0.0109603390,0.0083758196,0.0007144382,-0.0030391559,0.0041773530,-0.0183929234
2017-12-08,0.0116319367,-0.0049190050,-0.0002727131,0.0010079536,-0.0014076930,-0.0110874178
2017-12-11,-0.0083960193,0.0050463500,-0.0075183475,-0.0010701416,-0.0099631645,0.0103074443
2017-12-12,-0.0047872130,-0.0109771888,0.0134613025,-0.0054327709,0.0010682263,-0.0097341466
2017-12-13,-0.0025417510,-0.0115909466,-0.0181218219,0.0097628699,0.0108630864,-0.0121519558
2017-12-14,0.0092139756,-0.0029537464,-0.0033303416,0.0057683552,0.0057663967,0.0025447386
2017-12-15,-0.0107666407,0.0124391149,0.0040260345,-0.0078028426,-0.0097162153,-0.0029567004
2017-12-18,-0.0097454559,0.0008918628,-0.0063134007,0.0116113588,0.0057756287,-0.0210843932
2017-12-19,0.0093638198,0.0006630198,0.0086655757,0.0046151671,-0.0010841574,-0.0030750917
2017-12-20,0.0064334795,-0.0003894381,0.0068086369,0.0104716420,-0.0057333408,-0.0235222680
2017-12-21,-0.0209795669,-0.0009409031,-0.0031878144,0.0047034310,0.0027903529,0.0063257284
2017-12-22,0.0157037680,-0.0075266246,0.0073950136,0.0084976056,-0.0062100650,0.0095555581
2017-12-25,-0.0041359428,-0.0001590588,-0.0059016752,-0.0078596886,-0.0061996122,-0.0054137961
2017-12-26,0.0077727126,-0.0029781862,0.0054337356,0.0057887217,-0.0095610189,-0.0074388655
2017-12-27,0.0041271595,-0.0141021769,-0.0187427679,-0.0095115602,0.0104552168,0.0135656776
2017-12-28,-0.0236840004,-0.0150207324,0.0114060909,-0.0167664585,-0.0036661400,0.0004423456
2017-12-29,0.0078688423,-0.0010341241,0.0168681868,-0.0088569067,-0.0076809584,0.0055436668
2018-01-01,-0.0009269872,0.0019464986,0.0063460678,-0.0101271443,0.0048656631,-0.0065057807
2018-01-02,0.0090952201,0.0006274610,-0.0015580607,-0.0097617192,-0.0070569045,-0.0120413297
2018-01-03,-0.0028559094,-0.0035573571,-0.0002346963,0.0035146388,0.0155429221,0.0064197255
2018-01-04,-0.0010143281,-0.0021768478,0.0037187867,0.0055765825,-0.0129533200,-0.0011709614
2018-01-05,-0.0002537297,-0.0016412365,-0.0026468096,-0.0017023306,0.0074945338,-0.0156594829
2018-01-08,-0.0061240829,0.0016383287,0.0048723543,-0.0015136869,0.0039266082,-0.0047940860
2018-01-09,0.0169810676,0.0007634074,0.0055675590,0.0040636901,0.0154021817,-0.0059221200
2018-01-10,-0.0164258122,0.0035331795,0.0087528120,-0.0056945358,-0.0070275450,-0.0003366648
2018-01-11,-0.0016303754,-0.0021869340,0.0133810817,0.0007193012,-0.0107458479,-0.0117493526
2018-01-12,-0.0010356006,0.0037028945,-0.0072301818,0.0156341019,-0.0023466922,-0.0029512880
2018-01-15,0.0159895284,-0.0057365389,-0.0154267581,0.0052524605,0.0007607343,0.0038511273
2018-01-16,0.0150121566,0.0138626539,0.0167115907,-0.0015671024,0.0031406122,-0.0052968502
2018-01-17,-0.0162905960,0.0206180517,-0.0088817058,0.0041422242,0.0011260122,0.0037619072
2018-01-18,0.0085634719,0.0030435389,0.0053018032,0.0189541968,-0.0057862716,-0.0051593500
2018-01-19,0.0243200816,0.0108800022,-0.0000937573,0.0185929652,0.0090566746,-0.0129220878
2018-01-22,0.0193253659,-0.0026793085,0.0008893060,-0.0088009759,0.0039259447,0.0150114647
2018-01-23,0.0088707704,0.0084250397,-0.0067001943,-0.0186830144,0.0002323608,-0.0034895677
2018-01-24,0.0047505101,0.0113829006,-0.0181178433,-0.0014700787,0.0020577510,-0.0058330913
2018-01-25,0.0008118266,-0.0031814448,-0.0053562382,-0.0013183617,0.0004664525,0.0030510650
2018-01-26,0.0115788697,0.0031675114,-0.0081895668,0.0010064320,0.0112685132,-0.0006257623
2018-01-29,0.0004437160,0.0164857409,-0.0002018396,-0.0038964920,-0.0007101860,-0.0002238085
2018-01-30,0.0011892431,0.0157520623,0.0020320258,-0.0063677511,-0.0042998774,0.0119890355
2018-01-31,-0.0016182031,0.0076137394,0.0173959436,0.0001835546,0.0098803701,0.0016267383
2018-02-01,0.0149976351,0.0031262549,0.0125701439,-0.0019777584,0.0027864769,-0.0099075122
2018-02-02,-0.0083773577,0.0018985451,0.0055638379,-0.0177842506,0.0015361316,0.0011551037
2018-02-05,-0.0002104418,0.0090510898,-0.0013675635,0.0124841786,-0.0046059523,0.0178852626
2018-02-06,0.0139300559,-0.0023525129,0.0132852756,-0.0215399220,0.0112754363,0.0036372492
2018-02-07,0.0030102252,-0.0009209181,0.0009674569,-0.0037896409,-0.0140520198,0.0133497381
2018-02-08,-0.0168587383,-0.0006826356,-0.0001712278,0.0057864173,-0.0088880666,-0.0044034820
2018-02-09,0.0142528012,-0.0032641674,0.0026887649,-0.0098696348,0.0081088366,0.0070219786
2018-02-12,-0.0020011135,0.0155189586,-0.0031883055,0.0031182827,-0.0014243646,0.0198297622
2018-02-13,0.0016721720,0.0179905623,0.0042647870,-0.0014471975,0.0040157978,0.0071343020
2018-02-14,-0.0076904655,-0.0035737168,0.0107842156,-0.0108721408,-0.0048378168,0.0087874679
2018-02-15,0.0031088339,0.0027356826,0.0179716595,0.0045025884,0.0073213663,0.0029193434
2018-02-16,0.0098148080,-0.0169565914,0.0161073742,0.0072946711,0.0088946079,0.0016292088
2018-02-19,0.0036386556,0.0067612304,0.0047112991,-0.0051046496,0.0152918949,-0.0052528918
2018-02-20,0.0099139726,0.0131164521,0.0030112226,0.0123927241,0.0139154378,0.0079299326
2018-02-21,-0.0062317317,0.0011001630,-0.0076366981,-0.0044017260,-0.0079146294,0.0055746524
2018-02-22,-0.0111856426,-0.0121505663,0.0068304678,-0.0105721663,-0.0014806027,0.0068881110
2018-02-23,0.0096108173,0.0032221621,0.0091610720,0.0072845400,0.0241545401,0.0046852235
2018-02-26,0.0075429952,-0.0024418626,0.0127710152,-0.0217482994,-0.0040853864,-0.0172195008
2018-02-27,0.0058072544,-0.0119094060,-0.0148834664,-0.0024018141,-0.0029867687,0.0143482878
2018-02-28,0.0053729552,0.0101535605,0.0001751338,0.0101955165,-0.0011515307,0.0089052002
2018-03-01,0.0216901797,0.0117465096,-0.0003735068,-0.0118478683,0.0117613288,0.0003795071
2018-03-02,0.0024497947,-0.0087113550,-0.0048932393,0.0056375453,-0.0177318469,-0.0008301484
2018-03-05,0.0042234297,0.0065815795,-0.0026914322,-0.0085280371,0.0043474199,-0.0055571246
2018-03-06,0.0179579871,0.0070415077,-0.0038870880,-0.0006839576,0.0042307133,0.0002170042
2018-03-07,-0.0056186405,0.0034681442,0.0019111882,-0.0037170664,-0.0163472119,-0.0030110795
2018-03-08,-0.0058528327,-0.0110597438,0.0027954854,-0.0143788008,0.0022815374,-0.0046630980
2018-03-09,-0.0086492773,-0.0140914855,0.0155317284,0.0165214973,0.0010541865,0.0020211936
2018-03-12,0.0129898057,0.0011912152,-0.0145958557,0.0036309313,-0.0191421518,0.0060203494
2018-03-13,0.0034825633,-0.0059701750,0.0150812962,-0.0061704994,0.0154408347,-0.0023103351
2018-03-14,-0.0169747586,-0.0055209897,-0.0270158927,-0.0003431030,-0.0031967630,-0.0008157340
2018-03-15,0.0034146270,-0.0136878917,0.0086155155,-0.0055228862,0.0154654320,0.0085829561
2018-03-16,0.0219600536,0.0138761419,0.0129525655,-0.0023684081,0.0098637486,-0.0046437990
2018-03-19,-0.0005106279,-0.0002911145,-0.0043921405,0.0050459441,0.0072406224,0.0127452889
2018-03-20,-0.0213655688,0.0069233299,-0.0007988748,0.0114311832,0.0043225232,0.0012600096
2018-03-21,0.0059657573,-0.0005030432,0.0131688252,-0.0066192292,-0.0055250966,0.0093340666
2018-03-22,0.0036377206,-0.0033815611,0.0028311704,0.0028607629,-0.0001403876,-0.0015486581
2018-03-23,-0.0012478360,0.0252513337,-0.0111477067,-0.0027193360,0.0189738549,0.0138296113
2018-03-26,0.0130978877,-0.0087959661,0.0069564826,-0.0065460169,0.0089021279,0.0052882898
2018-03-27,-0.0059194648,-0.0042889054,-0.0110604551,0.0086543030,-0.0199966846,-0.0096703084
2018-03-28,0.0058038295,-0.0217922720,-0.0147415381,-0.0022131102,0.0155430919,-0.0126923047
2018-03-29,-0.0004049633,0.0003480449,0.0069458741,-0.0149523714,0.0099330038,-0.0023713822
2018-03-30,0.0206320823,-0.0074732467,-0.0135015544,0.0132064967,-0.0004114409,0.0058160237
2018-04-02,0.0028451878,-0.0006236722,0.0096350257,0.0007590791,-0.0054283820,0.0186438691
2018-04-03,-0.0060470237,0.0008523631,-0.0028837975,0.0011162966,-0.0012529007,-0.0006068750
2018-04-04,-0.0022236144,-0.0073785528,0.0007756570,-0.0034764906,-0.0006519170,-0.0060762325
2018-04-05,0.0052402167,0.0005479778,0.0128255631,0.0024104499,-0.0033383840,-0.0062677828
2018-04-06,-0.0049171152,-0.0026442603,-0.0058344528,0.0080461837,0.0190739976,0.0162405249
2018-04-09,0.0116626881,0.0086173741,0.0119529719,0.0186656474,-0.0165924817,0.0042632332
2018-04-10,-0.0014759378,-0.0017058500,0.0145688333,-0.0208800881,-0.0126084371,-0.0065452739
2018-04-11,0.0218319029,0.0097652308,0.0012847181,-0.0038414824,-0.0030146496,-0.0099210269
2018-04-12,0.0094309010,0.0013822221,-0.0019392899,-0.0112831305,0.0095218362,0.0103625105
2018-04-13,0.0096490081,0.0028885048,-0.0025334148,-0.0174174681,0.0085416498,-0.0170917987
2018-04-16,0.0009753886,0.0114303549,0.0152176445,0.0036890966,0.0117521058,0.0022896758
2018-04-17,-0.0000828035,-0.0066487948,0.0031857011,-0.0001537091,0.0168754060,0.0041426771
2018-04-18,0.0036642971,-0.0049528111,0.0174542774,-0.0205813400,-0.0027729097,-0.0103250036
2018-04-19,-0.0190134900,0.0226993945,0.0227277616,-0.0015593156,-0.0014909949,-0.0156743051
2018-04-20,0.0035420680,0.0129789450,0.0156884413,0.0033450447,0.0177215030,-0.0050089880
2018-04-23,0.0037064585,0.0030989313,0.0082234251,-0.0074009913,0.0012680817,-0.0091063683
2018-04-24,-0.0048446488,-0.0060486273,0.0006240974,0.0117140811,0.0110579581,0.0191193669
2018-04-25,-0.0084955047,-0.0030304029,0.0067891530,0.0069280603,0.0093646641,-0.0086587890
2018-04-26,0.0060487684,-0.0005815984,0.0166774802,-0.0079072075,0.0000673793,-0.0030337385
2018-04-27,-0.0055661218,0.0315209317,0.0084214859,0.0092590046,-0.0090463333,-0.0090861757
2018-04-30,-0.0076639298,0.0098739869,0.0142925415,0.0080982258,0.0080652046,-0.0132838233
2018-05-01,0.0118903699,0.0125811831,-0.0079469348,0.0026313196,0.0235459094,-0.0085368549
2018-05-02,-0.0084482399,-0.0017054844,-0.0010149516,0.0087795588,-0.0074551842,0.0032837498
2018-05-03,0.0025079324,-0.0108234063,-0.0145675599,-0.0124614316,-0.0012494058,-0.0041096965
2018-05-04,0.0016276110,0.0044698342,-0.0037781562,0.0027263689,-0.0155855686,-0.0071573829
2018-05-07,0.0140081821,-0.0007824784,-0.0029701335,0.0121296724,0.0002733226,0.0063360490
2018-05-08,0.0054856057,0.0011431501,0.0054937552,-0.0005451110,-0.0124342703,-0.0004924971
2018-05-09,0.0080627261,0.0008322763,0.0072960247,0.0002841497,0.0052712364,-0.0070531560
2018-05-10,0.0023752548,-0.0040863892,0.0032055321,-0.0002075062,-0.0087539339,-0.0141950027
2018-05-11,0.0005973344,-0.0025303053,-0.0051804054,0.0012810404,0.0124411385,0.0013901808
2018-05-14,-0.0002379084,0.0148331412,-0.0053233065,0.0049490738,-0.0036497024,0.0085320789
2018-05-15,0.0191799650,0.0062924393,-0.0053700996,0.0061744039,0.0128295051,0.0024633799
2018-05-16,-0.0065346333,-0.0044177636,0.0045676753,-0.0096197810,0.0040869503,0.0064902211
2018-05-17,-0.0010320290,0.0033914924,-0.0069567767,0.0010284674,0.0102873122,0.0026036437
2018-05-18,-0.0003505685,0.0112297309,0.0060603520,-0.0068854690,-0.0123971629,0.0080795205
2018-05-21,-0.0120889840,0.0105556569,-0.0028421609,0.0181394357,0.0099198245,-0.0071817739
2018-05-22,-0.0036127440,0.0097195056,-0.0139990671,0.0009440752,-0.0003222810,-0.0098127573
2018-05-23,-0.0094944154,-0.0001001973,0.0048210775,-0.0140696256,0.0042340164,0.0137299833
2018-05-24,-0.0055722373,-0.0009155537,-0.0002507654,0.0125018140,-0.0025133140,-0.0001964756
2018-05-25,-0.0034674815,0.0120736898,-0.0042935335,0.0082140448,-0.0160628773,0.0012243852
2018-05-28,-0.0023046084,0.0096836084,0.0070241309,-0.0017874987,0.0089634560,0.0010009186
2018-05-29,-0.0021683889,0.0030798170,-0.0078289651,0.0073591939,-0.0158203526,0.0039311794
2018-05-30,0.0110278786,0.0083231516,-0.0069351366,-0.0008731520,-0.0019114736,-0.0110691575
2018-05-31,0.0117035881,0.0009289129,0.0081447044,0.0104649564,0.0023196370,0.0016689995
2018-06-01,0.0031461215,-0.0067518134,0.0034988119,0.0033918640,-0.0026127200,-0.0051954526
2018-06-04,-0.0072564156,0.0044927361,-0.0028038018,0.0047583311,0.0081904496,0.0066166965
2018-06-05,0.0231318662,0.0114368479,0.0101407808,0.0037933477,-0.0029038495,0.0083746679
2018-06-06,-0.0130272978,0.0025624774,0.0036998371,0.0059345374,0.0149350091,0.0038094402
2018-06-07,-0.0003399378,-0.0000446782,-0.0021436575,0.0117642851,0.0189362726,-0.0018904951
2018-06-08,-0.0025705343,-0.0051098699,0.0074774932,-0.0038661985,-0.0059118379,0.0022331282
2018-06-11,0.0066809254,0.0089237924,0.0202087714,0.0011375556,0.0156546617,0.0189780202
2018-06-12,-0.0004848140,-0.0033871720,0.0044391620,-0.0082187515,-0.0046866194,-0.0080963591
2018-06-13,-0.0015337314,0.0033678823,0.0085478370,0.0114880912,0.0097281371,0.0158713382
2018-06-14,-0.0009757197,0.0013410566,0.0171612391,0.0043719114,-0.0081258473,-0.0050571942
2018-06-15,0.0119416604,-0.0042692214,0.0079773080,0.0303924368,0.0023943233,0.0127232315
2018-06-18,0.0234653021,0.0058014508,0.0167800693,0.0032760101,0.0020947603,0.0040096562
2018-06-19,0.0119185954,0.0045904701,0.0022224044,-0.0012729254,0.0030498611,0.0135301158
2018-06-20,-0.0079051991,0.0037077529,-0.0090903833,0.0171666425,-0.0086430046,-0.0009339640
2018-06-21,0.0061989241,-0.0031970657,-0.0042341533,-0.0026371401,-0.0063877229,-0.0076617754
2018-06-22,-0.0004085540,0.0042205416,0.0071783684,0.0068111781,-0.0025231004,0.0071661380
2018-06-25,-0.0055539475,0.0173620134,0.0020612417,0.0027314187,-0.0007435675,0.0101990364
2018-06-26,0.0149858509,0.0019871849,-0.0044743350,0.0099638167,-0.0074356089,0.0056384750
2018-06-27,-0.0089510886,0.0082761938,-0.0188419618,0.0066842402,-0.0011973819,0.0042862606
2018-06-28,-0.0044716535,-0.0097793223,0.0134857261,-0.0018769091,-0.0130469238,0.0066388871
2018-06-29,-0.0012893939,-0.0078386313,0.0009951771,0.0036580254,-0.0050842902,-0.0128783826
2018-07-02,0.0020328722,0.0119312846,0.0038803597,0.0009368980,-0.0062718741,0.0056736260
2018-07-03,0.0087573435,-0.0039552295,0.0033829055,0.0079150044,-0.0017950275,-0.0003356867
2018-07-04,-0.0078182935,0.0066883462,-0.0020641494,0.0127873530,-0.0115316520,0.0036467375
2018-07-05,-0.0040122497,0.0027463011,0.0068945593,0.0145787634,0.0054763528,-0.0056487145
2018-07-06,0.0075641799,-0.0047760021,0.0006646508,0.0062635586,0.0040783003,0.0019920120
2018-07-09,0.0109421067,0.0221509681,-0.0014880059,0.0163244545,-0.0007944020,-0.0038625478
2018-07-10,-0.0111815084,0.0021733381,-0.0108531106,-0.0003404358,-0.0021195730,-0.0117016909
2018-07-11,-0.0178448862,0.0037511621,-0.0076586097,-0.0032235521,-0.0061834012,-0.0031303679
2018-07-12,-0.0034451970,-0.0027512808,0.0034505771,-0.0011074881,0.0077661683,-0.0095965059
2018-07-13,-0.0064537507,-0.0004015066,0.0078525191,-0.0145052799,0.0018159858,0.0066026954
2018-07-16,0.0074014631,-0.0025159273,0.0050401496,0.0081344305,-0.0010653464,-0.0057829202
2018-07-17,0.0079810429,-0.0111468257,0.0075948164,0.0061588974,0.0028239051,-0.0096797446
2018-07-18,-0.0041479124,0.0258167026,-0.0053460631,0.0044488553,0.0001191853,-0.0028141063
2018-07-19,0.0014222903,0.0036749970,0.0174096459,0.0053846615,-0.0088859376,-0.0033949497
2018-07-20,0.0043937092,-0.0178579740,0.0028906329,0.0115751868,0.0113619194,-0.0055523265
2018-07-23,0.0031943021,0.0041440961,-0.0083598827,-0.0108042084,-0.0068562297,-0.0078353822
2018-07-24,-0.0206281295,-0.0028773389,0.0020642863,0.0112194673,0.0086836455,-0.0127690734
2018-07-25,-0.0077562285,-0.0151775852,-0.0043184214,0.0064221873,0.0040548745,0.0138859887
2018-07-26,-0.0103765039,0.0018497014,-0.0093503155,0.0016162719,-0.0095139636,-0.0053380307
2018-07-27,-0.0113833313,-0.0104116959,-0.0023454601,0.0034270459,-0.0109542619,0.0001330068
2018-07-30,0.0099086052,0.0043287724,-0.0034938281,0.0055343884,-0.0054584771,-0.0006845874
2018-07-31,0.0056753680,0.0055722281,-0.0043570163,-0.0163742300,-0.0015851378,-0.0057427918
2018-08-01,-0.0065872666,0.0025925062,0.0097325514,0.0007349551,-0.0020156611,0.0058046296
2018-08-02,0.0093065193,-0.0069049256,-0.0128999654,0.0023756286,0.0062660395,0.0079900248
2018-08-03,0.0160102287,0.0045211395,0.0061681933,-0.0060737733,0.0014371265,-0.0062993797
2018-08-06,-0.0046387107,-0.0214086079,-0.0162948182,-0.0043506052,0.0030664461,0.0036104073
2018-08-07,0.0028729678,-0.0006865985,-0.0071283150,-0.0013895582,-0.0118231357,0.0195664481
2018-08-08,-0.0015764784,0.0103160713,-0.0085194091,-0.0097547535,0.0083020338,0.0046171212
2018-08-09,0.0032822314,-0.0054104998,0.0064606964,0.0154886171,0.0066077883,0.0112459603
2018-08-10,0.0018181761,0.0086904753,0.0111737167,0.0015983460,0.0010119380,-0.0050257294
2018-08-13,0.0013009467,0.0003589637,0.0126501837,0.0084384784,-0.0148325219,0.0158165559
2018-08-14,0.0072758879,0.0043317724,-0.0004423519,0.0056025314,-0.0078465020,0.0055017568
2018-08-15,-0.0100426309,0.0042168506,-0.0012222142,0.0029506158,-0.0014733055,-0.0230652559
2018-08-16,0.0072025368,-0.0137321486,0.0030003956,0.0131862617,-0.0013731632,0.0042673275
2018-08-17,0.0067131877,-0.0138721186,0.0123576843,-0.0041864490,0.0013692783,-0.0072729901
2018-08-20,0.0075352251,-0.0036097580,-0.0135149502,0.0006451117,-0.0017811047,-0.0039688005
2018-08-21,0.0080391248,0.0030752613,-0.0026197592,-0.0053328364,-0.0045604518,-0.0027217516
2018-08-22,-0.0046295604,-0.0043740497,-0.0024238263,0.0156153565,0.0105473336,-0.0153543087
2018-08-23,0.0071021858,0.0227662887,0.0145424353,0.0238289788,-0.0046109858,-0.0065554437
2018-08-24,0.0062206213,0.0102608106,0.0020227444,-0.0085329657,0.0103065474,0.0016312483
2018-08-27,-0.0043649596,0.0131580763,-0.0073380935,0.0045385333,0.0009656814,-0.0121657616
2018-08-28,0.0025651235,0.0007570742,0.0011900255,0.0071085749,0.0093103331,-0.0209069304
2018-08-29,0.0069040897,-0.0003783738,0.0226517534,0.0016022717,-0.0023653707,-0.0047683543
2018-08-30,-0.0106961537,0.0077325417,0.0033155333,0.0116044162,0.0064212310,-0.0083043426
2018-08-31,-0.0003212421,-0.0020921745,0.0136460228,0.0064043447,0.0097723786,-0.0116392617
2018-09-03,-0.0018817298,0.0042504791,-0.0045361207,0.0095027401,0.0018990294,0.0033278120
2018-09-04,-0.0053044444,-0.0051247104,0.0226052339,0.0026564315,-0.0060089820,-0.0000838362
2018-09-05,0.0002458918,0.0042256319,0.0013401128,0.0096658584,0.0020793717,0.0199346096
2018-09-06,-0.0033452802,0.0152402696,0.0100956517,0.0137986252,0.0029602054,0.0055541424
2018-09-07,0.0122097950,0.0034035240,0.0000938440,0.0168148055,0.0000118949,0.0127029378
2018-09-10,0.0164417396,-0.0076891908,-0.0046833219,0.0003651873,-0.0015596422,-0.0023615845
2018-09-11,0.0087395748,-0.0004663029,-0.0150079203,0.0149927782,0.0021219663,-0.0033600902
2018-09-12,0.0009941071,-0.0027284445,0.0020060403,0.0040842916,0.0022573438,0.0081142232
2018-09-13,-0.0183198750,-0.0002358452,0.0099453593,-0.0021351167,-0.0073644554,-0.0107946373
2018-09-14,0.0028809886,-0.0052731919,0.0120977973,-0.0073336053,-0.0132187004,-0.0031759910
2018-09-17,-0.0082820952,-0.0111641584,-0.0041823440,-0.0072154424,-0.0026101749,-0.0147523590
2018-09-18,0.0027612552,-0.0117184010,0.0087064818,0.0049776218,0.0072072351,-0.0191984083
2018-09-19,-0.0153446024,0.0039409525,-0.0293987559,0.0105278476,0.0130155713,0.0066044634
2018-09-20,0.0002843743,0.0050564704,0.0110553039,0.0014041212,0.0015299938,0.0052208407
2018-09-21,-0.0024243589,-0.0094454562,-0.0066598101,0.0115172290,-0.0027499216,-0.0088284700
2018-09-24,-0.0006823397,0.0081433817,-0.0017476737,0.0053850718,0.0135057398,0.0058432567
2018-09-25,-0.0005246129,-0.0035187861,-0.0049414591,0.0218440031,-0.0082912640,0.0024573117
2018-09-26,0.0001742073,0.0138130288,-0.0048048816,0.0040325969,-0.0044825283,0.0166557430
2018-09-27,0.0051948536,0.0026421255,-0.0102980737,0.0094196619,0.0087828329,-0.0089368689
2018-09-28,0.0097379894,0.0035623403,0.0202099887,-0.0064349568,0.0003649268,0.0177842260
2018-10-01,0.0007636709,0.0138291648,0.0156142130,0.0036130149,-0.0011262486,-0.0062076153
2018-10-02,-0.0045559900,0.0158261915,0.0050272783,0.0228967086,-0.0173454656,0.0030803158
2018-10-03,0.0201610508,-0.0150894682,0.0088661883,0.0026412896,-0.0046930118,-0.0032684811
2018-10-04,-0.0024466027,0.0010657118,-0.0104429201,0.0014509628,0.0099553932,0.0022215239
2018-10-05,0.0015547991,-0.0084798671,-0.0155719534,-0.0045046711,-0.0112192615,-0.0004701612
2018-10-08,-0.0046558008,0.0061325437,0.0078093077,0.0241300769,0.0003919321,0.0130159268
2018-10-09,0.0038827240,0.0062083299,0.0029372067,0.0121541900,0.0078420775,0.0113122226
2018-10-10,0.0072071745,0.0057537430,0.0044254844,-0.0041351933,-0.0120597105,-0.0232755265
2018-10-11,0.0097569814,0.0110331455,0.0171475526,-0.0086887234,-0.0005851350,-0.0037402240
2018-10-12,-0.0056326095,-0.0056454683,-0.0021814299,0.0118686512,0.0025237508,0.0015730004
2018-10-15,0.0129871240,0.0116664648,-0.0139911679,0.0014709296,-0.0009799824,0.0039036637
2018-10-16,-0.0129254684,0.0047400661,-0.0002081807,-0.0009341099,0.0111411471,0.0150071154
2018-10-17,0.0153375898,-0.0061879639,-0.0035348568,0.0061879927,-0.0169417493,0.0087878408
2018-10-18,0.0093925255,0.0142594544,0.0136233407,-0.0026380359,0.0048687845,-0.0047329437
2018-10-19,-0.0172641089,0.0157289193,0.0065875392,0.0024228626,0.0090107460,-0.0081479155
2018-10-22,0.0245921758,0.0034536277,-0.0079983486,-0.0211746501,-0.0128369356,-0.0094946689
2018-10-23,0.0054290784,-0.0000208106,0.0005013819,0.0024976570,0.0086007956,-0.0222802528
2018-10-24,0.0057994685,0.0034637148,0.0140016723,0.0140007507,0.0026701459,0.0173741615
2018-10-25,-0.0031627210,-0.0041618744,0.0278965153,0.0111396321,-0.0093910130,-0.0111464201
2018-10-26,-0.0208615299,-0.0080001848,-0.0061671253,-0.0011166727,0.0197273688,0.0066983480
2018-10-29,0.0033659667,0.0032808190,-0.0174904910,-0.0054612337,-0.0074526107,0.0066501006
2018-10-30,0.0145114668,-0.0030342627,0.0049607651,0.0121242057,0.0153662762,0.0078090220
2018-10-31,0.0006074875,-0.0196719596,0.0213143295,0.0004435521,0.0046227800,-0.0089500346
2018-11-01,0.0077218322,-0.0005924446,-0.0031759356,0.0100316340,-0.0036825930,-0.0092397348
2018-11-02,0.0094558916,-0.0135318131,-0.0066120836,0.0068792134,0.0165094078,0.0010327747
2018-11-05,0.0089613488,0.0016550237,-0.0072214769,-0.0000326422,0.0062975216,-0.0166185183
2018-11-06,-0.0140483970,-0.0049972531,0.0070300851,0.0061357727,0.0019526329,-0.0326337946
2018-11-07,-0.0032253189,-0.0036541725,-0.0100998513,0.0182308324,0.0114499931,0.0229246379
2018-11-08,-0.0253462900,0.0191933704,-0.0169615080,-0.0040830446,0.0090540721,-0.0063738991
2018-11-09,0.0075906177,0.0223191287,0.0191051248,-0.0091673625,0.0259950755,0.0081345834
2018-11-12,-0.0129064856,-0.0027193296,-0.0143900376,-0.0128911457,-0.0240933571,-0.0074375954
2018-11-13,-0.0022726922,-0.0193628123,0.0180038644,0.0059134737,0.0155738719,-0.0140779691
2018-11-14,-0.0170792797,-0.0044111950,-0.0068307241,0.0040545490,-0.0158491898,0.0091386336
2018-11-15,-0.0322156918,0.0034196902,-0.0040718247,0.0154011215,0.0040811425,0.0154023051
2018-11-16,0.0025881040,-0.0007300588,0.0142093153,0.0263929103,-0.0023356470,-0.0063667738
2018-11-19,0.0001137469,0.0169110096,-0.0121673383,-0.0028452293,0.0050597443,0.0062239878
2018-11-20,-0.0309995048,-0.0049777196,-0.0337632827,0.0009764086,0.0128708304,-0.0302276204
2018-11-21,0.0063010083,0.0293570725,0.0096771372,0.0022713695,-0.0047680784,0.0034638854
2018-11-22,0.0199767798,0.0129877667,0.0033480359,0.0110268732,0.0081054306,0.0079068256
2018-11-23,0.0211575215,0.0138420916,-0.0303867859,-0.0103765038,0.0051097052,-0.0174449711
2018-11-26,-0.0057356667,-0.0117124380,0.0114650730,0.0164072395,0.0221437363,0.0086831359
2018-11-27,0.0063687331,0.0101549611,-0.0024233904,0.0179782618,0.0110976286,-0.0012124467
2018-11-28,0.0025099843,-0.0098429229,-0.0065203901,-0.0042973262,-0.0062528357,-0.0088969004
2018-11-29,0.0013079287,0.0032021150,0.0039379512,0.0269031110,0.0172766913,-0.0103167902
2018-11-30,0.0233231560,0.0170923029,0.0151236840,0.0145251582,0.0101745284,0.0300376991
2018-12-03,-0.0141477610,-0.0078617568,0.0059484882,0.0028080771,-0.0209613907,-0.0053540417
2018-12-04,-0.0524088802,0.0139209259,-0.0098312001,-0.0177447360,0.0140681487,-0.0080945389
2018-12-05,-0.0214842444,-0.0180264284,-0.0137086544,-0.0167507010,0.0020205076,0.0049325867
2018-12-06,-0.0088507326,-0.0046524290,-0.0067926153,-0.0226142087,-0.0113340834,0.0055505784
2018-12-07,-0.0031066065,0.0114740676,0.0058172702,0.0090427801,-0.0099680096,-0.0139884990
2018-12-10,-0.0066294031,0.0154540952,0.0064225586,-0.0049312893,-0.0170123886,0.0021071253
2018-12-11,0.0273546372,0.0251356493,0.0060349751,0.0217441887,-0.0132545216,-0.0094649100
2018-12-12,0.0204985775,0.0080849229,-0.0274315336,0.0053829757,0.0125755610,-0.0069061449
2018-12-13,-0.0024399087,0.0029520918,0.0088450155,0.0034190444,0.0124423592,-0.0064790704
2018-12-14,0.0328783201,0.0019186875,-0.0127678141,-0.0042719171,-0.0014415068,0.0162363910
2018-12-17,-0.0196525616,0.0122527090,-0.0090633517,0.0064866999,-0.0017011663,0.0254920966
2018-12-18,-0.0117421621,-0.0033038083,0.0150222038,0.0049220016,0.0008998910,0.0124966969
2018-12-19,0.0390743523,0.0261117633,0.0293939837,0.0299576759,0.0176556765,0.0035478182
2018-12-20,-0.0558690106,-0.0377839036,0.0197905283,0.0291118770,-0.0085227462,-0.0112764279
2018-12-21,0.0169986898,-0.0058713733,0.0176489201,0.0089803980,0.0120899670,-0.0107797867
2018-12-24,0.0058078945,-0.0261138617,-0.0174075769,-0.0184499273,-0.0296872895,0.0122077711
2018-12-25,-0.0223912707,-0.0292313699,-0.0474417368,-0.0089568915,-0.0111474280,-0.0147550992
2018-12-26,-0.0181273821,-0.0150360695,0.0319226341,-0.0385879706,-0.0216091715,0.0154982659
2018-12-27,-0.0108338487,0.0015369447,-0.0056507707,0.0037268993,0.0089792104,-0.0111462109
2018-12-28,0.0145776562,-0.0072720513,-0.0020862006,0.0021546136,-0.0019927193,-0.0161796988
2018-12-31,0.0253940995,0.0119552623,-0.0257777861,0.0327606422,-0.0007240857,-0.0083245811
2019-01-01,0.0041724176,-0.0078172088,0.0022678717,0.0139726668,-0.0162163448,-0.0091386061
2019-01-02,0.0182342092,0.0100179681,-0.0245491453,0.0211545558,0.0167583144,0.0330216894
2019-01-03,0.0091006266,0.0095440336,0.0195074640,0.0040720282,-0.0107003800,-0.0089401688
2019-01-04,-0.0065855500,-0.0201451178,-0.0221964337,0.0082252390,0.0019723115,0.0048818241
2019-01-07,0.0098488845,0.0151566618,0.0086001617,-0.0095570679,0.0111908033,0.0077942970
2019-01-08,-0.0044798546,0.0348660857,-0.0038898516,0.0047290311,0.0185495455,0.0163870394
2019-01-09,-0.0067059478,0.0002640324,-0.0132700390,0.0063562065,-0.0045283558,-0.0146828948
2019-01-10,-0.0153479942,-0.0157941961,-0.0183320826,-0.0214542779,-0.0031926927,0.0092039375
2019-01-11,-0.0024774303,-0.0259800044,-0.0265469817,0.0000951234,-0.0153643662,-0.0217572762
2019-01-14,0.0127686407,0.0063104602,0.0265094645,0.0002144718,0.0014388499,-0.0049098503
2019-01-15,-0.0155409392,0.0086892548,0.0014484915,-0.0111192034,-0.0033982127,0.0025705528
2019-01-16,0.0032321058,-0.0029846363,-0.0132018777,0.0130570300,-0.0122074591,-0.0049445984
2019-01-17,0.0106171440,-0.0001047148,0.0046836404,0.0003910090,0.0031666572,-0.0100276248
2019-01-18,0.0034632247,0.0120375209,0.0224721545,-0.0004616655,0.0077335033,0.0087845382
2019-01-21,-0.0115908941,-0.0044550015,-0.0012426906,0.0217710502,0.0037891866,0.0181032671
2019-01-22,-0.0026364478,-0.0031647531,0.0019897387,-0.0107568022,-0.0131460551,0.0068799111
2019-01-23,0.0054409677,0.0028125634,-0.0050274714,0.0019458360,-0.0268938375,0.0017325537
2019-01-24,-0.0141632054,-0.0137018127,-0.0162707739,0.0198383865,-0.0080981186,0.0053278173
2019-01-25,0.0035471283,0.0024811524,0.0216929464,-0.0007688103,-0.0000736994,-0.0059615491
2019-01-28,-0.0074157105,0.0067284440,-0.0100255970,-0.0071374206,-0.0047479007,-0.0035506979
2019-01-29,0.0005000336,-0.0229533267,0.0014512524,0.0300870600,0.0076398379,0.0192664935
2019-01-30,-0.0225410996,-0.0202174344,-0.0147443811,0.0355427610,0.0123188208,-0.0046014953
2019-01-31,-0.0097535725,0.0151663091,0.0015625058,-0.0044121620,-0.0207396316,-0.0057477974
2019-02-01,-0.0244679393,-0.0282873102,0.0236355055,0.0161009513,-0.0279543823,0.0035213793
2019-02-04,0.0116081745,-0.0077671627,0.0131383107,0.0125894746,-0.0202862826,-0.0162812913
2019-02-05,-0.0122646469,-0.0250682350,0.0042621211,0.0032246225,-0.0136254395,-0.0216139618
2019-02-06,-0.0052251912,-0.0325111643,-0.0106619328,0.0082247451,-0.0010085122,-0.0018142629
2019-02-07,0.0191423816,-0.0141793004,0.0013985730,-0.0049434663,0.0355317014,-0.0055584231
2019-02-08,-0.0127699929,-0.0011249357,-0.0117312160,0.0212195427,0.0390265956,-0.0286025856
2019-02-11,0.0150137453,0.0227773075,-0.0002957118,-0.0047679288,0.0073108612,0.0078436259
2019-02-12,0.0073414093,0.0194749568,-0.0006629144,-0.0223317669,-0.0135720825,0.0006819156
2019-02-13,0.0100215186,-0.0034551056,-0.0016951236,0.0004714121,-0.0073897759,-0.0011534386
2019-02-14,-0.0104692593,0.0056376541,-0.0181209985,0.0268204852,-0.0081488063,0.0021054277
2019-02-15,0.0170586561,0.0121001546,0.0187105882,0.0051143034,0.0042666212,0.0097474736
2019-02-18,0.0103994686,-0.0119337729,-0.0065766017,-0.0177064089,0.0147954463,0.0025370034
2019-02-19,0.0318516154,-0.0124063684,-0.0028210619,-0.0005516967,0.0179786887,0.0131665500
2019-02-20,0.0146727454,0.0113262677,-0.0103023852,0.0081289596,-0.0128745033,-0.0149521650
2019-02-21,-0.0162052306,-0.0005359373,0.0024486007,-0.0072914267,-0.0083117326,0.0102321022
2019-02-22,-0.0272521847,0.0077425145,-0.0276613827,0.0169499879,-0.0021357443,-0.0014760712
2019-02-25,-0.0226646981,0.0128573356,0.0192269150,0.0075533891,-0.0261765174,0.0145434689
2019-02-26,0.0143851712,-0.0035130242,0.0117832571,-0.0129772691,0.0122468356,0.0124209952
2019-02-27,0.0033243731,0.0059292359,0.0078525689,0.0139427118,0.0154939589,-0.0071126118
2019-02-28,0.0362882607,0.0019679252,0.0155644553,-0.0041808409,-0.0065689689,0.0160456932
2019-03-01,-0.0078143339,0.0252765594,-0.0052695706,-0.0032892181,-0.0133813227,-0.0060763237
2019-03-04,0.0017778254,0.0277286710,0.0067581082,0.0051154800,0.0084123030,-0.0026587806
2019-03-05,-0.0118512277,0.0094778580,-0.0130055287,-0.0055354591,-0.0008412132,0.0098496415
2019-03-06,-0.0008629349,0.0054180197,-0.0089262679,0.0024760099,-0.0235448331,0.0039563444
2019-03-07,0.0067295384,0.0061711586,0.0193389636,0.0030162947,-0.0063222260,0.0167983249
2019-03-08,-0.0002353178,-0.0049229792,-0.0137549996,-0.0073014420,0.0126332848,0.0155942149
2019-03-11,0.0218599552,0.0099194059,0.0040687086,0.0064043152,-0.0000372425,-0.0034544365
2019-03-12,-0.0144354030,0.0033572294,-0.0120466457,0.0182094481,0.0039500996,0.0158783507
2019-03-13,0.0103896584,0.0068792246,-0.0151386609,0.0010736322,-0.0177580125,0.0295323636
2019-03-14,0.0068027332,-0.0122167532,-0.0274813291,-0.0179871644,-0.0205630872,0.0240501634
2019-03-15,0.0056059247,-0.0134250018,-0.0044702238,0.0088667666,0.0237669548,-0.0083924763
2019-03-18,0.0091764743,0.0128112719,-0.0347844331,0.0190168304,-0.0053450609,-0.0067213885
2019-03-19,-0.0089671495,0.0081387137,0.0010624437,-0.0135856560,0.0187884278,0.0312981859
2019-03-20,0.0253556193,0.0118144001,0.0236850569,-0.0151063228,0.0212119243,0.0109477289
2019-03-21,0.0259353856,0.0013371870,-0.0089781620,-0.0040106967,-0.0025632646,-0.0010284399
2019-03-22,0.0142183381,-0.0076555404,0.0121551572,-0.0075290965,0.0015972626,0.0010210508
2019-03-25,-0.0018637400,-0.0189775896,-0.0234369516,0.0243973321,0.0099219651,0.0241007267
2019-03-26,-0.0112887424,0.0065070018,-0.0014534438,-0.0131114006,-0.0127426176,0.0111154670
2019-03-27,0.0127491119,-0.0021766847,-0.0137544467,0.0034512720,0.0132578415,0.0032150201
2019-03-28,-0.0134112777,-0.0060900807,-0.0181825519,-0.0185691039,-0.0289720776,-0.0020403993
2019-03-29,0.0034760624,-0.0111204048,0.0054959134,0.0268390103,0.0090954706,-0.0091079144
2019-04-01,-0.0189885377,-0.0150724742,0.0018697098,0.0015135570,-0.0195762808,0.0026246633
2019-04-02,-0.0189194976,0.0095822024,0.0203911640,-0.0092589722,-0.0227242542,-0.0208266099
2019-04-03,-0.0156887052,0.0010189341,-0.0002665529,-0.0099272384,-0.0147367366,-0.0273551979
2019-04-04,0.0072157700,0.0013349269,-0.0140948978,0.0117027627,0.0026745198,-0.0240575364
2019-04-05,0.0071055685,0.0118600017,-0.0172070675,-0.0129267391,0.0053970970,-0.0039562091
2019-04-08,-0.0039818150,0.0202610210,-0.0219601577,0.0102501089,-0.0020025704,0.0188685765
2019-04-09,0.0042491077,0.0050487855,0.0220913221,0.0212772903,0.0001599267,-0.0069209746
2019-04-10,0.0204191807,0.0002860189,0.0262878783,0.0227744204,-0.0073693772,0.0135859565
2019-04-11,-0.0018019877,0.0060151853,-0.0075138896,-0.0006566804,-0.0037413694,-0.0043631980
2019-04-12,-0.0344377098,-0.0014294539,-0.0079921322,-0.0043448125,-0.0006823926,-0.0052915189
2019-04-15,0.0169653373,0.0216277998,-0.0316474238,-0.0050239837,0.0062590327,0.0106541459
2019-04-16,-0.0001675499,0.0056404695,0.0225490450,0.0100099619,0.0027553120,0.0186321473
2019-04-17,0.0211119896,0.0040985456,0.0231042699,-0.0050461860,-0.0018613910,-0.0215239946
2019-04-18,0.0001822748,0.0144783704,-0.0131154165,0.0222563812,-0.0002010831,-0.0095434968
2019-04-19,-0.0440154955,-0.0164409149,0.0014979404,0.0304691964,-0.0033629416,0.0079046546
2019-04-22,0.0042739329,-0.0063363304,-0.0053364720,0.0218853155,0.0243789442,-0.0064984776
2019-04-23,-0.0037858319,0.0079774831,-0.0076498792,0.0074800334,-0.0060925696,0.0102720437
2019-04-24,-0.0057236891,0.0043710848,0.0043854685,-0.0133483263,0.0250539190,-0.0176789301
2019-04-25,0.0059730521,-0.0178894491,-0.0044491462,0.0089147938,-0.0014623877,0.0195039655
2019-04-26,-0.0171850945,0.0087661925,0.0006736580,0.0073089076,0.0138792450,0.0074766311
2019-04-29,0.0270260384,0.0051242302,0.0271369399,-0.0100802265,0.0220881748,0.0064368687
2019-04-30,-0.0054135019,-0.0057189878,0.0129800854,0.0024690569,-0.0042997858,-0.0061639221
2019-05-01,0.0026175314,-0.0096711366,-0.0062064927,-0.0165625804,-0.0180513097,-0.0031568617
2019-05-02,-0.0145235396,0.0394110705,0.0051822424,-0.0200153724,-0.0157618201,0.0003152592
2019-05-03,-0.0030927336,0.0093093305,-0.0004995297,0.0018609898,-0.0068100932,-0.0014350776
2019-05-06,-0.0056092694,0.0229668861,0.0231777125,0.0265945154,-0.0201903853,0.0064982123
2019-05-07,0.0105995131,-0.0166578512,-0.0105442549,0.0001373912,0.0359953894,0.0049410070
2019-05-08,-0.0204068530,-0.0263391914,-0.0132088494,0.0055770539,-0.0242122366,0.0161916499
2019-05-09,-0.0160302100,0.0026828284,0.0010110262,-0.0048040525,0.0139648994,-0.0431221342
2019-05-10,0.0087552946,0.0189200351,-0.0115066665,-0.0138186547,0.0112700885,0.0070492428
2019-05-13,-0.0204202426,-0.0196814259,0.0044971896,0.0040388950,0.0282968445,-0.0024279335
2019-05-14,-0.0041228470,0.0061818802,-0.0146529537,-0.0052220582,0.0154642438,-0.0096822035
2019-05-15,0.0071116408,0.0041408876,-0.0107819687,0.0060588421,0.0183600650,-0.0128127987
2019-05-16,-0.0091729584,-0.0095461218,0.0086329162,-0.0147666796,-0.0095561495,0.0041027714
2019-05-17,-0.0069951355,-0.0049421826,-0.0182515157,-0.0000438754,0.0130215216,-0.0082607692
2019-05-20,0.0048224897,0.0163529105,-0.0030776325,-0.0185845543,-0.0037686985,0.0107433888
2019-05-21,0.0068453467,0.0046701990,-0.0121982892,-0.0108965856,0.0327330761,-0.0223605835
2019-05-22,-0.0103662485,-0.0066525647,-0.0032147123,-0.0045710109,-0.0258016380,0.0013473506
2019-05-23,0.0296477420,0.0088332501,0.0031423543,-0.0204337152,-0.0169935250,0.0147172329
2019-05-24,0.0145086104,0.0123570599,0.0000255031,0.0011358787,0.0035629379,0.0225361005
2019-05-27,-0.0308030519,-0.0234951294,0.0117702725,-0.0046744429,-0.0139945736,0.0050585987
2019-05-28,0.0220984836,0.0340149478,-0.0075088988,-0.0091157003,0.0047710188,0.0185248808
2019-05-29,0.0026016058,-0.0033634415,0.0122911321,-0.0141550770,-0.0025411853,-0.0137696102
2019-05-30,-0.0018627581,0.0312472717,0.0019089491,0.0005320150,0.0241201698,-0.0144826994
2019-05-31,0.0177814985,-0.0023874396,-0.0052103187,-0.0005956992,0.0131468133,0.0086769174
2019-06-03,-0.0250604723,-0.0213960176,-0.0219593257,-0.0096004814,0.0051839716,-0.0012804151
2019-06-04,-0.0026655864,-0.0161389058,0.0051820807,0.0033422985,0.0173938572,-0.0365510247
2019-06-05,0.0057640861,0.0054913064,0.0278668647,-0.0028312251,0.0132405745,-0.0036855336
2019-06-06,0.0022564140,-0.0249389972,-0.0288422845,0.0061545742,0.0149361386,0.0181764943
2019-06-07,-0.0021786973,0.0086114570,0.0019462113,-0.0149213760,-0.0079783178,-0.0089762633
2019-06-10,-0.0203014949,0.0040584887,0.0269578222,0.0149201347,0.0224211544,0.0122866148
2019-06-11,0.0142643332,0.0199381332,-0.0301222838,0.0015461147,-0.0300292599,-0.0065230330
2019-06-12,0.0113647727,-0.0098541447,0.0159724515,0.0058335653,-0.0047493908,0.0250920141
2019-06-13,-0.0134391416,0.0080318792,0.0105304674,0.0164046946,-0.0051353470,0.0104944679
2019-06-14,-0.0156471159,0.0149108645,-0.0114103052,-0.0157873912,0.0061118525,-0.0179298832
2019-06-17,0.0213046045,-0.0039484456,0.0158390276,0.0023257171,0.0005466918,0.0142043062
2019-06-18,0.0073755957,0.0319993185,-0.0121281249,0.0066120307,0.0102131798,0.0144075797
2019-06-19,0.0038983576,0.0052446436,0.0052618820,-0.0081075024,0.0101622215,-0.0030675716
2019-06-20,0.0107996209,0.0116483325,0.0042212720,0.0180122871,-0.0000236849,0.0074014021
2019-06-21,-0.0041767875,0.0010812575,0.0110426553,-0.0103328217,-0.0048999516,0.0012645487
2019-06-24,0.0125575429,0.0232612488,-0.0059264207,-0.0101314024,0.0265118852,-0.0095692339
2019-06-25,-0.0012469927,0.0047884570,0.0023285686,-0.0223494087,0.0102329596,-0.0064466454
2019-06-26,0.0001559949,0.0026731297,0.0153915210,0.0002300341,0.0170967823,-0.0153487262
2019-06-27,-0.0080485403,-0.0045487875,0.0002868251,-0.0039542105,0.0045298604,0.0036143295
2019-06-28,0.0056303642,0.0038273256,-0.0248568081,-0.0078502909,0.0015051482,0.0098942950
2019-07-01,0.0127809561,-0.0064704890,-0.0118576729,0.0142009734,-0.0105690906,0.0037089726
2019-07-02,-0.0100372154,0.0039416273,-0.0080685074,0.0017351401,0.0124332780,0.0040506835
2019-07-03,0.0035114696,0.0138513925,-0.0119837924,0.0048905999,-0.0138772214,0.0049126952
2019-07-04,0.0048173762,-0.0087069632,-0.0019284556,0.0164567075,0.0013546441,-0.0132635399
2019-07-05,0.0021183809,0.0097189280,0.0120189456,0.0174780867,-0.0071325610,-0.0018462260
2019-07-08,0.0069318602,-0.0113698171,0.0029496267,-0.0007879926,0.0142573808,0.0112646923
2019-07-09,-0.0171315274,-0.0130555166,0.0129505937,0.0031974804,-0.0030374660,-0.0175781911
2019-07-10,-0.0023577619,0.0108415971,-0.0041220579,-0.0120610947,-0.0043680581,0.0084948068
2019-07-11,-0.0036114747,0.0023030711,0.0134059643,-0.0087215690,0.0008197799,-0.0082589800
2019-07-12,0.0106847999,-0.0031699852,-0.0046581774,0.0021598053,-0.0026804096,-0.0118287045
2019-07-15,0.0021577224,0.0202521374,0.0006746291,-0.0049294800,0.0101535219,0.0022556057
2019-07-16,0.0089948177,0.0117214319,0.0132744275,-0.0040657342,0.0035244367,-0.0187868674
2019-07-17,0.0032984171,-0.0160072882,-0.0051877133,0.0033491655,-0.0085930394,0.0045387210
2019-07-18,-0.0132760777,0.0042092005,0.0054696092,-0.0026115792,0.0105061209,0.0082423245
2019-07-19,-0.0078247845,0.0017017277,0.0180313247,-0.0016399866,-0.0042404209,0.0051315839
2019-07-22,0.0151765201,0.0124320226,0.0039823883,-0.0074389239,-0.0134936143,-0.0054134955
2019-07-23,-0.0030790021,0.0151954259,0.0009075843,-0.0006788619,-0.0025750930,0.0020156752
2019-07-24,-0.0107075184,0.0059553790,0.0015182866,-0.0083362485,0.0068845425,-0.0019496597
2019-07-25,-0.0135652331,-0.0162888311,0.0009510597,0.0106167635,0.0085892536,0.0125508810
2019-07-26,-0.0048793532,0.0007350806,0.0053156103,0.0109752277,0.0099906157,0.0126855181
2019-07-29,0.0003069865,0.0043668719,-0.0035575543,-0.0020517887,-0.0021558962,0.0010413430
2019-07-30,0.0012252252,0.0204783688,0.0036111882,0.0126510817,0.0040513743,0.0143362903
2019-07-31,0.0072907024,0.0121176201,-0.0039785065,-0.0087243843,0.0220517271,0.0092879919
2019-08-01,-0.0084251972,-0.0051055568,0.0070281541,0.0014791963,0.0132078601,0.0109566470
2019-08-02,-0.0072512264,-0.0150131349,0.0057772964,0.0008945583,-0.0132769720,0.0060510061
2019-08-05,0.0054015933,-0.0077709440,0.0016346797,-0.0074234472,-0.0051644215,-0.0029476674
2019-08-06,-0.0026000267,0.0043836730,0.0230570187,0.0042109354,0.0057488859,-0.0086209079
2019-08-07,0.0013087304,-0.0116906425,-0.0010129546,-0.0003015816,-0.0100921790,-0.0069607500
2019-08-08,0.0003723181,0.0096822823,0.0082004763,0.0021208984,0.0016300096,-0.0115809538
2019-08-09,-0.0091986963,0.0251230359,-0.0016190211,0.0138467626,-0.0129500070,0.0014505088
2019-08-12,0.0116746950,-0.0114172966,-0.0164402349,0.0178627707,0.0001756385,-0.0048234064
2019-08-13,0.0009713963,0.0107486350,-0.0021598040,0.0107687382,0.0130574552,-0.0061309393
2019-08-14,0.0018143184,-0.0018694828,0.0028731315,-0.0143887343,-0.0044751805,0.0093037466
2019-08-15,-0.0104721074,0.0115384863,-0.0067337320,-0.0010870259,0.0006380472,-0.0057794110
2019-08-16,-0.0056926236,-0.0207844260,0.0191322028,0.0098473815,0.0049823535,-0.0008328879
2019-08-19,-0.0002926183,0.0136166704,0.0211526515,-0.0043919190,-0.0006750535,-0.0068633668
2019-08-20,0.0141645098,-0.0075803714,0.0047351516,-0.0064727856,0.0100595450,-0.0168828739
2019-08-21,0.0071628589,-0.0183672356,-0.0005578326,0.0100882634,0.0147401310,0.0185235544
2019-08-22,0.0005401049,0.0036610213,0.0148274828,-0.0004966701,0.0080035124,-0.0048229575
2019-08-23,-0.0156754761,0.0114895849,0.0105069507,0.0023140659,0.0042588420,0.0093271378
2019-08-26,-0.0035981149,0.0180711165,-0.0022315372,-0.0002131651,0.0019297527,0.0016821948
2019-08-27,-0.0125468366,-0.0002071786,0.0016019502,0.0045912525,0.0137000692,-0.0028963041
2019-08-28,-0.0165717099,-0.0211089960,0.0140027354,-0.0073856005,-0.0086858025,-0.0042343834
2019-08-29,-0.0034144250,0.0002209402,-0.0017243136,0.0105087390,0.0039086307,-0.0047010831
2019-08-30,0.0128829642,0.0052267461,0.0031431756,0.0054673531,0.0071443560,0.0077436841
2019-09-02,-0.0042683679,-0.0049091234,0.0042770497,0.0010777204,-0.0033196338,0.0015382405
2019-09-03,0.0028682288,0.0083494849,-0.0068632918,-0.0144157373,0.0069012964,0.0084135735
2019-09-04,-0.0049537020,-0.0199586330,0.0060457915,-0.0083562219,-0.0282823129,-0.0022221660
2019-09-05,0.0019121150,0.0061321963,0.0018517667,-0.0166475371,-0.0057354070,0.0117311716
2019-09-06,0.0014555064,0.0050652747,0.0022119832,0.0111355997,0.0054657770,0.0151555101
2019-09-09,-0.0065536257,-0.0034454889,0.0051878263,0.0047645066,-0.0047255742,-0.0055324545
2019-09-10,0.0093925217,0.0107359282,0.0104783314,0.0116534715,-0.0065187976,0.0152535709
2019-09-11,0.0181840186,0.0002018274,-0.0030379282,0.0136058934,0.0117356138,-0.0050006512
2019-09-12,-0.0149643761,-0.0010744900,-0.0023203005,0.0043145702,0.0015073708,0.0110713169
2019-09-13,-0.0056735393,0.0096008587,-0.0085518187,0.0011812262,0.0099764922,0.0006624153
2019-09-16,-0.0100176447,-0.0042448354,0.0111809341,0.0074739738,-0.0010751840,0.0088856251
2019-09-17,-0.0157929686,0.0038655687,-0.0010762035,-0.0081347627,0.0368714824,-0.0032230088
2019-09-18,0.0024370163,-0.0213794817,-0.0182044928,-0.0267308930,0.0011157710,0.0060663348
2019-09-19,0.0449122166,0.0026149800,0.0204116619,-0.0238132278,-0.0067396768,0.0119573782
2019-09-20,-0.0069947154,-0.0084608751,-0.0230201899,-0.0041676936,0.0095199255,0.0049631904
2019-09-23,0.0053519762,0.0400868460,0.0055245976,0.0279795914,0.0042565173,-0.0150353417
2019-09-24,0.0045830820,-0.0157164535,0.0101032309,0.0092900109,-0.0098435759,-0.0094302488
2019-09-25,-0.0241503960,-0.0075505818,0.0235781421,0.0017667109,0.0174825940,0.0204715156
2019-09-26,-0.0155461548,0.0301350943,0.0234497238,-0.0104750616,0.0268981618,-0.0086254637
2019-09-27,0.0042332941,-0.0382790436,0.0138880844,-0.0232302962,0.0141106255,-0.0104726489
2019-09-30,-0.0027752010,-0.0242026613,-0.0102895579,0.0106255358,0.0064082763,0.0007517302
2019-10-01,-0.0136877540,-0.0401506362,0.0132538754,-0.0073176431,-0.0168950309,-0.0330713352
2019-10-02,0.0243801104,0.0020161116,-0.0131320810,-0.0255699971,-0.0179753123,0.0050896361
2019-10-03,-0.0269819065,-0.0080363506,-0.0233534055,-0.0089621818,-0.0028393728,-0.0095356136
2019-10-04,-0.0074955689,-0.0295799314,0.0028493519,-0.0106928535,-0.0057047255,0.0057336577
2019-10-07,0.0105311063,0.0223865010,0.0212280239,0.0083567964,0.0239763617,0.0037306934
2019-10-08,0.0050712925,-0.0040523393,-0.0153904375,0.0156900410,-0.0027804921,0.0009576297
2019-10-09,-0.0027626503,0.0008280188,-0.0086173260,0.0045909313,-0.0038861955,0.0068049653
2019-10-10,0.0072291986,-0.0231688304,0.0037954988,0.0101547850,0.0032660189,-0.0058376379
2019-10-11,-0.0133500107,-0.0237563553,-0.0168164149,0.0326115140,0.0268843492,-0.0332305481
2019-10-14,0.0259880161,-0.0053653617,-0.0425428216,-0.0129409320,0.0002090719,0.0008907540
2019-10-15,0.0016833927,0.0046374027,-0.0208571949,-0.0172110601,-0.0028215312,-0.0179917262
2019-10-16,-0.0023234108,-0.0058492653,-0.0045300114,0.0056545968,-0.0102506113,-0.0228192441
2019-10-17,0.0200758874,-0.0040254890,0.0009193807,0.0431340588,-0.0262453933,0.0437468299
2019-10-18,0.0060144548,0.0149822954,-0.0167515192,0.0022193811,-0.0043877241,-0.0167306247
2019-10-21,-0.0224863722,-0.0304276205,-0.0040764128,-0.0005511403,0.0084638764,0.0075852498
2019-10-22,-0.0246191022,0.0082117260,0.0168877278,-0.0064045968,-0.0095489434,0.0107635783
2019-10-23,-0.0091920119,0.0202317626,-0.0142186136,-0.0036422160,0.0088857392,0.0023333060
2019-10-24,-0.0029036473,0.0255908452,-0.0059089390,0.0120081733,0.0053511628,-0.0003915413
2019-10-25,-0.0151169725,0.0204822039,0.0039275540,0.0086120262,0.0081467802,-0.0020596716
2019-10-28,0.0280020758,-0.0048622584,0.0007151167,-0.0018758059,0.0040443202,0.0226387581
2019-10-29,-0.0214464516,-0.0367682739,0.0034971814,0.0245138634,0.0000947006,0.0086913166
2019-10-30,0.0106325693,0.0193209642,0.0145544686,0.0151470357,-0.0228002488,-0.0080725847
2019-10-31,0.0210509140,0.0044245701,-0.0089919855,-0.0082783486,0.0144416364,-0.0039182986
2019-11-01,-0.0042388171,0.0159965271,-0.0174953918,-0.0171384008,-0.0060225391,0.0029168001
2019-11-04,0.0051768740,-0.0128934911,-0.0161594342,-0.0114053726,-0.0003795057,0.0128252500
2019-11-05,0.0060615505,0.0208104327,-0.0106514872,-0.0093940104,0.0326292755,-0.0060378420
2019-11-06,-0.0266918431,0.0153131098,-0.0086420332,-0.0332534398,-0.0061324485,0.0241348917
2019-11-07,-0.0242348826,-0.0235256098,-0.0021290511,0.0093687978,0.0016458518,-0.0213895742
2019-11-08,0.0029852702,0.0134662465,-0.0051107068,-0.0039672205,0.0151667813,-0.0069036109
2019-11-11,-0.0043513234,-0.0171645895,0.0152120222,0.0021678494,-0.0065957769,0.0100250202
2019-11-12,-0.0208028054,-0.0016651886,0.0100287448,0.0139751464,-0.0129277466,-0.0115952986
2019-11-13,0.0126939976,0.0219442403,0.0228906016,-0.0152373840,0.0145146736,0.0140524550
2019-11-14,-0.0179715000,-0.0253337368,0.0018787237,-0.0108716887,-0.0251886951,-0.0183281249
2019-11-15,-0.0136333808,-0.0058898723,-0.0015564886,-0.0245525182,-0.0284890004,-0.0393868304
2019-11-18,0.0127476788,0.0092406237,-0.0153756769,-0.0222739292,0.0031858039,0.0140871692
2019-11-19,0.0062514680,-0.0110209270,-0.0073100972,-0.0263173431,-0.0232113254,0.0168978978
2019-11-20,0.0147206980,-0.0273597761,0.0155022489,-0.0047100799,0.0181266906,-0.0112509304
2019-11-21,0.0082307464,-0.0062555585,-0.0186931223,-0.0057092371,-0.0158867438,-0.0202202227
2019-11-22,-0.0286766956,-0.0095737707,-0.0242986309,-0.0110718324,-0.0312040786,-0.0191757416
2019-11-25,-0.0244390373,-0.0325495689,0.0123332777,0.0123749489,-0.0038084596,0.0163341012
2019-11-26,0.0093987121,-0.0269495604,-0.0185979103,-0.0149434950,-0.0215185790,-0.0095516961
2019-11-27,0.0097320480,-0.0094625983,-0.0324432792,0.0308891952,-0.0127379403,-0.0299049029
2019-11-28,0.0235787432,-0.0182349761,-0.0195246160,0.0070305958,0.0070914057,-0.0153737607
2019-11-29,0.0133937468,0.0379818916,0.0000578885,-0.0295630342,-0.0126146952,-0.0188523417
2019-12-02,-0.0203265948,-0.0226736317,-0.0447802490,-0.0214919985,-0.0277009858,-0.0065323856
2019-12-03,0.0019921343,0.0219705867,-0.0057303043,-0.0180871497,0.0011979167,-0.0501245798
2019-12-04,-0.0104066875,-0.0355393787,-0.0233598793,-0.0599005303,-0.0206972658,-0.0092031779
2019-12-05,-0.0356105295,0.0069974058,0.0222821095,0.0044853182,0.0196364388,0.0033025638
2019-12-06,-0.0057082674,0.0105018980,0.0066070173,-0.0234684486,0.0005530933,-0.0077970764
2019-12-09,-0.0527979778,-0.0107311437,0.0092611797,0.0033543789,0.0068610204,-0.0311715460
2019-12-10,0.0081618639,-0.0086600567,-0.0030281013,-0.0200584616,0.0076620138,-0.0098960799
2019-12-11,0.0039478698,-0.0075508138,0.0187586847,-0.0237377307,0.0013434644,-0.0220757434
2019-12-12,-0.0080713958,-0.0043663370,-0.0137807955,-0.0288149301,-0.0175090296,0.0277888603
2019-12-13,-0.0155471847,-0.0217245586,-0.0153243104,-0.0106588521,-0.0308856991,-0.0409862706
2019-12-16,-0.0106460212,0.0135085343,-0.0381619815,0.0358143348,-0.0148804755,0.0009692162
2019-12-17,0.0074648931,0.0065313440,-0.0028072319,-0.0176342599,-0.0123763067,-0.0005530891
2019-12-18,-0.0078970429,-0.0223348676,-0.0071399343,-0.0543147419,0.0107014161,-0.0120900969
2019-12-19,-0.0239797659,0.0076475536,-0.0273640621,-0.0202894189,-0.0041708647,0.0066705711
2019-12-20,0.0065086901,-0.0223872504,-0.0061846915,0.0019767937,0.0032804930,0.0138146573
2019-12-23,0.0102624403,0.0209266987,0.0025158568,0.0154223475,-0.0527902977,0.0002272017
2019-12-24,0.0024962883,-0.0029172997,-0.0090244709,-0.0067561036,0.0097445495,-0.0069577443
2019-12-25,-0.0394363176,0.0047171032,-0.0004362347,0.0060216910,0.0083057179,-0.0061881295
2019-12-26,0.0058566969,0.0087939977,0.0231161311,0.0210357354,0.0076418528,-0.0250459102
2019-12-27,-0.0104361595,0.0100031598,0.0123571118,-0.0057925467,0.0180573689,0.0118338521
2019-12-30,0.0286151170,0.0216352027,0.0065971083,0.0065765063,-0.0071398339,0.0167728046
2019-12-31,-0.0244886532,0.0100821384,-0.0128167337,-0.0308181759,0.0037342617,0.0069619924
2020-01-01,-0.0113090408,0.0090200254,0.0135160636,0.0173059694,-0.0010865052,-0.0160106321
2020-01-02,-0.0129653066,0.0061286332,0.0170514659,0.0022914893,0.0113860747,0.0057709078
2020-01-03,0.0054287874,-0.0135889545,0.0207814298,0.0241514327,-0.0203528573,-0.0201385893
2020-01-06,-0.0006686497,0.0060338467,0.0265935331,0.0058250961,0.0000391983,0.0148751391
2020-01-07,-0.0211980214,0.0014776667,-0.0015996733,0.0248455969,0.0097337941,0.0026031103
2020-01-08,-0.0019915275,0.0179820718,0.0024503846,-0.0075489484,0.0011231195,0.0130133891
2020-01-09,-0.0055307772,0.0236949637,0.0037166164,0.0213319497,0.0044743844,-0.0116597854
2020-01-10,0.0059094505,-0.0021734885,-0.0196760318,-0.0015225677,0.0321574756,0.0063565057
2020-01-13,0.0296077207,0.0104735422,0.0327005872,-0.0040355574,-0.0046500987,0.0130881733
2020-01-14,0.0129194649,-0.0032323905,0.0248865521,-0.0059385490,0.0270615512,-0.0123883098
2020-01-15,-0.0025666526,0.0205296552,0.0217777583,0.0127912891,0.0202125787,-0.0000823472
2020-01-16,-0.0472260702,0.0103130481,-0.0007138487,-0.0199661855,-0.0147970981,-0.0010340594
2020-01-17,0.0071370462,0.0061952069,-0.0015581906,0.0126482390,0.0224052642,0.0337219059
2020-01-20,-0.0097919159,-0.0033398523,-0.0197600001,0.0162497665,-0.0060149293,0.0278998860
2020-01-21,0.0436649071,-0.0062501323,0.0148322133,0.0227256337,0.0142127613,0.0383322935
2020-01-22,-0.0125145273,-0.0116439036,-0.0347447528,-0.0022568695,-0.0561609951,-0.0111367288
2020-01-23,0.0159810109,0.0133299083,-0.0258988606,0.0288814644,-0.0163622697,0.0297907158
2020-01-24,-0.0088615373,0.0134083472,-0.0190927849,-0.0000000982,0.0115333726,-0.0311136516
2020-01-27,0.0445826762,-0.0048936022,0.0349836387,0.0252726200,-0.0349203670,-0.0069076602
2020-01-28,-0.0183608212,-0.0092638809,-0.0094432902,-0.0113032162,-0.0167013353,-0.0106805154
2020-01-29,-0.0036923591,0.0136696246,0.0006386253,-0.0098656434,-0.0159037321,-0.0086221746
2020-01-30,-0.0135742048,-0.0011437192,0.0245398361,-0.0076332082,-0.0014335524,0.0133053731
2020-01-31,0.0089563872,-0.0009492441,0.0081587063,0.0037964930,0.0117795229,0.0002800400
2020-02-03,0.0093439673,0.0059926299,0.0132480797,-0.0068554601,-0.0077648446,-0.0084836036
2020-02-04,0.0027124647,0.0049066893,0.0004978904,-0.0084672824,0.0038874590,0.0011490059
2020-02-05,-0.0010435731,0.0006640805,-0.0027760322,0.0061969635,-0.0017181099,0.0087178843
2020-02-06,0.0156167971,-0.0219307713,0.0010150679,0.0277315610,0.0060660314,0.0050544725
2020-02-07,-0.0054682517,-0.0053671347,0.0054337247,-0.0106841036,0.0145691333,0.0080793168
2020-02-10,0.0387102289,0.0098340270,0.0033705790,0.0029544065,0.0021001260,0.0029641658
2020-02-11,0.0028386190,0.0126833020,-0.0132133077,0.0068605706,-0.0029834435,-0.0087163593
2020-02-12,0.0020885585,-0.0039626066,0.0101113479,0.0129662191,-0.0075567804,-0.0033463896
2020-02-13,-0.0037010922,0.0178610406,-0.0044054690,-0.0098437803,-0.0061129537,0.0071854203
2020-02-14,0.0121949946,-0.0073118747,0.0139970498,-0.0024362900,0.0028601034,0.0032568775
2020-02-17,0.0025746633,0.0114848309,-0.0016888704,0.0017391023,-0.0011603591,-0.0080826823
2020-02-18,0.0068336886,-0.0020997098,0.0068562108,-0.0037387498,-0.0023966379,-0.0008025152
2020-02-19,0.0003005762,-0.0021874910,-0.0030317550,0.0142065335,0.0028613231,0.0186432914
2020-02-20,0.0057834691,0.0067738884,0.0264422711,-0.0111512564,0.0144339478,0.0016536919
2020-02-21,-0.0111104086,-0.0083533972,0.0031912482,0.0118911473,-0.0017473629,0.0045571674
2020-02-24,-0.0021223316,0.0057422057,0.0020002589,0.0015039186,0.0015387364,-0.0045566782
2020-02-25,-0.0069507442,-0.0026109925,-0.0144960481,0.0007474600,-0.0093370452,0.0010524132
2020-02-26,0.0031897920,-0.0019385338,-0.0000259501,-0.0022587758,-0.0032788136,0.0074896636
2020-02-27,-0.0035638651,0.0070316381,0.0063313698,-0.0073927411,0.0054356677,0.0005733924
2020-02-28,0.0042524865,-0.0013313125,0.0061732578,-0.0099431086,-0.0127195089,0.0000288497
2020-03-02,0.0142563647,-0.0259807337,-0.0035741314,0.0044325704,0.0137793592,-0.0224574764
2020-03-03,0.0159978038,-0.0083142671,-0.0431213680,-0.0083958774,0.0163627506,0.0055131313
2020-03-04,0.0253866476,0.0109538449,-0.0120838275,0.0059507015,-0.0007319287,0.0025496571
2020-03-05,-0.0079581391,-0.0114444020,-0.0171383929,-0.0175982866,0.0224996840,-0.0049322685
2020-03-06,0.0206868779,0.0295748346,0.0169381271,0.0120574814,0.0125887272,0.0251391469
2020-03-09,0.0164265604,0.0417804891,-0.0432520346,0.0142615518,-0.0101594386,-0.0122223985
2020-03-10,-0.0271077240,0.0131027269,-0.0175474148,0.0114773674,-0.0386195956,-0.0029735019
2020-03-11,-0.0227382978,-0.0331870824,-0.0346842878,-0.0042935796,0.0291109522,0.0123389285
2020-03-12,0.0094213326,-0.0456617985,0.0057639270,0.0253645002,0.0389749603,-0.0169044812
2020-03-13,0.0366202899,-0.0046780073,-0.0166827675,0.0195174569,0.0157219257,-0.0049740241
2020-03-16,-0.0080901499,-0.0281039045,0.0336190464,-0.0015764889,0.0213241118,-0.0276673781
2020-03-17,0.0039327925,-0.0009809053,-0.0286377201,0.0014436344,-0.0243899265,-0.0122968221
2020-03-18,-0.0283812570,-0.0253954043,-0.0066643384,-0.0146544538,-0.0368043213,-0.0150786427
2020-03-19,-0.0139263196,0.0009646680,-0.0228051069,0.0076443207,0.0008832539,0.0101890424
2020-03-20,-0.0462739865,-0.0245143200,-0.0025248351,-0.0070984512,-0.0005696766,-0.0163674634
2020-03-23,-0.0040127310,-0.0305934918,-0.0387058033,-0.0148619292,0.0170798409,-0.0075855754
2020-03-24,0.0157837172,0.0068535776,0.0153601018,-0.0230475008,-0.0271847911,0.0161768418
2020-03-25,-0.0103102505,-0.0170917754,0.0069062255,-0.0208567565,-0.0093880812,0.0009172807
2020-03-26,0.0253001991,-0.0203797371,-0.0104930696,0.0136660938,0.0162034275,-0.0285686217
2020-03-27,-0.0010607800,-0.0014341470,0.0034279656,0.0344260349,-0.0051770862,-0.0309284314
2020-03-30,-0.0120064104,-0.0055531054,-0.0238219778,0.0016962203,0.0004293028,-0.0016632519
2020-03-31,-0.0118980609,0.0024446192,0.0058356087,-0.0269085683,-0.0222506242,-0.0120964326
2020-04-01,0.0080700096,-0.0036839581,-0.0147961279,0.0077596489,-0.0245199199,-0.0063374856
2020-04-02,0.0139106626,0.0135660689,-0.0142353014,-0.0062592858,0.0227053820,-0.0032248984
2020-04-03,0.0096308617,0.0000665583,-0.0210793331,-0.0248211435,-0.0007133107,-0.0091096583
2020-04-06,-0.0278246058,-0.0237611049,0.0121416600,-0.0240785670,-0.0225741003,-0.0262839087
2020-04-07,-0.0142768752,0.0278053464,0.0399310275,0.0032145962,0.0154877127,0.0115476887
2020-04-08,0.0007096380,-0.0387290810,0.0266859223,0.0000685508,-0.0023128875,-0.0152771452
2020-04-09,-0.0176744339,-0.0166780934,0.0009840482,-0.0103877048,-0.0329528367,-0.0289465323
2020-04-10,0.0226353979,0.0232250239,0.0087449327,-0.0139322434,-0.0118714457,0.0014143505
2020-04-13,-0.0113236503,0.0063930324,-0.0098119699,-0.0037259369,0.0141979551,-0.0049217946
2020-04-14,-0.0002106860,-0.0015168658,-0.0046507772,0.0105762443,0.0003036763,0.0016270886
2020-04-15,-0.0001216518,-0.0058766278,-0.0053572560,-0.0053293037,0.0096350963,-0.0005240009
2020-04-16,-0.0188212447,0.0104580818,-0.0063179794,0.0076992572,0.0183849458,0.0069432986
2020-04-17,-0.0035640536,0.0088664720,0.0042260078,0.0038366085,0.0151332297,-0.0064202785
2020-04-20,0.0005977930,-0.0136901071,0.0141736675,0.0103742893,-0.0032360095,0.0022956916
2020-04-21,-0.0113357589,0.0147425612,-0.0091531143,0.0177270077,0.0026147541,-0.0010042273
2020-04-22,-0.0115096215,0.0280553673,0.0101841753,0.0020858793,-0.0141711360,-0.0150137108
2020-04-23,-0.0072172593,0.0118418207,-0.0116766313,0.0034060446,0.0129211130,0.0050006167
2020-04-24,-0.0062784882,-0.0046716596,0.0144799222,0.0123971959,-0.0106880551,-0.0069319865
2020-04-27,0.0058549367,0.0093991447,0.0026455005,0.0068912557,0.0059551881,-0.0115314783
2020-04-28,0.0000931570,0.0086193857,0.0084266118,-0.0237011346,-0.0104024729,-0.0076533991
2020-04-29,0.0179041571,0.0066678948,-0.0171193593,0.0062679743,0.0027769894,0.0075394701
2020-04-30,-0.0107529409,0.0004756441,0.0061296931,-0.0097120922,-0.0073963882,-0.0023411689
2020-05-01,-0.0067061085,-0.0022467577,0.0028477454,-0.0098451032,-0.0100884893,-0.0067729456
2020-05-04,0.0097294307,0.0213333307,-0.0120224691,-0.0026207002,0.0027109097,-0.0064599901
2020-05-05,0.0044523535,0.0082996928,0.0043949198,-0.0019938091,0.0222777778,0.0096748782
2020-05-06,-0.0078946610,-0.0050720706,-0.0103675779,0.0042510153,0.0071608165,0.0206165843
2020-05-07,-0.0011523898,-0.0078497013,-0.0016721138,-0.0011185310,-0.0008971198,-0.0079072437
2020-05-08,-0.0033619968,-0.0102935637,-0.0016321413,-0.0241243739,-0.0058109283,-0.0038744964
2020-05-11,-0.0082519297,0.0130706587,-0.0001850988,-0.0079109789,0.0109825946,-0.0047853296
2020-05-12,-0.0179179779,0.0020841816,0.0003073293,0.0009014168,0.0082113254,-0.0103558714
2020-05-13,0.0063238578,-0.0012468016,0.0074898384,-0.0154434656,-0.0121198371,-0.0016671067
2020-05-14,-0.0111300968,-0.0073221283,-0.0081707419,0.0072166023,-0.0069560623,0.0050766837
2020-05-15,0.0017214020,0.0086785118,0.0087031750,0.0119961565,-0.0002629401,0.0067795799
2020-05-18,-0.0049661779,0.0095956100,-0.0188610981,-0.0082067305,0.0079520658,-0.0055712360
2020-05-19,-0.0086258820,0.0151667561,-0.0084203846,-0.0125805405,0.0072832942,0.0014544575
2020-05-20,0.0058622656,0.0113242957,0.0027376029,0.0071232778,0.0006213718,0.0052821779
2020-05-21,0.0034340969,0.0007925185,-0.0049642121,0.0073678741,-0.0061783476,-0.0069156667
2020-05-22,0.0141402727,0.0008274590,-0.0000660449,-0.0104978192,0.0007954264,-0.0091188535
2020-05-25,0.0101480231,0.0075745360,0.0003989893,0.0112450305,-0.0152096882,-0.0145832766
2020-05-26,-0.0063848196,-0.0129486082,0.0081088287,-0.0015137341,-0.0205879010,0.0001436919
2020-05-27,0.0023994787,0.0004284102,0.0050266064,-0.0127386624,0.0135547409,-0.0038546021
2020-05-28,0.0076523266,0.0003273642,0.0025199105,0.0315057453,-0.0128547329,0.0069052113
2020-05-29,-0.0065099038,-0.0081189192,0.0029056447,-0.0010648774,-0.0017008617,0.0079474866
2020-06-01,-0.0083959438,0.0076953678,0.0064002819,0.0046581507,-0.0013807234,0.0119062851
2020-06-02,-0.0065561372,0.0022035318,0.0268691705,-0.0033144429,-0.0008974789,0.0076629921
2020-06-03,-0.0056250880,-0.0000322662,0.0059031235,0.0119423015,0.0018477592,0.0119656606
2020-06-04,-0.0024842607,0.0183224859,-0.0114013438,0.0108355849,0.0125838145,-0.0134286786
2020-06-05,-0.0032246820,-0.0008114464,-0.0050498273,-0.0042740762,0.0022646636,0.0148159446
2020-06-08,0.0152523596,0.0019616384,0.0035717340,-0.0098342897,0.0143161086,0.0007967930
2020-06-09,-0.0104433427,0.0151041923,-0.0059714793,0.0076333081,-0.0077961767,0.0030806742
2020-06-10,0.0051552584,0.0058700854,0.0074726334,0.0121629581,0.0062871459,-0.0043378702
2020-06-11,-0.0104824111,-0.0047757376,-0.0005779831,-0.0041594991,-0.0117271485,0.0078924060
2020-06-12,-0.0127263398,-0.0055199663,0.0101624997,0.0065450216,0.0050052106,0.0018859287
2020-06-15,0.0042749814,0.0133735358,-0.0000429778,0.0088455335,-0.0064191947,-0.0044783907
2020-06-16,-0.0126041715,-0.0190148285,0.0123752875,-0.0165748642,-0.0029998015,0.0063708679
2020-06-17,0.0048519778,0.0188675458,-0.0084663462,-0.0074489625,0.0097274607,-0.0029044011
2020-06-18,-0.0040041466,0.0007053538,-0.0043946356,0.0046490160,0.0020106476,0.0054957323
2020-06-19,0.0066285268,-0.0013108231,-0.0153030177,0.0006200018,0.0052965260,-0.0080345477
2020-06-22,-0.0161813388,-0.0018501901,-0.0001201819,-0.0170758174,-0.0098016706,-0.0118578014
2020-06-23,-0.0078358899,-0.0017194399,-0.0092244844,0.0085411312,0.0030881804,0.0052228911
2020-06-24,0.0097755473,0.0116239120,0.0038827622,0.0046734418,-0.0025569905,-0.0130143978
2020-06-25,0.0081699786,-0.0063481694,0.0031755669,-0.0009147320,-0.0129233041,-0.0071788093
2020-06-26,-0.0150496704,0.0050305704,0.0055413979,0.0042633065,0.0177462873,0.0012498398
2020-06-29,0.0195354859,0.0069057709,0.0059444096,-0.0100765495,-0.0001225079,0.0089958242
2020-06-30,0.0117939821,-0.0181711146,-0.0007279960,-0.0049797413,0.0055831265,-0.0105761997
2020-07-01,0.0067987846,-0.0010635350,0.0100999607,0.0104853623,-0.0014675999,-0.0006461071
2020-07-02,-0.0021317114,0.0014732894,0.0008777402,0.0150082446,0.0096428215,-0.0021570843
2020-07-03,-0.0044737626,-0.0040229297,0.0093050863,-0.0083837011,0.0031538619,-0.0051099308
2020-07-06,-0.0145974080,-0.0094934220,0.0262600360,-0.0030345863,-0.0075101336,-0.0222298234
2020-07-07,-0.0027371896,0.0015621646,-0.0080020807,-0.0069748833,0.0100535195,-0.0003599064
2020-07-08,0.0049697337,-0.0244278378,-0.0013152863,-0.0141154347,0.0069877374,-0.0190043725
2020-07-09,-0.0024742540,0.0004871373,0.0074929294,0.0043400255,0.0071809883,-0.0143148569
2020-07-10,0.0011175919,0.0007940357,0.0098565798,0.0103337854,-0.0102381614,-0.0086225453
2020-07-13,0.0187304891,-0.0004584112,0.0046988290,-0.0155472496,0.0123392683,0.0075852477
2020-07-14,-0.0030824651,0.0077593568,0.0027772569,0.0165493003,0.0164195399,-0.0025498358
2020-07-15,0.0086073935,-0.0011182575,-0.0033130730,0.0040177817,0.0098692037,-0.0109352320
2020-07-16,0.0071444901,0.0027660393,-0.0024304114,0.0104830717,0.0054430098,0.0027243391
2020-07-17,-0.0030081637,0.0159201337,0.0032820460,-0.0032475645,0.0139780848,-0.0217251836
2020-07-20,0.0092271538,0.0123339141,0.0145624974,-0.0117415934,0.0162031266,0.0028776063
2020-07-21,-0.0015399854,-0.0159384602,-0.0086349173,-0.0093260072,0.0038798443,-0.0092739506
2020-07-22,-0.0016056416,0.0133707116,0.0050836123,-0.0037532122,-0.0138611279,-0.0113329647
2020-07-23,0.0132740986,0.0132094509,-0.0055848006,-0.0034087032,0.0084670380,-0.0179005886
2020-07-24,-0.0058820807,0.0017023961,-0.0114190612,-0.0198410887,-0.0181204037,-0.0007139067
2020-07-27,-0.0048682501,0.0051716131,0.0065773233,0.0129813469,-0.0051076402,0.0043362873
2020-07-28,-0.0076044371,-0.0060337897,-0.0150676855,0.0120737306,0.0084760806,0.0010280892
2020-07-29,-0.0061243702,0.0192742763,-0.0028449806,-0.0045397252,-0.0071306525,0.0137156045
2020-07-30,-0.0145088694,-0.0070666339,0.0070014009,0.0078844684,-0.0014605270,-0.0074992822
2020-07-31,-0.0038147519,-0.0081207367,0.0158188184,0.0097419272,0.0082000033,0.0048725637
2020-08-03,-0.0044961598,-0.0169802374,0.0010624940,0.0032138301,0.0094864877,-0.0014766094
2020-08-04,0.0161479231,0.0071495883,-0.0092173093,-0.0091553905,0.0017423282,-0.0011620923
2020-08-05,0.0040197350,-0.0096120213,0.0105107227,0.0091080515,-0.0162686097,-0.0016735781
2020-08-06,0.0037658491,-0.0080247593,0.0038005665,0.0014482940,0.0110608155,-0.0027887480
2020-08-07,0.0036675949,-0.0056828820,0.0028367011,0.0094725478,-0.0044663121,0.0004581080
2020-08-10,-0.0079459547,0.0016328808,-0.0011885595,0.0038721922,0.0021565417,0.0011684813
2020-08-11,-0.0006620661,-0.0053047723,0.0073343791,-0.0251964006,-0.0130841965,-0.0024458072
2020-08-12,0.0225401212,0.0008061878,0.0089186195,0.0186696484,-0.0048274221,-0.0005747195
2020-08-13,0.0036966205,0.0054810206,-0.0035522073,-0.0073298114,0.0024268526,0.0063111704
2020-08-14,0.0024056491,-0.0060237099,-0.0128105503,-0.0163916641,-0.0124555656,0.0142247979
2020-08-17,-0.0186297097,-0.0289133734,-0.0021822816,-0.0102212231,0.0162367867,0.0044711329
2020-08-18,-0.0253427934,0.0016668227,-0.0004892716,0.0005240513,0.0106051876,-0.0082755888
2020-08-19,0.0109689401,-0.0067790867,0.0017613549,-0.0004267586,0.0123175824,0.0032807126
2020-08-20,0.0068613640,-0.0045211076,-0.0012483617,-0.0037137191,-0.0110549336,-0.0029755491
2020-08-21,0.0013677088,0.0086982801,0.0006429082,0.0094827791,0.0105045355,-0.0096738363
2020-08-24,0.0043257405,-0.0072188999,-0.0024668845,0.0014956947,-0.0119987466,-0.0027245101
2020-08-25,-0.0032697851,0.0120010749,-0.0082601708,-0.0083847176,0.0003711608,0.0075173012
2020-08-26,-0.0106001632,-0.0009915054,-0.0233793427,-0.0076845250,-0.0191750454,-0.0060500796
2020-08-27,0.0128455951,0.0019488534,-0.0165425944,0.0048322593,0.0056782310,-0.0132995242
2020-08-28,0.0007597709,0.0037246306,0.0092971190,0.0158437000,0.0023881182,-0.0094693285
2020-08-31,-0.0114658560,0.0121904412,0.0061885652,0.0118905704,-0.0041554524,-0.0175228154
2020-09-01,0.0198653422,0.0163174698,0.0002280376,-0.0026823911,-0.0040226048,-0.0010984990
2020-09-02,-0.0006909746,0.0197435588,0.0018922320,0.0030767223,-0.0064703170,-0.0064518969
2020-09-03,-0.0131297632,-0.0002649783,0.0068110762,-0.0043110768,0.0011322996,-0.0015113831
2020-09-04,-0.0033207361,-0.0068501869,0.0010362054,0.0072253636,-0.0066505709,-0.0089706699
2020-09-07,0.0073971456,0.0136309121,-0.0120189294,0.0133892926,-0.0027944742,0.0100210226
2020-09-08,0.0071551196,-0.0064736100,0.0079990870,0.0177332504,-0.0048911773,0.0211238167
2020-09-09,-0.0076234270,-0.0010491471,0.0096768686,-0.0093633039,0.0066013844,-0.0097334605
2020-09-10,-0.0062152957,-0.0147745828,0.0111279534,0.0026653210,0.0188521734,0.0021971220
2020-09-11,0.0036952849,0.0108948825,-0.0030520650,0.0065883935,0.0003452090,0.0111420106
2020-09-14,0.0278417080,0.0001528183,-0.0008396462,0.0028349905,0.0040838254,-0.0071355371
2020-09-15,-0.0044316317,0.0109493864,0.0051625601,-0.0092492154,0.0189819614,-0.0071636294
2020-09-16,0.0006190699,-0.0026967747,-0.0088193731,0.0007116591,-0.0033538216,0.0089266492
2020-09-17,-0.0090998655,0.0112656411,-0.0006471161,0.0013841752,0.0105583078,-0.0013777184
2020-09-18,0.0101266876,0.0014613779,0.0139244771,0.0159474742,-0.0027575156,0.0204807406
2020-09-21,-0.0046407728,0.0041297031,0.0166440140,0.0086121313,0.0107007558,0.0009645559
2020-09-22,-0.0040330952,-0.0108701370,0.0089553843,-0.0068525268,-0.0063013512,-0.0029749073
2020-09-23,0.0174364184,0.0133973379,0.0042933353,0.0224617630,-0.0035736520,0.0059486793
2020-09-24,0.0073343969,0.0052862277,-0.0008023896,-0.0017706685,-0.0014325434,-0.0001210351
2020-09-25,-0.0039529856,-0.0022442233,0.0002235754,0.0094759088,0.0068196193,0.0012316136
2020-09-28,-0.0049289294,-0.0040617865,-0.0078220980,-0.0139661896,0.0098044637,0.0054054744
2020-09-29,0.0007328748,0.0053083920,0.0130473573,-0.0177820141,0.0012669990,0.0101762416
2020-09-30,0.0057257039,-0.0081191585,-0.0103866674,0.0002621513,-0.0073917214,0.0133209830
2020-10-01,-0.0016818118,0.0063861654,0.0100071818,-0.0091399980,0.0035915693,-0.0065796428
2020-10-02,-0.0006181087,-0.0042394349,0.0136109827,-0.0104023614,0.0011028914,-0.0225655540
2020-10-05,0.0020635322,-0.0012245245,0.0032975839,-0.0090382629,0.0059738139,-0.0032144374
2020-10-06,-0.0025928075,0.0000950395,-0.0007028734,-0.0008953656,0.0032281981,0.0144346340
2020-10-07,0.0129562625,0.0149242928,0.0078020910,-0.0223945232,-0.0092480160,-0.0066108585
2020-10-08,-0.0094069704,0.0018711225,0.0006857461,-0.0109659071,-0.0003538773,0.0008584053
2020-10-09,0.0134210430,0.0048842242,-0.0171332227,0.0042404705,0.0161080139,0.0051650449
2020-10-12,-0.0017928858,0.0011546238,-0.0025148283,0.0023637858,-0.0019616196,-0.0017521166
2020-10-13,0.0031568575,0.0053071889,0.0011969261,0.0020141688,-0.0042210557,0.0113208950
2020-10-14,0.0004678516,0.0047657067,0.0136394548,0.0054009451,0.0045104972,0.0035811182
2020-10-15,0.0023200943,-0.0123240102,0.0046734316,-0.0019735128,-0.0038787964,0.0006002014
2020-10-16,0.0154069224,-0.0106054626,-0.0031439757,-0.0004998626,-0.0059330713,-0.0054207955
2020-10-19,-0.0005675970,0.0122736456,0.0081434911,-0.0179478935,0.0084719778,0.0037201358
2020-10-20,0.0090140195,0.0064560562,-0.0107673339,0.0144264239,0.0107565214,0.0124768598
2020-10-21,0.0112324319,0.0141860791,0.0083749469,0.0060430090,0.0011549022,0.0100656893
2020-10-22,-0.0180192652,0.0014634762,0.0112098581,0.0053259579,-0.0049718851,-0.0074874290
2020-10-23,-0.0062775788,-0.0041487320,0.0147388213,0.0060924065,-0.0010893470,-0.0107232414
2020-10-26,-0.0006608359,-0.0016879975,0.0058559430,0.0066247133,0.0093018658,0.0106495003
2020-10-27,0.0029117285,-0.0035336792,0.0024089035,-0.0100071040,-0.0174608815,-0.0024530702
2020-10-28,-0.0020014373,0.0176671049,0.0040993274,-0.0097752730,0.0099320448,-0.0107130096
2020-10-29,0.0061787240,-0.0089069209,-0.0102638123,0.0205612781,-0.0060233288,0.0071246458
2020-10-30,-0.0056478777,0.0031927545,-0.0051795743,-0.0016435119,-0.0029202995,0.0025575035
2020-11-02,0.0039231576,0.0069734110,0.0197757429,-0.0083120336,-0.0036087384,-0.0097027377
2020-11-03,-0.0103252126,0.0082628941,0.0006694108,-0.0093040061,0.0015775699,0.0005010232
2020-11-04,-0.0129364457,0.0116058290,-0.0030851073,0.0074364177,0.0012164923,0.0107524590
2020-11-05,-0.0098238932,0.0097460273,0.0014550571,-0.0012987354,-0.0165861712,-0.0053507552
2020-11-06,0.0206907995,-0.0055160224,0.0000040176,-0.0086045424,-0.0003144444,0.0023651888
2020-11-09,-0.0211148824,0.0062007271,-0.0057200194,0.0089646858,-0.0093935547,0.0107069108
2020-11-10,0.0025528201,0.0176291040,-0.0143232095,0.0080016044,0.0038061665,0.0256624252
2020-11-11,0.0000151952,-0.0013400789,-0.0097926263,-0.0079600894,0.0119812791,-0.0162011000
2020-11-12,-0.0097608832,-0.0050091938,0.0038063562,-0.0042601013,0.0009234678,-0.0009857757
2020-11-13,-0.0188839624,0.0062711226,0.0000371709,0.0151865378,-0.0055540231,0.0163135525
2020-11-16,0.0073693604,0.0033362289,0.0092505662,0.0109020723,0.0071324605,0.0008711613
2020-11-17,-0.0099510652,0.0052601124,0.0010572239,0.0069516329,-0.0014714711,0.0086853059
2020-11-18,-0.0000824380,-0.0049116902,0.0035522538,-0.0075391905,-0.0028661116,-0.0016985590
2020-11-19,0.0166057646,0.0115335596,-0.0045615942,0.0068600684,-0.0049598137,-0.0048499942
2020-11-20,-0.0036165892,0.0180012166,-0.0071382302,-0.0057043341,0.0138754910,-0.0143791792
2020-11-23,0.0138752516,0.0063311502,0.0027232124,0.0081295948,-0.0079907481,-0.0169760452
2020-11-24,0.0127007370,-0.0117332439,-0.0113276698,0.0081373074,0.0020361688,-0.0146247919
2020-11-25,0.0048911655,0.0163903094,0.0069027941,0.0026275522,0.0153422321,-0.0121069599
2020-11-26,0.0057502227,0.0041925633,0.0038555482,-0.0124557777,-0.0044851367,0.0043567780
2020-11-27,0.0063799077,0.0056821374,-0.0155058293,-0.0084157823,0.0035664927,0.0058834208
2020-11-30,0.0093144237,0.0038987485,-0.0055088452,-0.0116525915,-0.0168983478,0.0065519402
2020-12-01,-0.0049881828,-0.0020021418,-0.0091809950,-0.0154802236,0.0139650894,0.0078624159
2020-12-02,-0.0088947757,0.0037428487,0.0146285322,-0.0002388728,0.0295135270,0.0135859216
2020-12-03,0.0024319822,-0.0021030035,0.0045515008,-0.0044300855,-0.0088266154,0.0110372273
2020-12-04,0.0006192564,0.0103849458,0.0015112992,0.0021360026,0.0037256447,0.0015474679
2020-12-07,0.0030727532,0.0081047712,0.0037801778,-0.0024344044,0.0008389559,-0.0118984811
2020-12-08,0.0106978862,0.0089633655,-0.0056409083,-0.0038823872,0.0022136138,0.0041269697
2020-12-09,-0.0006029656,-0.0000927443,0.0007238311,-0.0057629282,-0.0002854260,-0.0100474084
2020-12-10,-0.0079743232,-0.0003148740,0.0066531709,-0.0074040630,-0.0077731326,-0.0042836851
2020-12-11,-0.0009016588,-0.0040514594,0.0064158321,-0.0059135600,-0.0134926325,0.0000077597
2020-12-14,0.0066076469,0.0142467134,0.0083334141,-0.0027500671,0.0100925389,0.0026689044
2020-12-15,0.0067784326,0.0071970767,0.0040181201,0.0061903103,0.0055050108,0.0013358214
2020-12-16,-0.0006562357,-0.0068352640,0.0126754217,-0.0084513332,0.0011219897,-0.0063024509
2020-12-17,0.0166357433,0.0152752436,0.0149183099,0.0037916506,0.0030949416,-0.0032320703
2020-12-18,0.0149960813,0.0075502598,0.0050813020,0.0032587032,-0.0017036272,-0.0096095453
2020-12-21,-0.0012127606,-0.0006431875,0.0047715113,-0.0053201619,-0.0006889613,0.0006209862
2020-12-22,-0.0135620807,-0.0117107845,-0.0115798381,-0.0056670791,-0.0002629417,-0.0019707613
2020-12-23,-0.0006091909,0.0058048767,-0.0131030262,-0.0104776921,-0.0097352595,-0.0058265287
2020-12-24,0.0065829612,0.0027573041,0.0060858755,0.0057508641,-0.0009258694,-0.0090417490
2020-12-25,-0.0008951164,0.0119505740,0.0075745012,-0.0091306541,0.0078318582,0.0019565561
2020-12-28,0.0078183136,0.0042291704,-0.0030986246,0.0103136254,0.0198149780,-0.0140974578
2020-12-29,-0.0096319732,-0.0136793139,-0.0004553970,-0.0130762103,-0.0014287552,0.0187461456
2020-12-30,-0.0101043903,0.0151673462,0.0057531085,-0.0039458483,-0.0013567079,0.0091042956
2020-12-31,-0.0024708923,0.0261117471,-0.0101802273,-0.0038904877,-0.0007636386,-0.0027285713
2021-01-01,-0.0084498112,-0.0065001631,-0.0033507955,0.0109453313,-0.0012121039,-0.0021616979
2021-01-04,0.0239641891,-0.0014730252,0.0007795039,-0.0088939365,-0.0034081697,-0.0040695296
2021-01-05,-0.0043348084,-0.0105095659,0.0010714792,-0.0009430468,0.0016402857,0.0006981073
2021-01-06,0.0038470364,-0.0113222457,0.0026119787,0.0208403648,0.0101125900,0.0070156735
2021-01-07,0.0123320523,0.0046627185,-0.0082315467,-0.0124324846,-0.0074247557,-0.0147745593
2021-01-08,0.0050377312,0.0129112275,0.0017958792,-0.0049967760,-0.0083793615,-0.0141048178
2021-01-11,0.0007345459,-0.0137516442,0.0037352069,-0.0009884249,0.0037687437,0.0036168386
2021-01-12,0.0118446054,0.0032531627,0.0113872242,-0.0169726262,0.0086162769,0.0052271454
2021-01-13,0.0014795958,-0.0095599345,-0.0045791092,-0.0068509905,0.0032727666,-0.0011133389
2021-01-14,-0.0010749608,0.0071846178,-0.0070734617,0.0035771502,0.0082872855,0.0157553151
2021-01-15,0.0024183396,-0.0060416909,-0.0239894833,-0.0035702060,0.0021375037,0.0050576077
2021-01-18,0.0049821177,0.0256826107,0.0081486998,0.0163010372,0.0299104397,-0.0091449540
2021-01-19,0.0011872974,0.0177072662,-0.0048519644,0.0250104576,-0.0105039910,-0.0007601361
2021-01-20,0.0272918215,-0.0070257263,0.0011373657,-0.0039391267,-0.0183015397,0.0141299183
2021-01-21,-0.0079937513,-0.0024085295,-0.0279279420,-0.0217711253,-0.0082872302,0.0429235719
2021-01-22,0.0049080339,0.0269669208,-0.0358581320,-0.0065918644,0.0051352958,0.0242132823
2021-01-25,-0.0243090385,-0.0171205408,-0.0014010832,-0.0043126075,-0.0040781509,-0.0084217759
2021-01-26,0.0099337746,0.0103987794,0.0100159572,-0.0324648131,0.0291763706,0.0131780117
2021-01-27,0.0068033531,0.0185202535,-0.0059335919,0.0132422167,0.0026709802,-0.0119979521
2021-01-28,0.0068797580,0.0290499496,-0.0073850675,-0.0166288856,-0.0057816385,-0.0191499181
2021-01-29,0.0007146993,-0.0159070065,0.0167086961,0.0193762692,-0.0073574693,0.0144380258
2021-02-01,0.0232446344,0.0061782313,0.0008159225,-0.0098450648,0.0016934130,-0.0041568526
2021-02-02,-0.0021255083,-0.0095402266,-0.0036303171,-0.0003838891,0.0025159635,-0.0060585048
2021-02-03,0.0188556272,0.0072016660,0.0038565810,0.0142824007,0.0140140793,0.0086280248
2021-02-04,-0.0012098343,0.0012082322,-0.0137500049,0.0016608386,0.0032543296,0.0021210182
2021-02-05,-0.0026636333,0.0001445598,-0.0028511825,0.0061070756,0.0219562822,-0.0000103531
2021-02-08,0.0183102481,-0.0107022584,-0.0037554721,-0.0024032983,-0.0042674135,0.0041584109
2021-02-09,0.0099649577,-0.0068111846,0.0057621709,-0.0009650768,0.0151071189,0.0107738343
2021-02-10,-0.0070411712,0.0093536784,0.0058783958,0.0097508407,0.0117960539,0.0060616944
2021-02-11,0.0051271957,0.0102890244,-0.0139752650,-0.0009825053,-0.0044008927,0.0133774012
2021-02-12,0.0056405676,-0.0031487401,0.0000693175,0.0061234747,0.0028314529,-0.0012830041
2021-02-15,0.0127842038,-0.0040360885,-0.0088612197,-0.0147386445,-0.0029834482,-0.0099430174
2021-02-16,0.0052970042,-0.0040246644,0.0174575462,-0.0096966127,0.0009212861,0.0189480300
2021-02-17,-0.0039608528,-0.0056907193,0.0076931781,0.0026103144,0.0081510281,-0.0145836235
2021-02-18,-0.0110262777,-0.0099616179,0.0117565278,0.0044063047,-0.0049266028,0.0054845456
2021-02-19,-0.0075107873,0.0107839869,0.0096194390,-0.0004939239,-0.0088224489,-0.0035698851
2021-02-22,-0.0126951940,0.0116945353,-0.0098029652,-0.0190728903,-0.0056537902,-0.0017936182
2021-02-23,0.0028941119,0.0060750730,0.0039086405,-0.0117273519,-0.0003947234,-0.0004004007
2021-02-24,-0.0083603387,0.0192379075,-0.0032142173,0.0000736618,0.0090512054,0.0049956054
2021-02-25,0.0022777926,0.0112490909,-0.0096501121,-0.0099121715,-0.0117733766,-0.0062036986
2021-02-26,-0.0185886357,-0.0006849077,0.0031411083,0.0235980177,-0.0075157706,-0.0038500213
2021-03-01,0.0045778201,-0.0047966919,0.0021760672,0.0071286636,-0.0054164271,0.0062040168
2021-03-02,-0.0076998558,-0.0004085436,-0.0189296478,-0.0052052574,0.0096913040,0.0081820948
2021-03-03,0.0000284517,0.0016429023,0.0040756151,0.0122268349,-0.0039311801,0.0064034889
2021-03-04,0.0052386796,-0.0043715981,-0.0059834174,0.0003119527,0.0044339882,0.0065783549
2021-03-05,0.0101181312,0.0132119955,-0.0018107026,-0.0015793850,-0.0008653413,0.0041213407
2021-03-08,-0.0046307632,0.0028008974,-0.0113518210,0.0003864293,0.0109174447,0.0123532242
2021-03-09,0.0022622772,-0.0040409012,0.0035000564,-0.0015206869,0.0052401416,-0.0000796331
2021-03-10,0.0084413569,0.0015650034,0.0058391454,0.0101494672,0.0101783346,-0.0080022707
2021-03-11,-0.0086314315,0.0095956684,-0.0094625770,0.0048650304,-0.0039670641,0.0024617052
2021-03-12,-0.0068146591,0.0125070518,0.0102412795,0.0071173866,0.0098318974,-0.0207092191
2021-03-15,0.0046824206,-0.0185001771,0.0037662586,0.0015313049,-0.0144734706,-0.0102489905
2021-03-16,-0.0082971612,0.0119681782,0.0168686215,-0.0231247475,0.0074818076,-0.0034043735
2021-03-17,-0.0052021726,-0.0130007061,-0.0055411308,0.0233482177,-0.0193868823,-0.0014713831
2021-03-18,0.0002702481,0.0036693140,-0.0021671086,0.0038554835,0.0042232029,0.0036217896
2021-03-19,0.0170329210,0.0239034042,0.0093185731,0.0106074212,0.0018824382,-0.0039786069
2021-03-22,0.0096294114,0.0158229143,0.0157428719,-0.0094829823,0.0047727978,0.0006306044
2021-03-23,-0.0193909329,-0.0145285209,-0.0020100195,-0.0013267926,0.0038751457,-0.0042012357
2021-03-24,0.0052728838,-0.0004224203,-0.0064810574,0.0041776760,0.0107291480,-0.0084953401
2021-03-25,-0.0135986669,0.0019813109,0.0048024268,-0.0150606653,0.0075775390,-0.0034480595
2021-03-26,0.0052244731,0.0068487866,0.0031436034,0.0124476569,0.0069720911,0.0075920270
2021-03-29,0.0103871152,-0.0090311448,0.0039901715,0.0095498265,0.0063807285,0.0008826515
2021-03-30,0.0000760156,0.0127099889,0.0087933805,0.0134106988,-0.0088981977,-0.0032915607
2021-03-31,0.0051994061,-0.0110679045,-0.0015215620,0.0240063400,0.0136482661,-0.0184158607
2021-04-01,-0.0140239761,0.0114057847,0.0027126218,0.0093179652,0.0015241563,-0.0034533340
2021-04-02,0.0042682377,-0.0053694216,0.0130915897,-0.0018937462,0.0125596737,-0.0060456765
2021-04-05,0.0013442268,0.0007034407,-0.0076092067,0.0121378906,0.0101783864,-0.0039776958
2021-04-06,0.0205337644,0.0045268025,0.0118832007,0.0196485008,0.0023831690,0.0085104482
2021-04-07,0.0006732306,0.0067859530,-0.0114207100,0.0201081923,0.0172056122,0.0117612172
2021-04-08,0.0007454181,0.0235986140,-0.0045146375,0.0098868352,-0.0031333350,0.0081376911
2021-04-09,-0.0114108259,0.0009252103,0.0037438277,-0.0001346987,0.0019607356,0.0075230393
2021-04-12,-0.0020091300,-0.0023781322,-0.0033582841,0.0067615626,0.0186405222,-0.0027585260
2021-04-13,-0.0169584932,-0.0021405661,0.0067244338,0.0074910983,0.0117582792,0.0011586911
2021-04-14,0.0012619976,-0.0131336716,0.0118209873,0.0015746974,0.0050448760,-0.0042536970
2021-04-15,0.0155134709,-0.0175392185,-0.0071701722,0.0005878909,-0.0114688907,-0.0113588505
2021-04-16,0.0123154467,0.0147095253,-0.0047599993,0.0043364485,0.0014084481,0.0048386577
2021-04-19,-0.0045958062,-0.0099291777,-0.0001664011,-0.0170157186,0.0084985603,-0.0077833505
2021-04-20,0.0142826848,0.0075801126,-0.0147046297,0.0127314791,0.0053411974,-0.0014320684
2021-04-21,-0.0056228254,-0.0075904048,0.0072273972,0.0120838397,0.0001668979,-0.0071805536
2021-04-22,-0.0043614315,-0.0077234590,-0.0102379256,0.0049907562,-0.0059994150,0.0079383599
2021-04-23,-0.0001520380,0.0195842332,-0.0106440808,-0.0108447935,0.0091330683,-0.0107493248
2021-04-26,0.0037107896,0.0025152547,0.0140026960,-0.0034427203,0.0005581008,0.0276508313
2021-04-27,-0.0070974680,0.0086427684,0.0043031497,0.0001506834,0.0094573331,0.0059486386
2021-04-28,0.0023378323,-0.0028268670,0.0024343347,-0.0007745491,0.0054393381,0.0032248507
2021-04-29,0.0020592127,0.0186233558,-0.0055073796,0.0082543861,0.0057693328,-0.0184219062
2021-04-30,-0.0130724127,-0.0106300618,0.0036721189,-0.0018713042,-0.0065995894,-0.0197450768
2021-05-03,-0.0066132209,-0.0054079451,0.0183327035,0.0031790794,0.0187016657,-0.0052177375
2021-05-04,0.0032538658,0.0009252909,-0.0033334352,0.0035715334,0.0014677362,0.0131108479
2021-05-05,0.0122715759,-0.0060036574,0.0087321867,0.0211944538,0.0064368744,-0.0017765838
2021-05-06,0.0007624872,0.0142899414,-0.0135180236,0.0145150936,-0.0051925465,-0.0040707325
2021-05-07,-0.0047053211,0.0049936101,-0.0100801559,0.0235602956,0.0005908950,0.0025631348
2021-05-10,0.0035505089,-0.0099479482,-0.0053957085,-0.0105475191,-0.0027149130,0.0071086242
2021-05-11,0.0242610732,0.0005788322,-0.0049935097,-0.0190272701,0.0125414820,-0.0182996169
2021-05-12,-0.0263224146,0.0179876458,0.0105639546,-0.0231686429,0.0078652640,0.0143805224
2021-05-13,-0.0049222410,0.0011929900,-0.0210058926,-0.0065884925,-0.0244460350,-0.0279571284
2021-05-14,0.0114638364,0.0025428099,-0.0287368111,0.0112566962,-0.0007599136,0.0063277279
2021-05-17,0.0018148540,0.0187941538,0.0003047214,-0.0083042120,-0.0133323924,0.0101534418
2021-05-18,0.0028987551,0.0052447339,0.0077409693,0.0084445060,0.0199076565,0.0197148800
2021-05-19,-0.0247517902,0.0079108125,0.0261130921,0.0119399061,-0.0210683206,0.0178274958
2021-05-20,-0.0037535733,-0.0056762285,-0.0097171413,0.0153139756,-0.0232375016,0.0095679389
2021-05-21,-0.0076990063,0.0099598511,0.0024347527,-0.0138450437,-0.0222711479,-0.0040105269
2021-05-24,-0.0058959145,-0.0217946810,-0.0160967373,0.0055426526,-0.0003667760,-0.0041660820
2021-05-25,-0.0112256886,-0.0099937335,-0.0137354352,0.0023254701,0.0105471145,-0.0002116611
2021-05-26,-0.0044142885,0.0253698264,-0.0062618388,0.0143211133,0.0072095449,-0.0239832040
2021-05-27,-0.0075545463,0.0173987785,-0.0152250563,0.0181354597,-0.0196342900,0.0144766259
2021-05-28,-0.0127405177,0.0224461785,-0.0023662524,0.0103545367,0.0076517455,0.0007056539
2021-05-31,0.0227468315,0.0106374902,0.0034824363,-0.0116597329,0.0151416132,-0.0370155003
2021-06-01,0.0127357666,0.0000474861,0.0063409065,0.0091280118,0.0140893725,0.0015783788
2021-06-02,-0.0140157456,0.0069592137,-0.0291956710,-0.0100885990,0.0048361964,-0.0021657555
2021-06-03,-0.0392056083,-0.0035580202,0.0070773141,-0.0208646156,-0.0270670080,-0.0031667965
2021-06-04,-0.0016017964,0.0077571918,-0.0515897705,0.0170590564,0.0339276076,0.0149995007
2021-06-07,0.0003837041,0.0106250410,-0.0057876486,-0.0036444330,0.0055212139,-0.0073035182
2021-06-08,0.0351899949,0.0011630895,-0.0105477500,0.0217246406,-0.0097598433,0.0098277444
2021-06-09,0.0052195772,0.0107602247,0.0080917412,-0.0276375449,0.0122944250,0.0138814411
2021-06-10,-0.0163070069,0.0386932224,-0.0003905549,0.0125805745,-0.0007601784,0.0037282177
2021-06-11,0.0045620483,0.0239437515,-0.0203300570,-0.0014798896,-0.0035102705,-0.0037952451
2021-06-14,0.0001782990,-0.0138756130,0.0105678027,0.0003354009,0.0146871369,-0.0154811304
2021-06-15,0.0118947996,-0.0121699093,-0.0078037839,-0.0049159318,-0.0125362776,-0.0135659468
2021-06-16,-0.0133437202,-0.0018409880,-0.0356480286,0.0118947937,0.0297754160,0.0122518710
2021-06-17,0.0143596173,-0.0086806488,-0.0069879594,0.0234501353,0.0059967222,-0.0048469060
2021-06-18,-0.0274178153,-0.0049095370,-0.0484432505,0.0117197435,-0.0014534778,-0.0160478110
2021-06-21,-0.0126309231,0.0023217265,0.0147253790,-0.0142813623,-0.0485521939,-0.0325125510
2021-06-22,-0.0018193371,-0.0086337836,0.0185873599,-0.0183869431,0.0064990583,-0.0052124796
2021-06-23,0.0150087162,0.0225206618,0.0017720529,0.0105010341,-0.0054619001,0.0182674182
2021-06-24,-0.0087802122,-0.0043241937,0.0036032080,0.0153571274,-0.0101230683,-0.0164818076
2021-06-25,-0.0032719364,-0.0018437311,-0.0024494112,-0.0032550402,0.0065203289,-0.0089858197
2021-06-28,0.0183067117,0.0029354826,0.0101980270,0.0018547446,0.0024348685,-0.0033446782
2021-06-29,-0.0051571497,0.0166174532,0.0000890637,0.0088333630,0.0000776378,-0.0086988241
2021-06-30,0.0172373196,-0.0033127751,-0.0060791807,0.0014917791,0.0039747500,0.0001147080
2021-07-01,-0.0000752936,0.0007214960,0.0026991111,-0.0071862096,0.0044855840,-0.0012473315
2021-07-02,0.0062725639,-0.0101851862,-0.0124692666,0.0053409499,-0.0123777364,-0.0071862118
2021-07-05,0.0077023166,-0.0105628332,0.0090492244,-0.0118128039,0.0050550269,-0.0010498061
2021-07-06,0.0054858393,0.0145557303,0.0063994667,0.0026438384,-0.0227625651,0.0096196117
2021-07-07,0.0006455513,-0.0004491062,-0.0127748233,0.0110057204,-0.0070817568,0.0065072642
2021-07-08,-0.0201209908,0.0109409806,0.0216949234,0.0029624541,-0.0121762074,0.0044040794
2021-07-09,0.0160606664,-0.0184345898,-0.0033874882,0.0037008830,-0.0055986720,0.0100896476
2021-07-12,-0.0003927771,0.0129155686,0.0006624268,-0.0014397112,0.0112735203,-0.0046027917
2021-07-13,0.0132554355,0.0041940894,-0.0228905136,-0.0385741110,0.0068831735,-0.0068419359
2021-07-14,0.0071171859,0.0254200555,-0.0232039013,0.0042395582,-0.0106001699,-0.0018822882
2021-07-15,-0.0124414870,0.0012681162,0.0208616251,-0.0027262930,-0.0031078791,-0.0140021067
2021-07-16,0.0317205930,-0.0088280233,-0.0048905932,0.0322257642,-0.0099185999,-0.0317630326
2021-07-19,0.0056454603,-0.0098401573,0.0114074097,-0.0072150502,0.0018831200,0.0087945504
2021-07-20,0.0376291894,0.0294764296,0.0041876763,-0.0041455312,-0.0028601026,-0.0005566662
2021-07-21,-0.0190461346,-0.0110713300,-0.0126764613,-0.0039515146,0.0094333897,-0.0073827244
2021-07-22,-0.0092269301,-0.0060275621,0.0031142811,0.0013128327,0.0175189280,-0.0136181955
2021-07-23,-0.0267037894,0.0014861142,-0.0043134757,-0.0193300443,0.0135719390,-0.0220125006
2021-07-26,0.0102190690,0.0036144579,-0.0235095619,-0.0030538105,0.0068242660,-0.0151566575
2021-07-27,0.0143135351,0.0248371062,-0.0196156514,0.0248169336,-0.0091706133,0.0163489404
2021-07-28,-0.0086318854,0.0111817912,0.0041852748,0.0254733756,-0.0149611944,0.0095643003
2021-07-29,0.0112616281,-0.0218539849,-0.0167884819,0.0007616593,-0.0096964196,0.0201200370
2021-07-30,-0.0323437838,-0.0027109802,0.0039818889,0.0086755038,0.0142514530,0.0125499181
2021-08-02,-0.0046886100,-0.0035261580,-0.0033575776,0.0277253471,0.0017282774,0.0102730500
2021-08-03,-0.0090495661,0.0099249819,-0.0032099631,0.0022450171,0.0171401324,0.0137550041
2021-08-04,-0.0182023094,0.0013626836,-0.0042486270,0.0013458660,-0.0113504196,0.0104505452
2021-08-05,0.0095916544,0.0043720521,-0.0110937976,0.0035189479,0.0138726024,-0.0080766898
2021-08-06,0.0212701351,0.0260899398,0.0013609688,-0.0052886613,0.0024588049,-0.0135842392
2021-08-09,0.0211139101,0.0085636209,0.0120869802,0.0040353483,0.0070010401,-0.0139861680
2021-08-10,0.0198327237,0.0424000164,0.0120377065,0.0165144821,-0.0084309892,-0.0058768334
2021-08-11,0.0173947702,-0.0147056429,-0.0235531464,-0.0183562838,0.0151287148,0.0456571172
2021-08-12,0.0167620080,-0.0063990016,0.0060352636,-0.0183174425,0.0059935316,0.0014159089
2021-08-13,-0.0198850423,-0.0063077521,-0.0020051191,0.0029878214,-0.0221418860,-0.0025138282
2021-08-16,-0.0211093331,0.0196016343,0.0133164979,-0.0155854892,0.0028061258,-0.0157750058
2021-08-17,-0.0440322289,0.0013394973,0.0097122121,-0.0261946618,0.0337983308,-0.0063137609
2021-08-18,-0.0040348551,0.0087731757,0.0030354638,-0.0192028855,0.0046113153,-0.0006956341
2021-08-19,-0.0175516756,-0.0184633409,0.0252844908,0.0089041624,-0.0251198123,0.0190272695
2021-08-20,-0.0140635118,-0.0027889493,0.0075942453,0.0208197164,0.0141400008,-0.0158689615
2021-08-23,0.0041462419,0.0153638328,-0.0064622173,0.0189061719,0.0092198282,0.0269527019
2021-08-24,0.0316393714,-0.0253268233,-0.0247189804,0.0142223423,-0.0242499337,0.0197268875
2021-08-25,0.0085895655,0.0096587644,-0.0242053838,0.0193498744,-0.0113270053,-0.0003678968
2021-08-26,-0.0011888143,-0.0093243342,0.0117748357,0.0057579597,-0.0142983874,0.0073192480
2021-08-27,0.0037021839,0.0093510506,-0.0226982941,0.0062158084,0.0083123369,-0.0020662078
2021-08-30,-0.0108243313,-0.0088359917,0.0127303794,0.0285879421,0.0102767159,-0.0050283860
2021-08-31,-0.0102805236,0.0139154177,-0.0152822824,-0.0315257953,-0.0026666654,-0.0351103916
2021-09-01,-0.0049528623,-0.0208717425,-0.0351509506,0.0295674471,0.0179215112,-0.0042058797
2021-09-02,0.0034656145,-0.0093405844,0.0007221917,-0.0151335118,0.0134580656,-0.0016833815
2021-09-03,-0.0266006217,-0.0212211268,-0.0058536097,0.0325330306,-0.0224136935,-0.0132622595
2021-09-06,0.0397822862,0.0083332845,0.0073117838,-0.0349866282,0.0170034678,0.0019627329
2021-09-07,0.0383486004,0.0061582626,0.0265375955,-0.0045483999,-0.0016195319,0.0064043375
2021-09-08,-0.0119809701,0.0082601166,0.0086788885,0.0052379015,0.0174846897,0.0147279360
2021-09-09,0.0017222894,0.0058265537,0.0108746829,-0.0002975237,-0.0116927403,0.0019873651
2021-09-10,-0.0187661467,0.0088113794,-0.0162736333,-0.0236475159,0.0076668244,-0.0143823858
2021-09-13,0.0030723288,-0.0089507405,0.0068623390,0.0160737435,0.0063089230,0.0083361558
2021-09-14,-0.0104657688,0.0012348226,-0.0063274068,0.0065733074,-0.0266362284,0.0004553983
2021-09-15,-0.0055757638,0.0070623333,0.0029398573,-0.0163580540,-0.0069544260,-0.0102967339
2021-09-16,-0.0181270004,-0.0046450880,0.0052994168,0.0065237812,0.0012035753,-0.0045153372
2021-09-17,-0.0025541705,0.0010522029,-0.0053356533,-0.0218222160,0.0093134656,0.0168110135
2021-09-20,-0.0046872378,-0.0082145752,0.0011771360,-0.0074284813,-0.0065868944,0.0050106623
2021-09-21,0.0047588529,0.0097133406,0.0036366371,0.0150938230,0.0029900466,-0.0033606406
2021-09-22,-0.0060462464,-0.0032139778,0.0002222482,0.0079271805,-0.0018904973,-0.0100843596
2021-09-23,-0.0102666489,-0.0089736583,0.0013752608,0.0086918194,0.0168443424,0.0112927641
2021-09-24,0.0018663502,0.0188377804,0.0021194758,0.0148371925,0.0041678511,0.0078373233
2021-09-27,0.0214136209,0.0029036550,-0.0125333587,0.0002798971,0.0052892484,0.0075833703
2021-09-28,-0.0065676528,0.0106828576,-0.0057606905,-0.0026246768,-0.0146692141,-0.0046382066
2021-09-29,0.0055576002,0.0209328190,-0.0040299061,-0.0022881690,-0.0066331731,-0.0103538145
2021-09-30,0.0038658444,0.0119625301,0.0155146561,-0.0025136895,0.0092931411,0.0032891018
2021-10-01,-0.0045611756,-0.0194166800,0.0129575050,-0.0113265094,-0.0097713112,-0.0216610923
2021-10-04,-0.0047453672,-0.0192997665,-0.0076001961,0.0137234491,0.0053568791,-0.0087977241
2021-10-05,0.0019362955,-0.0056196961,-0.0019131283,-0.0131992627,0.0051748758,-0.0017455745
2021-10-06,-0.0086416496,0.0018453245,0.0165373731,0.0035669548,-0.0093688325,0.0081802719
2021-10-07,0.0031061253,0.0005662805,0.0105840592,0.0009310382,-0.0005079356,-0.0006927678
2021-10-08,0.0046490135,0.0085706344,0.0077323659,-0.0029744924,0.0043165398,0.0175398636
2021-10-11,0.0097431710,0.0094497025,0.0006953428,-0.0067929446,0.0077423543,-0.0020492877
2021-10-12,-0.0246840110,0.0040362511,-0.0128559407,0.0130184320,-0.0011627773,0.0069490286
2021-10-13,0.0043387275,0.0019388831,-0.0071080005,0.0032484306,0.0110969971,0.0030866657
2021-10-14,-0.0150549021,0.0011063425,-0.0236535313,0.0082662344,-0.0042823357,-0.0073515283
2021-10-15,-0.0009249905,-0.0164004905,-0.0140692748,-0.0105114897,-0.0038570696,-0.0021291043
2021-10-18,0.0001275464,0.0072594441,0.0123681925,-0.0114618925,0.0073574614,-0.0012570826
2021-10-19,0.0070318846,0.0117495150,0.0021107776,0.0094911524,0.0072052715,0.0081449700
2021-10-20,0.0122398693,0.0069745690,0.0080619297,0.0007750715,0.0063021521,-0.0091146929
2021-10-21,0.0102832831,-0.0036043625,-0.0191329062,0.0092766822,-0.0073298541,0.0015644599
2021-10-22,-0.0056988920,-0.0121901083,0.0002530572,0.0032509922,-0.0043576474,0.0079575828
2021-10-25,0.0173358218,0.0052726646,0.0033086114,-0.0048703117,-0.0065809383,-0.0188011328
2021-10-26,0.0050101738,-0.0151861804,0.0053316762,0.0044625803,0.0111292046,-0.0096497238
2021-10-27,0.0013183689,0.0086679614,0.0140948352,0.0050104982,0.0041170303,0.0212412303
2021-10-28,0.0088082026,-0.0060692722,0.0021608619,0.0163998248,-0.0041686070,-0.0161522161
2021-10-29,0.0028613281,-0.0049248447,0.0180681136,0.0109409024,-0.0112112601,-0.0158232254
2021-11-01,0.0062675385,0.0009797534,0.0002023303,0.0020534894,0.0036630676,0.0026513265
2021-11-02,-0.0018958064,0.0161807721,0.0037076267,-0.0245095480,-0.0137122486,-0.0056985853
2021-11-03,-0.0016959583,0.0118224727,0.0010156586,-0.0114571900,-0.0002635128,-0.0101756110
2021-11-04,-0.0007011318,0.0051137257,-0.0079203154,-0.0010599618,-0.0034053232,0.0048591270
2021-11-05,0.0118237896,0.0201559555,0.0095443194,-0.0122373147,0.0317074165,0.0143441488
2021-11-08,-0.0094670019,0.0005926091,0.0097232166,-0.0102451738,-0.0067809563,-0.0019573341
2021-11-09,0.0030649544,-0.0069054413,0.0028471092,0.0100930572,0.0045304617,0.0033651962
2021-11-10,-0.0041082622,0.0055037418,0.0093829794,0.0035800016,-0.0007947559,0.0077749314
2021-11-11,0.0052659359,0.0160679106,0.0094195466,0.0033247322,0.0123108874,0.0184490793
2021-11-12,-0.0042965947,-0.0004557153,0.0027564273,0.0122572787,0.0106606271,0.0146752787
2021-11-15,-0.0044051451,0.0108469796,-0.0087187274,0.0062156007,-0.0005636448,0.0110476475
2021-11-16,-0.0054488521,-0.0078314995,-0.0171751738,-0.0079620839,0.0177390019,0.0158829090
2021-11-17,0.0152454426,-0.0005260441,0.0272071875,0.0060741995,-0.0001372314,-0.0012263353
2021-11-18,0.0047920267,0.0087969974,0.0160624194,-0.0015791451,-0.0245220927,0.0123718858
2021-11-19,0.0115458141,-0.0146390498,0.0047783822,0.0015226038,0.0062839674,0.0076286027
2021-11-22,0.0136442708,0.0083993274,0.0059438572,0.0053720834,0.0033819571,-0.0084359592
2021-11-23,-0.0095416519,0.0044800498,0.0216238466,0.0004413664,-0.0005661980,0.0148364570
2021-11-24,0.0000029873,-0.0040071036,0.0157118569,-0.0070094454,-0.0107446702,0.0015973106
2021-11-25,-0.0027217907,-0.0007598085,-0.0042051880,0.0017734754,-0.0223740107,0.0018796778
2021-11-26,0.0019125530,0.0048527040,0.0120845522,0.0121107330,0.0040109249,0.0034162028
2021-11-29,-0.0139061292,0.0004917116,-0.0166479650,-0.0084336142,0.0077028665,0.0158318871
2021-11-30,0.0061471704,0.0008296865,-0.0086136631,0.0083157956,0.0074928335,0.0151147689
2021-12-01,0.0109937450,0.0077502610,0.0025634527,-0.0006099240,0.0077307241,-0.0121858587
2021-12-02,0.0060039297,0.0031997318,-0.0038424010,-0.0113484916,-0.0106368854,-0.0083262188
2021-12-03,0.0149590594,0.0012941130,-0.0077045500,0.0056137624,0.0201464561,-0.0082787916
2021-12-06,-0.0046316566,-0.0055908370,-0.0032324096,-0.0010414768,0.0084416602,-0.0037025069
2021-12-07,-0.0054448627,0.0127806366,-0.0072703112,-0.0017555798,0.0108479027,0.0097904413
2021-12-08,0.0005063415,0.0151319091,-0.0143125648,0.0038821586,-0.0077434093,-0.0047470427
2021-12-09,-0.0005986719,0.0053142662,0.0130473778,0.0134974091,0.0116481584,0.0062408902
2021-12-10,-0.0072238242,-0.0075517365,-0.0026529551,-0.0110276152,0.0127703922,0.0298934585
2021-12-13,0.0023254201,-0.0006557632,-0.0134339740,0.0167486632,0.0157058627,0.0031237318
2021-12-14,-0.0123883694,-0.0116957454,-0.0094654396,-0.0143375562,0.0031699356,0.0119019249
2021-12-15,-0.0051626778,0.0083459055,-0.0040377931,0.0116295625,-0.0028674232,-0.0053823368
2021-12-16,0.0162476293,0.0032963312,0.0074636150,0.0034178734,0.0174308172,0.0042838994
2021-12-17,-0.0028098743,0.0083484530,0.0002609753,0.0051109910,-0.0117078904,0.0063435682
2021-12-20,-0.0013135599,0.0007852713,-0.0155783656,-0.0001253601,0.0025211034,-0.0003292618
2021-12-21,0.0160391084,0.0076091974,0.0199239513,0.0033269205,-0.0011116454,0.0095626969
2021-12-22,-0.0302125745,0.0136023751,-0.0031011204,-0.0112508414,-0.0042751968,-0.0047269318
2021-12-23,-0.0024520386,-0.0054898668,-0.0356434109,0.0079590878,-0.0015031299,-0.0118724265
2021-12-24,0.0269517398,0.0044017424,-0.0191710798,-0.0040426651,-0.0017095311,-0.0000505459
2021-12-27,-0.0156553650,0.0097575841,-0.0099924827,-0.0258728196,0.0031544162,-0.0163765118
2021-12-28,-0.0111261647,-0.0122778643,-0.0032795148,-0.0079778543,-0.0568682843,0.0053359047
2021-12-29,-0.0367379014,-0.0011837559,-0.0178760890,-0.0425180447,-0.0321912459,-0.0038294438
2021-12-30,-0.0617218693,-0.0411544856,-0.0202435615,0.0379675770,-0.0361456605,-0.0135505952
2021-12-31,0.0231628094,-0.0111839535,-0.0036487022,0.0025068382,-0.0085624797,0.0238249711
2022-01-03,-0.0251136888,-0.0287194388,-0.0140439963,-0.0191983369,-0.0503766099,-0.0151290541
2022-01-04,0.0148804082,-0.0189127293,-0.0251215552,-0.0029656063,0.0232945135,-0.0128654255
2022-01-05,-0.0259842605,-0.0086764169,0.0060984189,0.0093546408,-0.0166255570,-0.0102957257
2022-01-06,-0.0100571318,0.0096123861,0.0066070796,-0.0023928644,0.0287465797,-0.0010662081
2022-01-07,-0.0204561315,-0.0428523146,-0.0152583412,0.0137257621,-0.0073726074,-0.0062519423
2022-01-10,-0.0102904792,0.0082826224,0.0027941735,0.0032800763,0.0174639528,0.0119549365
2022-01-11,0.0088654416,0.0029497059,0.0012576347,-0.0052013507,-0.0597101323,-0.0506460324
2022-01-12,0.0040993708,-0.0011887392,0.0342123713,0.0123976004,0.0384834203,-0.0071985534
2022-01-13,-0.0183936096,0.0045473614,-0.0103238273,-0.0129437287,-0.0382917786,-0.0159713641
2022-01-14,-0.0025128527,0.0233220507,0.0213003567,0.0097650446,0.0067617554,-0.0013961529
2022-01-17,0.0145539833,-0.0416254832,-0.0001077076,-0.0247067303,-0.0111643561,-0.0190872503
2022-01-18,-0.0310501498,-0.0176852727,-0.0419764410,0.0042609477,-0.0127759253,-0.0133257447
2022-01-19,-0.0035972020,-0.0434334227,-0.0320362858,-0.0356771774,-0.0497715209,-0.0249327746
2022-01-20,0.0170224151,-0.0279665064,-0.0025141422,0.0352894777,0.0080407127,-0.0011717867
2022-01-21,-0.0086661878,-0.0284985891,0.0077745216,0.0170440089,-0.0313379816,-0.0282367016
2022-01-24,0.0051653597,-0.0202242141,-0.0186913237,-0.0180554601,-0.0063365624,-0.0298984711
2022-01-25,-0.0272536991,0.0175353696,0.0072215773,0.0134189622,0.0049889896,0.0126245723
2022-01-26,0.0065441722,-0.0120485736,-0.0171119755,-0.0271611459,-0.0335527936,-0.0426872281
2022-01-27,-0.0018371330,-0.0014349699,0.0031158774,0.0023766634,0.0009892963,-0.0075041014
2022-01-28,-0.0012600783,0.0192624202,-0.0055086364,0.0024352524,0.0096584057,0.0016269098
2022-01-31,-0.0033946505,-0.0016441872,-0.0183075288,-0.0109532416,-0.0189613021,-0.0094292436
2022-02-01,0.0025241294,0.0195132160,-0.0150494173,0.0037379340,-0.0165802211,0.0064665615
2022-02-02,0.0086216697,0.0011675526,0.0138779039,0.0114199252,0.0148743076,-0.0137062768
2022-02-03,0.0016414133,-0.0157526485,0.0098370910,0.0030370680,-0.0098326555,-0.0309042305
2022-02-04,0.0018634272,-0.0097265253,0.0017659725,-0.0001501594,-0.0082093805,0.0017030121
2022-02-07,0.0129997773,0.0155243246,-0.0173982597,0.0051066871,-0.0067839757,-0.0012934201
2022-02-08,-0.0094859099,0.0156363587,-0.0092839620,0.0015031740,-0.0041731523,-0.0155040186
2022-02-09,0.0137827234,-0.0036960233,-0.0193454977,-0.0013491352,-0.0033801960,0.0235069306
2022-02-10,0.0018022725,-0.0137974961,-0.0056303566,0.0092783897,0.0139256559,0.0174816113
2022-02-11,-0.0080247757,0.0297209339,0.0217579664,0.0099013533,0.0077987945,-0.0070477373
2022-02-14,0.0180868122,0.0058218764,-0.0445135030,-0.0136037505,-0.0046436563,-0.0119808859
2022-02-15,0.0079031939,0.0112129087,0.0045595049,0.0184337227,0.0029824923,0.0065008121
2022-02-16,-0.0186076195,-0.0253104904,-0.0142724584,-0.0278205863,-0.0075289298,0.0044217803
2022-02-17,0.0164649560,-0.0072822260,-0.0098070755,0.0200543646,-0.0092453100,0.0137310289
2022-02-18,0.0059443825,-0.0123416737,0.0054463425,0.0024707383,0.0074148110,-0.0279402528
2022-02-21,-0.0064826079,0.0125574777,-0.0141478431,-0.0135398491,0.0119645292,0.0026819945
2022-02-22,-0.0038064150,-0.0114900357,0.0271621701,0.0150966977,0.0162844797,0.0218385594
2022-02-23,-0.0169626532,0.0078935602,-0.0099230431,-0.0070833367,-0.0098400594,-0.0050116152
2022-02-24,0.0124840939,0.0066762007,0.0107687058,0.0012314651,0.0000314968,0.0070348516
2022-02-25,0.0089245039,-0.0017369142,-0.0023866268,0.0287886803,-0.0098220300,0.0000317804
2022-02-28,0.0383206958,0.0002224468,-0.0070933256,-0.0271193146,0.0008469423,-0.0012214237
2022-03-01,0.0017603728,0.0282957371,-0.0182727649,0.0028560572,0.0019423451,-0.0068057374
2022-03-02,-0.0007887715,0.0124013351,0.0035687880,0.0040309805,0.0046334699,0.0168583377
2022-03-03,-0.0084252984,-0.0170442342,0.0042311658,-0.0050267088,-0.0119018851,0.0000044898
2022-03-04,0.0173055749,0.0298339290,0.0326034512,-0.0131285109,0.0186480992,0.0265916073
2022-03-07,-0.0169923788,-0.0073940249,-0.0180726551,0.0098974498,-0.0146976582,-0.0216541610
2022-03-08,0.0457723518,-0.0325248371,-0.0326852052,0.0215597577,0.0024398149,-0.0001473406
2022-03-09,-0.0035593042,0.0074152376,-0.0088959090,-0.0093611965,-0.0130628934,0.0097243870
2022-03-10,0.0177540000,-0.0437535106,-0.0163082956,-0.0215084894,0.0063951103,0.0152580006
2022-03-11,0.0052114036,-0.0065933866,0.0161263740,0.0170292810,0.0117468096,0.0031100024
2022-03-14,-0.0116981476,-0.0085664083,-0.0105420546,-0.0059472127,0.0080158969,-0.0190151213
2022-03-15,0.0192969522,0.0265248703,0.0108108837,-0.0036801154,0.0151638236,-0.0144897553
2022-03-16,-0.0255191279,-0.0146442670,-0.0239946866,-0.0194054587,0.0036150411,0.0044146836
2022-03-17,-0.0127858966,0.0085638670,-0.0078256109,-0.0003561558,-0.0079216591,-0.0036450691
2022-03-18,0.0188020840,0.0211774383,0.0293263184,-0.0041714104,0.0045473950,0.0043351746
2022-03-21,-0.0079240232,0.0309514465,0.0333993861,0.0040634895,-0.0238765987,0.0250199178
2022-03-22,0.0028652487,0.0080860398,0.0069242519,-0.0027030338,-0.0123538491,-0.0011454717
2022-03-23,-0.0168724198,0.0078790691,-0.0130522761,0.0005223176,0.0190513492,-0.0023002813
2022-03-24,-0.0210126412,-0.0028593239,-0.0061101830,0.0001573153,0.0200809756,0.0104403095
2022-03-25,-0.0075638492,0.0268658493,0.0086446169,0.0099132847,0.0105871451,-0.0242630574
2022-03-28,-0.0093820087,-0.0111476308,0.0052543068,0.0225374825,-0.0062827218,-0.0120608114
2022-03-29,0.0168669224,-0.0197374165,-0.0028980294,0.0150382942,0.0078320887,-0.0140389213
2022-03-30,-0.0176603291,0.0128561176,0.0134305284,0.0019834041,-0.0044222535,0.0112287673
2022-03-31,0.0289642818,-0.0018717634,-0.0030409864,-0.0074041295,0.0023706924,-0.0244683171
2022-04-01,-0.0209643911,-0.0032965901,-0.0141369315,-0.0186658494,-0.0027199818,0.0065164316
2022-04-04,-0.0139665411,-0.0165771107,-0.0188608073,-0.0017856688,0.0170553471,-0.0050292399
2022-04-05,-0.0057119886,0.0201736952,0.0085498564,0.0065092173,0.0173214607,0.0193395229
2022-04-06,0.0117660640,-0.0265222272,-0.0033750978,-0.0121026406,0.0242557940,-0.0024661476
2022-04-07,-0.0050197974,-0.0322674871,0.0010985126,0.0110632642,-0.0120119335,-0.0135047462
2022-04-08,0.0317527574,-0.0108460720,-0.0044985289,0.0153634455,0.0152873723,-0.0152687488
2022-04-11,0.0193955188,0.0116038984,-0.0023037853,-0.0121794920,-0.0048493696,0.0350147293
2022-04-12,-0.0101087077,0.0001333631,0.0006408396,0.0150823538,-0.0159984718,0.0463607325
2022-04-13,-0.0209183416,0.0067891176,0.0370174809,0.0127373787,-0.0044519183,0.0214584062
2022-04-14,0.0154089276,-0.0006492869,0.0156528385,0.0019211884,0.0223186850,-0.0229949863
2022-04-15,-0.0187335465,0.0196217434,-0.0044966965,-0.0316456905,-0.0131639067,0.0349242177
2022-04-18,0.0095740101,0.0176776538,-0.0045659980,0.0173742959,0.0021876222,0.0125643521
2022-04-19,0.0078947279,0.0007047429,0.0114572262,-0.0022683760,-0.0112745901,0.0225415093
2022-04-20,-0.0172335911,-0.0028036631,-0.0226025362,-0.0026571561,-0.0176735439,-0.0146258553
2022-04-21,-0.0117255793,0.0243825466,-0.0042114837,-0.0211782266,0.0164255613,-0.0038667539
2022-04-22,0.0059868292,0.0071381279,-0.0057173716,0.0013079751,0.0135540150,0.0197931145
2022-04-25,-0.0101934852,-0.0285806707,0.0235318218,0.0206045426,0.0146313041,0.0011753744
2022-04-26,-0.0054238384,-0.0211187259,-0.0039911707,0.0222151459,0.0105254337,0.0070132397
2022-04-27,-0.0186981712,-0.0087235438,0.0138088916,-0.0062248612,-0.0368570696,-0.0165580187
2022-04-28,0.0079302390,0.0020224135,0.0224690886,0.0241778006,0.0131228604,0.0033457738
2022-04-29,-0.0019812987,0.0224880681,-0.0059841274,0.0062593531,0.0129048972,0.0177119510
2022-05-02,0.0102098291,-0.0128700468,-0.0244483195,-0.0126437721,-0.0115412850,0.0126212518
2022-05-03,0.0198111798,0.0294249296,-0.0268157592,0.0170566983,-0.0129346793,0.0093773085
2022-05-04,-0.0055168324,0.0046934583,-0.0146604176,-0.0202927145,0.0033052867,0.0212816175
2022-05-05,0.0087887796,0.0105602468,-0.0042374669,0.0060616216,-0.0243993222,-0.0132643418
2022-05-06,-0.0124729691,-0.0070901721,0.0020522837,0.0072798859,0.0054416409,-0.0126893763
2022-05-09,-0.0009663282,0.0001290438,0.0029945405,0.0171549527,0.0026958735,-0.0107588620
2022-05-10,-0.0071363903,0.0119430604,0.0070975633,-0.0051944828,0.0034507136,0.0079133952
2022-05-11,-0.0048458612,-0.0120052170,-0.0078048099,0.0047851828,-0.0110037269,0.0101811394
2022-05-12,0.0115710250,0.0040000225,0.0064298227,0.0057490496,-0.0049773699,-0.0036636330
2022-05-13,0.0056911817,-0.0044366218,0.0079526789,0.0033576435,-0.0006320686,-0.0070945676
2022-05-16,-0.0008727483,-0.0198147499,0.0031580526,-0.0189484486,0.0000595258,-0.0134345683
2022-05-17,0.0124120044,-0.0023997204,0.0095906021,0.0002056561,-0.0011093922,0.0142191475
2022-05-18,0.0089162859,0.0044947579,0.0119509726,-0.0041291114,-0.0043931152,0.0157280616
2022-05-19,0.0057035691,0.0037601440,-0.0003253728,-0.0121425316,0.0056505402,0.0053722076
2022-05-20,0.0120228027,0.0117480963,0.0052249281,-0.0023865350,-0.0190560613,-0.0006253428
2022-05-23,0.0058779916,0.0049494609,-0.0040237609,0.0223062375,-0.0024476314,-0.0154547071
2022-05-24,-0.0058105388,0.0077976177,0.0090975004,0.0081956545,0.0033941879,0.0007968107
2022-05-25,0.0100172864,-0.0065428104,-0.0019925933,0.0036084706,0.0045543797,0.0153070367
2022-05-26,0.0248924149,0.0217710877,0.0138074816,0.0015554324,0.0320364728,0.0083198755
2022-05-27,-0.0023896464,0.0015086539,-0.0055476207,0.0020161777,0.0128438096,-0.0078242028
2022-05-30,-0.0160862831,0.0119357476,-0.0209197138,0.0168469770,0.0032299305,-0.0207495601
2022-05-31,0.0062316603,-0.0127771657,-0.0253234768,-0.0054408499,-0.0086102161,-0.0097806190
2022-06-01,-0.0021525052,0.0119919416,0.0091567313,-0.0168999399,0.0056811111,0.0022113336
2022-06-02,0.0002767579,0.0132804415,-0.0166739525,-0.0023790911,0.0268137523,-0.0128143922
2022-06-03,0.0041144573,-0.0105828975,0.0175238855,0.0044841434,-0.0083068587,0.0047487287
2022-06-06,-0.0123328966,0.0006429711,-0.0047938289,-0.0128354156,0.0011053147,-0.0091962380
2022-06-07,-0.0159089013,-0.0202455629,-0.0066651980,0.0098599619,0.0112634324,-0.0009604838
2022-06-08,-0.0014110806,-0.0101152165,0.0013675077,0.0332331023,-0.0078424307,-0.0050902176
2022-06-09,0.0248645512,0.0059739923,-0.0009344849,0.0031548358,-0.0344018329,0.0069633743
2022-06-10,0.0283899649,0.0333041182,-0.0007656430,0.0027484079,0.0125369595,0.0092308927
2022-06-13,-0.0013635931,-0.0199117041,0.0409039215,-0.0038023586,0.0126633573,-0.0243943664
2022-06-14,-0.0028834209,0.0106766893,0.0058505306,0.0015927758,-0.0053649394,0.0163516971
2022-06-15,0.0170792743,-0.0011771680,0.0151132094,-0.0106808168,-0.0057753398,-0.0179595180
2022-06-16,0.0001346547,-0.0065153930,0.0010172481,0.0092578431,0.0113944552,0.0085490323
2022-06-17,0.0090215365,-0.0103446868,-0.0036956526,0.0079372002,-0.0027650557,-0.0015371271
2022-06-20,0.0042714499,-0.0110474432,-0.0033772093,-0.0177607541,0.0006840885,0.0117177544
2022-06-21,0.0151169462,0.0003186405,-0.0055355519,0.0024757964,0.0091712508,0.0149652996
2022-06-22,0.0048794086,-0.0019741104,0.0029638945,0.0202567858,-0.0049823936,-0.0066210777
2022-06-23,0.0118380841,0.0022603664,-0.0105322723,-0.0040892900,0.0126195535,0.0025806050
2022-06-24,-0.0027304333,-0.0120268243,0.0192110514,-0.0004216024,0.0050197841,-0.0018911367
2022-06-27,0.0156209240,-0.0097480370,-0.0051291237,0.0017505880,-0.0096132998,-0.0036182531
2022-06-28,-0.0040418875,0.0010441270,-0.0075972625,-0.0016315785,0.0040251932,0.0112195026
2022-06-29,0.0050284426,-0.0039370715,0.0089170628,-0.0004664480,0.0095936269,0.0016890174
2022-06-30,0.0166958779,0.0137627494,0.0160601945,0.0033646767,0.0052142722,0.0017801515
2022-07-01,-0.0027258129,0.0048289717,0.0115586296,0.0023823718,0.0014836804,-0.0043754173
2022-07-04,-0.0105853468,-0.0022951968,-0.0010373299,0.0044946483,0.0189004326,-0.0032797121
2022-07-05,0.0033436278,-0.0011255978,0.0052432511,0.0051477281,0.0140357584,-0.0011847399
2022-07-06,-0.0078662326,0.0018902108,0.0006288686,-0.0061146721,-0.0064397586,-0.0046355684
2022-07-07,-0.0091236996,-0.0004999557,-0.0067835975,-0.0050485403,0.0006738463,-0.0192849070
2022-07-08,0.0086549985,-0.0104840812,0.0118362742,0.0066954668,-0.0144997654,0.0064990356
2022-07-11,0.0128629178,0.0059313447,0.0034417291,0.0026421393,-0.0032491205,-0.0034462425
2022-07-12,0.0084281819,0.0017379754,-0.0044167591,0.0113017491,0.0127653585,-0.0018277806
2022-07-13,0.0076182415,-0.0044979964,-0.0005588742,0.0212929200,0.0034485806,0.0047191619
2022-07-14,-0.0070263485,0.0225022469,0.0041399402,0.0062028024,0.0048474872,-0.0072370658
2022-07-15,-0.0027688990,-0.0029578120,0.0191931598,-0.0007531912,-0.0026144434,0.0125843138
2022-07-18,-0.0141636934,0.0128522780,-0.0036555689,0.0023462516,-0.0016577514,0.0122289759
2022-07-19,0.0057934586,0.0098671055,-0.0069092421,-0.0059680096,-0.0088797283,-0.0278118672
2022-07-20,0.0082194288,-0.0227670143,-0.0070355818,0.0201376980,0.0074188666,0.0054571235
2022-07-21,0.0006479830,0.0056831329,0.0038488342,-0.0019779409,0.0033072908,0.0007839821
2022-07-22,0.0075774350,0.0096320627,-0.0011539344,0.0058876027,0.0014778356,0.0122930236
2022-07-25,0.0107985606,0.0199525364,0.0082719553,-0.0002635828,0.0034506916,0.0059264855
2022-07-26,-0.0073571362,0.0061429460,0.0030558144,0.0012238544,-0.0010517555,0.0037635482
2022-07-27,0.0047997711,-0.0035511387,-0.0012423617,-0.0152022317,0.0149493558,-0.0067890597
2022-07-28,0.0114582194,0.0035063329,0.0125891886,0.0002032882,-0.0047736789,-0.0022134308
2022-07-29,-0.0070360423,0.0089580554,-0.0021445785,0.0084725144,-0.0016531628,0.0053769679
2022-08-01,0.0159126874,0.0079986072,-0.0103642993,-0.0227740605,-0.0002208962,0.0089231948
2022-08-02,-0.0052063105,0.0026541073,-0.0051019506,0.0125661318,-0.0024511256,0.0028674371
2022-08-03,0.0047439500,0.0001403000,0.0014683202,0.0062862388,0.0198938709,0.0023604197
2022-08-04,-0.0017764924,0.0053368394,0.0172240790,0.0047813362,0.0129675128,0.0043371977
2022-08-05,-0.0019244022,-0.0153870360,0.0066859993,-0.0026957527,0.0107322304,-0.0005371733
2022-08-08,-0.0043143142,-0.0110454925,0.0049786987,0.0089838175,0.0141338560,0.0023410385
2022-08-09,0.0019213607,0.0017935423,-0.0103121117,0.0000433592,-0.0093227399,0.0018827833
2022-08-10,0.0047649609,0.0116092144,0.0083516723,0.0008820033,-0.0057079924,0.0000631028
2022-08-11,0.0003343525,-0.0067488543,0.0102277236,0.0183945479,-0.0034071758,-0.0096112598
2022-08-12,-0.0055968817,0.0110769471,0.0156213560,-0.0184530298,-0.0072680355,0.0113923404
2022-08-15,0.0000627578,0.0101554695,0.0142911771,0.0037673937,-0.0072661650,0.0053435502
2022-08-16,-0.0078011463,0.0054874826,0.0007281905,0.0119182906,0.0161500571,-0.0051610653
2022-08-17,0.0031677128,0.0031604680,-0.0062080390,0.0010398555,0.0149194951,-0.0055774347
2022-08-18,0.0130635286,-0.0112908212,-0.0138632551,-0.0226994424,-0.0126307425,-0.0053648179
2022-08-19,0.0020434620,-0.0083301234,-0.0011980035,-0.0114584430,0.0083675659,0.0147982172
2022-08-22,-0.0003737641,-0.0045804041,0.0280241093,-0.0148541979,-0.0020585538,0.0085318028
2022-08-23,0.0019681004,0.0168110229,0.0054190092,-0.0232559298,-0.0003908378,-0.0034272045
2022-08-24,-0.0092806872,0.0089202410,0.0042677069,-0.0090271908,-0.0012556811,0.0054939681
2022-08-25,-0.0064168039,-0.0030962341,0.0240341333,0.0004598062,0.0017894476,0.0050319308
2022-08-26,-0.0053683535,0.0008056075,-0.0003506755,0.0038739497,-0.0041816145,0.0120537672
2022-08-29,0.0136219558,-0.0019472644,-0.0002046326,-0.0020065515,0.0071743267,0.0074657150
2022-08-30,0.0032861505,-0.0057739067,0.0101458791,-0.0063275144,0.0166321654,-0.0052336242
2022-08-31,0.0102989358,-0.0093244697,-0.0113794992,0.0037560753,0.0224362349,-0.0137872507
2022-09-01,0.0095007767,-0.0163888163,0.0005115287,-0.0092480159,-0.0132794982,0.0067574152
